INCIDENTE,FOLIO,REFERENCIA,OBS USUARIO,EMPRESA,ÁREA,DILACIÓN DÍAS,CENTRAL,TIPO SERVICIO,DIR PTA A,PUNTA A,CTRO TRABAJO,DESC F1,OBSERVACIONES SISA,DESC COD4,DESC CARLS,DESC COD5,TÉCNICO ASIGNADO,TELÉFONO TECNICO,IPS,FECHA INGRESO,ESTATUS I/O,COPE,RED SECUNDARIA,DSLAM,ESTATUS QP,CVE LIQ,DESC LIQ,LEYENDA SISA,OQU
,12578004,TKS-0909-0152,CT SAN PEDRO | CTL PINOS | ALARMA A ULTIMA MILLA,SERVICIOS INCORPORADOS MULTIPLES,PUEBLA,10,LOS PINOS,ENLACES,Clle Guerrero 84 COL La Trinidad Sanctorum C.P 72730,HEROICA PUEBLA DE ZARAGOZA,,FUERA DE SERVICIO,CT SAN PEDRO | CTL PINOS | ALARMA A ULTIMA MILLA,,,,JUAN CARLOS HERNANDEZ MUNOZ,2222299341,,2026-08-31 13:00:06,,,,,,,,,JUDITH DIAZ LOZANO
,12586093,2291952633,PENDIENTE,UNINET,VERACRUZ,8,,BASICO,,,,FUERA DE SERVICIO,En diagnostico por CENTRO ATN Y SERV. PUEBLA  DIAGNOSTICADO POR: TFA: REYES ISRAEL Tel: 2222299337 - S/E 02/09/26 18:59:11  DIAGNOSTICO: HERRAMIENTAS: AWS,,,,PLACIDO HUERTA RAMIREZ,2222299384,,2026-09-02 18:46:06,,,,VERHFRM01017FRM2001F,,,,,PUEBLA OPERADORA TRANS
,12586151,2288189553,VALIDAR,ABARROTES FASTI SA DE CV,JALAPA,8,,BASICO,,,,DATOS,En diagnostico por CENTRO ATN Y SERV. PUEBLA  DIAGNOSTICADO POR: RMA: NOLASCO JORGE RAMON Tel: 0000026260 - S/E 02/09/26 19:18:19  DIAGNOSTICO: HERRAMIENTAS: NO SE APLICO HER,,,,PILAR FELICIA FLORES GONZALEZ,2222299312,,2026-09-02 19:12:06,UP,SBR - SAN BRUNO,JAL0022FOA8 - 2,VERAJAL05067JAL0022F,CERRADA,331,RECONSTRUCCION TOTAL,VSI,PUEBLA OPERADORA TRANS
,12586347,9212107275,VALIDAR,OPERADORA VIPS,COATZACOALCOS,8,,BASICO,,,,DATOS,LIQ,,326 Cordon acomet. Opt.,,LUIS ALBERTO SERRANO CAMARILLO,2222299350,,2026-09-02 22:24:06,UP,COZ - CT COATZACOALCOS,SIB0093FOA2 - 7,VERHPTR01094SIB0093F,CERRADA,326,CORDON ACOMET OPTICO,VSI,MARISOL MONTOYA HERNANDEZ
,12586802,2221798871,VALIDAR,MERIK S A DEC V,PUEBLA,7,,BASICO,PRL 11 SUR 14101 - D COL. JARDINES DE SAN RAMON HEROICA PUEBLA DE ZARAGOZA PU C.P. 72498 ENT,PUEBLA,,FUERA DE SERVICIO,En diagnostico por CENTRO ATN Y SERV. PUEBLA  DIAGNOSTICADO POR: TFA: RUIZ LUIS ENRIQUE Tel: 0123456789 - S/E 03/09/26 08:39:49  DIAGNOSTICO: S/S  HERRAMIENTAS: REACT-2000,,,,LUIS ENRIQUE RUIZ PEREZ,2222299334,,2026-09-03 08:17:06,UP,MAO - CT GUADALUPE (MAYORAZGO),,,CERRADA,121,MODEM,,PUEBLA OPERADORA TRANS
,12586814,7731008311,PENDIENTE,TELEFONOS DE MEXICO,PACHUCA,7,,BASICO,"AVE CENTRAL 3, PARQUE INDUSTRIAL TEPEJI TEPEJ ORIENTE 3 CP: 42884 TEPEJI DE OCAMPO CP:42884",HG,TM,FUERA DE SERVICIO (INT),LIQUIDAR,Cable Fibra Optica,,Vandalismo,LUIS ALBERTO SERRANO CAMARILLO,2222299350,,2026-09-03 08:22:06,DOWN,TUA - TULA,,HGO-PINDTEPEJI-2,CERRADA,433,FALLA MASIVA,Infinitum Puro,FERNANDO ALCARAZ ANITA
,12587106,TKS-0806-0224,tec Erwin alvarado comenta que poste daño por construccion se deja la atencion para el dia 08/09,MUNICIPIO DE POZA RICA DE HIDALGO,POZA RICA,7,POZA RICA,ENLACES,S/E MARIA ESPERANZA MORALES S/N S/N COL OBRAS SOCIALES C.P 93240,POZA RICA DE HIDALGO,,FUERA DE SERVICIO,PLEX,,,,JUAN CARLOS GUTIERREZ DIAZ,2222299355,,2026-09-03 09:36:06,,,,,,,,,JUDITH DIAZ LOZANO
,12587120,TKS-0806-0230,tec Erwin alvarado comenta que poste daño por construccion se deja la atencion para el dia 08/09,MUNICIPIO DE POZA RICA DE HIDALGO,POZA RICA,7,POZA RICA,ENLACES,Clle Josefa Ortiz de Dominguez S/N COL OBRAS SOCIALES C.P 93240,POZA RICA DE HIDALGO,,FUERA DE SERVICIO,POSTE INSEGURO,,,,DANIEL CHRISTIAN VIDAL LOZADA,2222299342,,2026-09-03 09:37:06,,,,,,,,,JUDITH DIAZ LOZANO
,12587221,7828241540,VALIDAR,UNIVERSIDAD VERACRUZANA,POZA RICA,7,,BASICO,,,7828241540,BAJO TRAFICO,,,,,MARIA LUISA RAMIREZ GARCIA,2222299332,,2026-09-03 09:55:06,UP,POZ - POZA RICA,POZ0091FOA1 - 7,VERHPOZ05035POZ0091F,CERRADA,332,C ACOMETIDA OPT>250M,VSI,GABRIELA ENCINAS CASTRO
,12587621,2333148006,PENDIENTE,SERV DE SALUD DEL EDO DE PUE,JALAPA,7,,BASICO,CLL BENITO JUAREZ SUR 75 COL. CENTRO HUEHUETLA PU C.P. 72000 ENTRE CRT A ZACAPOAXTLA y HOSPI,PUEBLA,,FUERA DE SERVICIO,En diagnostico por CENTRO ATN Y SERV. PUEBLA  DIAGNOSTICADO POR: TFA: VARGAS LINDAMERICA Tel: 0000226208 - S/E 03/09/26 11:50:02  DIAGNOSTICO: fs  HERRAMIENTAS: REACT-2000,,,,PAUL MARTINEZ CORDOVA,2222299345,,2026-09-03 11:12:06,DOWN,TEZ - TEZIUTLAN,,,CERRADA,405,EQUIPO DE CONMUTACIO,Red de Cobre,MARIA MARTINA SILVIA JARAMILLO CORTEZ
,12587624,2263152013,PENDIENTE,ARIC DE R I PLAN DE ARROYOS,JALAPA,7,,BASICO,"CLL 5 DE MAYO 63 COL. PLAN DE ARROYOS TLAPACOYAN, TLAPACOYAN VE C.P. 93600 ENTRE HIDALGO y C",VERACRUZ,,LLAMADA,En diagnostico por CENTRO ATN Y SERV. PUEBLA  DIAGNOSTICADO POR: TFA: SERRANO LUIS ALBERTO Tel: 0000026285 - S/E 03/09/26 11:57:29  DIAGNOSTICO: FALLA VOZ  HERRAMIENTAS: NO SE APLICO HER,,,,PILAR FELICIA FLORES GONZALEZ,2222299312,,2026-09-03 11:12:06,DOWN,MTZ - MARTINEZ DE LA TORRE,LAY0001D3 - 1,,CERRADA,403,TABLILLA LADO CTL.,Red de Cobre,JUDITH DIAZ LOZANO
,12587643,2263152046,PENDIENTE,ASOCIACION RURAL DE INTERES COLECTIVO DE R.I. MPIO DE MEOQUI,JALAPA,7,,BASICO,,,,LLAMADA,En diagnostico por CENTRO ATN Y SERV. PUEBLA  DIAGNOSTICADO POR: TFA: CASTRO CLAUDIA Tel: 0000226269 - S/E 03/09/26 12:33:58  DIAGNOSTICO: fs  HERRAMIENTAS: NO SE APLICO HER,,,,LUIS ALBERTO SERRANO CAMARILLO,2222299350,,2026-09-03 11:14:06,DOWN,MTZ - MARTINEZ DE LA TORRE,LAY0001D3 - 2,,CERRADA,310,CONEXION EN CAJA DIS,Red de Cobre,JUDITH DIAZ LOZANO
,12587654,2263152079,PENDIENTE,ASOCIACION RURAL DE INTERES COLECTIVO DE R.I. MPIO DE MEOQUI,JALAPA,7,,BASICO,,,,LLAMADA,En diagnostico por CENTRO ATN Y SERV. PUEBLA  DIAGNOSTICADO POR: TFA: SERRANO LUIS ALBERTO Tel: 0000026285 - S/E 03/09/26 12:07:14  DIAGNOSTICO: FALLA VOZ  HERRAMIENTAS: NO SE APLICO HER,,,,LUIS ENRIQUE RUIZ PEREZ,2222299334,,2026-09-03 11:16:06,DOWN,MTZ - MARTINEZ DE LA TORRE,LAY0001D3 - 3,,CERRADA,705,PROB.S/FALTA RED C/A,Red de Cobre,JUDITH DIAZ LOZANO
,12587984,2888851874,PENDIENTE,BACHOCO SA DE CV,VERACRUZ,7,,BASICO,CRT TINAJAS CIUDAD ALEMAN 0 COL. LA GRANJA Manzana: KM Lote: 51 TRES VALLES VE C.P. 74103 ENT,VERACRUZ,TBL-TIERRA BLANCA,FUERA DE SERVICIO,En diagnostico por CENTRO ATN Y SERV. PUEBLA  DIAGNOSTICADO POR: TFA: GALAN RAFAEL ALBERTO Tel: 0000022222 - S/E 03/09/26 12:45:02  DIAGNOSTICO: FS  HERRAMIENTAS: REACT-2000,,,,MARIA LUISA RAMIREZ GARCIA,2222299332,,2026-09-03 12:19:06,DOWN,TBL - TIERRA BLANCA,LJG1001B4 - 9,,CERRADA,705,PROB.S/FALTA RED C/A,Red de Cobre,MARIA ISABEL MEDINA MAXIL
,12588179,2283181178,VALIDAR,ADMINISTRADORA XALAPA SA DE CV,JALAPA,7,,BASICO,,,,FUERA DE SERVICIO,En diagnostico por CENTRO ATN Y SERV. PUEBLA  DIAGNOSTICADO POR: TFA: VARGAS LINDAMERICA Tel: 0000226208 - S/E 03/09/26 13:08:50  DIAGNOSTICO: fs  HERRAMIENTAS: REACT-2000,,,,PAUL MARTINEZ CORDOVA,2222299345,,2026-09-03 12:55:06,UP,SBR - SAN BRUNO,,VERAKJ00AL00-1001-01,CERRADA,926,MIGRACION X QUEJA,Infinitum Puro,PUEBLA OPERADORA TRANS
,12588365,2482913136,PENDIENTE,COLEGIO DE BACHILLERES PLANTEL,TLAXCALA,7,,BASICO,,,,FUERA DE SERVICIO,En diagnostico por CENTRO ATN Y SERV. PUEBLA  DIAGNOSTICADO POR: TFA: CASTRO CLAUDIA Tel: 0000226269 - S/E 03/09/26 15:03:33  DIAGNOSTICO: FS  HERRAMIENTAS: NO SE APLICO HER,,,,PILAR FELICIA FLORES GONZALEZ,2222299312,,2026-09-03 13:36:06,DOWN,SMT - CT SAN MARTIN TEXMELUCAN,,,CERRADA,424,HARDWARE CTL C/FALLA,Red de Cobre,ELIZABETH HERNANDEZ CASTRO
,12588679,2725963624,VALIDAR,CFE TELECOMUNICACIONES E INTERNET PARA TODOS,CORDOBA,7,,BASICO,"*-*-* AVE MIGUEL HIDALGO 0, COL CECILIO TERAN, NOGALES VE, CP 94720",,,DATOS,En diagnostico por CENTRO ATN Y SERV. CAFETALES  DIAGNOSTICADO POR: TFA: ALCARAZ FERNANDO Tel: 1110511184 - S/E 03/09/26 14:51:20  DIAGNOSTICO: HERRAMIENTAS: NO SE APLICO HER,,,,LUIS ENRIQUE RUIZ PEREZ,2222299334,,2026-09-03 14:49:06,UP,ORI - ORIZABA,CMZ0020FOC3 - 4,VERACMZ02010CMZ0020F,ABIERTA,,,Infinitum Puro,ISRAEL EDUARDO RODRIGUEZ VILLANUEVA
,12588889,2222105358,PENDIENTE,DOC SOLUTIONS DE MEXICO,PUEBLA,7,,BASICO,,,,DATOS,En diagnostico por CENTRO ATN Y SERV. PUEBLA  DIAGNOSTICADO POR: RMA: HUERTA PLACIDO Tel: 8002261500 - 0000026279 03/09/26 17:16:01  DIAGNOSTICO: HERRAMIENTAS: REACT-2000,,,,LUIS ALBERTO SERRANO CAMARILLO,2222299350,,2026-09-03 16:05:06,DOWN,SNP - SAN PEDRO,OPN0010FOA3 - 8,PUEHLPA04064OPN0010F,CERRADA,701,REV. S/FALTA C/A P E,VSI,ADRIANA LEON GONZALEZ
,12588900,2222353274,VALIDAR,FARMADROGUERIA MEDINA SA DE CV,PUEBLA,7,,BASICO,,,,FUERA DE SERVICIO,En diagnostico por CENTRO ATN Y SERV. PUEBLA  DIAGNOSTICADO POR: RMA: HUERTA PLACIDO Tel: 8002261500 - 0000026279 03/09/26 17:21:19  DIAGNOSTICO: HERRAMIENTAS: REACT-2000,,,,LUIS ENRIQUE RUIZ PEREZ,2222299334,,2026-09-03 16:29:06,UP,ZAR - IGNACIO ZARAGOZA,ZER0047FOB8 - 3,PUEAZER07058ZER0047F,CERRADA,476,REAPROVISIONA VOZ,VSI,MARIA MARTINA SILVIA JARAMILLO CORTEZ
,12589084,A01-1401-0238,"FAVOR DE COMPARTIR LA SIGUIENTE DOCUMENTACIÓN. INE AMBOS LADOS, CREDENCIAL DE LA EMPRESA DE AMBOS LADOS, SUA ACTUALIZADO, PAGO SUA ACTUALIZADO, SI VAN A INGRESAR CON ALGUN EKIPO COMPUTO MARCA NUMERO DE SERIE Y MODELO.",BANCO MERCANTIL DEL NORTE SA INSTITUCION DE BANCA MULTIPLE G,COATZACOALCOS,7,PAJARITOS,ENLACES,Ctra COATZA VHSA KM7.5 S/N . COL COATZACOALCOS CENTRO C.P 96400,COATZACOALCOS,,EQUIPO ALARMADO,CT COATZACOALCOS | PENDIENTE POR DOCUMENTOS,,,,CECILIA VIDAL LOZADA,2222299339,,2026-09-03 17:12:06,DOWN,,,,,,,,PUEBLA OPERADORA TRANS
,12589099,7716885370,VALIDAR,BIMBO,PACHUCA,7,,BASICO,,,,DATOS,En diagnostico por CENTRO ATN Y SERV. CAFETALES  DIAGNOSTICADO POR: RMA: ARROYO ELIZABETH Tel: 0000211178 - S/E 03/09/26 17:24:23  DIAGNOSTICO: HERRAMIENTAS: PISA,,,,MARIA LUISA RAMIREZ GARCIA,2222299332,,2026-09-03 17:19:06,UP,PAH - PACHOACAN,HDH0003FOC2 - 6,HGOHPAH04006HDH0003F,ABIERTA,,,VSI,ISRAEL CRUZ ESCOBAR
,12589202,2721069799,PENDIENTE,TIENDAS TRES B SA DE CV,CORDOBA,7,,BASICO,,,,FUERA DE SERVICIO,En diagnostico por CENTRO ATN Y SERV. PUEBLA  DIAGNOSTICADO POR: RMA: HUERTA PLACIDO Tel: 8002261500 - 0000026279 03/09/26 18:00:27  DIAGNOSTICO: HERRAMIENTAS: REACT-2000,,,,MARIA LUISA RAMIREZ GARCIA,2222299332,,2026-09-03 17:52:06,DOWN,ORI - ORIZABA,ESC0055FOA7 - 1,VERHORI01009ESC0055F,CERRADA,326,CORDON ACOMET OPTICO,VSI,ADRIANA LEON GONZALEZ
,12589223,2222371241,VALIDAR,GRUPO LOMA DEL NORTE SA DE CV,PUEBLA,7,,BASICO,,,,FUERA DE SERVICIO,En diagnostico por CENTRO ATN Y SERV. PUEBLA  DIAGNOSTICADO POR: TFA: REYES ISRAEL Tel: 2222299337 - S/E 03/09/26 18:59:53  DIAGNOSTICO: HERRAMIENTAS: AWS,,,,PAUL MARTINEZ CORDOVA,2222299345,,2026-09-03 18:03:06,UP,AQU - CT AQUILES SERDAN,INS0139FOA1 - 4,PUEHINS02031INS0139F,CERRADA,326,CORDON ACOMET OPTICO,VSI,ADRIANA LEON GONZALEZ
,12589491,TKS-0812-0083,CT TUXPAN | REVISION DE COBRE,HOTELES VERACRUZ TUXPAN,POZA RICA,7,TUXPAN,ENLACES,Clle Independencia 100-A COL LA RIVERA C.P 92870,VILLAS DE TUXPAN,,FUERA DE SERVICIO,En diagnostico por CENTRO ATN Y SERV. PUEBLA  DIAGNOSTICADO POR: TFA: CARRERA FERNANDO Tel: 0000026209 - S/E 03/09/26 21:47:46  DIAGNOSTICO: ...  HERRAMIENTAS: REACT-2000,,,,CRISTINA MARTINEZ SOLIS,2222299304,,2026-09-03 21:21:06,,,,,,,,,MARIA MARTINA SILVIA JARAMILLO CORTEZ
,12589861,A32-1306-0251,PENDIENTE,GOBIERNO DEL ESTADO DE OAXACA,CORDOBA,6,MARIA LOMBARIO DE CASO,ENLACES,Clle NICOLAS BRAVO 78 A COL CENTRO C.P 70215,MARIA LOMBARDO DE CASO,,FUERA DE SERVICIO,CM PACHUCA,,,,JUAN CARLOS HERNANDEZ MUNOZ,2222299341,,2026-09-04 07:44:06,DOWN,,,,,,,,PUEBLA OPERADORA TRANS
,12590079,2836880031,VALIDAR,NUEVA WAL MART DE MEXICO,CORDOBA,6,,BASICO,AVE INDEPENDENCIA 724 COL LOMAS VERDES PLAYA VICENTE VERACRUZ,,,FUERA DE SERVICIO (INT),CASCAF FAVOR DE VALIDAR Y LIQUIDAR,,327 Cable principal FTTH,,PAUL MARTINEZ CORDOVA,2222299345,,2026-09-04 09:05:06,UP,TTP - TUXTEPEC,PLV0007FOA4 - 1,VERHPLV01002PLV0007F,CERRADA,326,CORDON ACOMET OPTICO,VSI,SERGIO BRUNO SEGUIN GONZALEZ
,12590261,7828272186,VALIDAR,UNINET SA DE CV,POZA RICA,6,,IDN,<><>,,,FUERA DE SERVICIO,PEXT PENDIENTE - FAVOR DE ATENDER REPORTE,,,,PILAR FELICIA FLORES GONZALEZ,2222299312,,2026-09-04 09:48:06,UP,POZ - POZA RICA,POZ0088FOA4 - 2,VERAPOZ03027POZ0088F,ABIERTA,326,CORDON ACOMET OPTICO,GPON EMPRESARIAL,PUEBLA OPERADORA TRANS
,12590410,TKS-1510-0517,,COMERCIALIZADORA EL INGENIO,CORDOBA,6,CORDOBA,ENLACES,Ctra LIBRE A CORDOBA ATOYAC KM 8 INT A COL GRAL. MIGUEL ALEMAN CENTRO C.P 94964,GRAL. MIGUEL ALEMAN,,GRABACION,En diagnostico por CENTRO ATN Y SERV. PUEBLA  DIAGNOSTICADO POR: RMA: CONTRERAS JOSUE Tel: 0000000000 - S/E 04/09/26 10:44:25  DIAGNOSTICO: HERRAMIENTAS:,,,,JUAN CARLOS GUTIERREZ DIAZ,2222299355,,2026-09-04 10:17:06,,,,,,,,,PUEBLA OPERADORA TRANS
,12590961,2271025008,PENDIENTE,COMERCIAL ARIETE SA DE CV,TLAXCALA,6,,BASICO,,,,FUERA DE SERVICIO,PEXT PENDIENTE - FAVOR DE ATENDER REPORTE,,,,LUIS ALBERTO SERRANO CAMARILLO,2222299350,,2026-09-04 12:06:06,DOWN,SMT - CT SAN MARTIN TEXMELUCAN,,,CERRADA,705,PROB.S/FALTA RED C/A,Red de Cobre,JUDITH DIAZ LOZANO
,12591063,TKS-1612-0237,,CAMARA NACIONAL DE LA INDUSTRIA DE TRANSFORMACION,PUEBLA,6,REFORMA,ENLACES,Clle REFORMA 2704 5 COL AMOR C.P 72140,HEROICA PUEBLA DE ZARAGOZA,,LLAMADA,diag cns4,,,,DANIEL CHRISTIAN VIDAL LOZADA,2222299342,,2026-09-04 12:36:06,,,,,,,,,ELIZABETH HERNANDEZ CASTRO
,12591086,2481113195,PENDIENTE,GABINTE DE RADIODIAGNOSTICO TE,TLAXCALA,6,,BASICO,,,,FUERA DE SERVICIO,En diagnostico por CENTRO ATN Y SERV. PUEBLA  DIAGNOSTICADO POR: TFA: RUIZ LUIS ENRIQUE Tel: 0123456789 - S/E 04/09/26 12:45:11  DIAGNOSTICO: S/S  HERRAMIENTAS: REACT-2000,,,,LUIS ENRIQUE RUIZ PEREZ,2222299334,,2026-09-04 12:40:06,DOWN,CT SAN MARTIN TEXMELUCAN,TML0005FOA3 - 8,PUEHTML01023TML0005F,CERRADA,906,REFERIDO A COMERCIAL,VSI,JUDITH DIAZ LOZANO
,12591212,2878750237,VALIDAR,COORDINADOS DE MEXICO ORIENTE,CORDOBA,6,,BASICO,CLL MARIANO MATAMOROS 383 COL. TUXTEPEC SAN JUAN BAUTISTA TUXTEPEC OA 68345,OAXACA,TTP - TUXTEPEC,FUERA DE SERVICIO,PEXT PENDIENTE - FAVOR DE ATENDER REPORTE,,,,MARIA LUISA RAMIREZ GARCIA,2222299332,,2026-09-04 13:10:06,UP,TTP - TUXTEPEC,TTP0001O2 - 2,,CERRADA,926,MIGRACION X QUEJA,VSI,MARIA ISABEL MEDINA MAXIL
,12591310,2291568265,VALIDAR,TIENDAS CHEDRAUI S.A. DE C.V.,VERACRUZ,6,,BASICO,CALLE DR.VICTOR SANCHEZ TAPIA NUMERO 1184 MANZANA 40 LOTE 1 ENTRE ESQ TLALIXCOYAN COLONIA LOS TORRENTES VERACRUZ VERAC,,,FUERA DE SERVICIO,CASCAF FAVOR DE VALIDAR Y LIQUIDAR,,327 Cable principal FTTH,,MARIA LUISA RAMIREZ GARCIA,2222299332,,2026-09-04 13:38:06,UP,LER - CT LERDO,RYR0048FOD8 - 5,VERHIOO01083RYR0048F,CERRADA,122,MODEM OPTICO (ONT),VSI,ARACELI RAMIREZ NERI
,12591324,2222903928,VALIDAR,HACES CARVAJAL LEOPOLDO,PUEBLA,6,,BASICO,,,,FUERA DE SERVICIO,En diagnostico por CENTRO ATN Y SERV. PUEBLA  DIAGNOSTICADO POR: TFA: RUIZ LUIS ENRIQUE Tel: 0123456789 - S/E 04/09/26 15:09:49  DIAGNOSTICO: S/S  HERRAMIENTAS: REACT-2000,,,,PAUL MARTINEZ CORDOVA,2222299345,,2026-09-04 13:47:06,UP,CT IGNACIO ZARAGOZA,REF0089FOC7 - 1,PUEHFUR01091REF0089F,CERRADA,326,CORDON ACOMET OPTICO,VSI,ELIZABETH HERNANDEZ CASTRO
,12591358,7717196510,VALIDAR,TUZODENT,PACHUCA,6,,BASICO,,,,FUERA DE SERVICIO (INT),En diagnostico por CENTRO ATN Y SERV. PUEBLA  DIAGNOSTICADO POR: TFA: CASTRO CLAUDIA Tel: 0000226269 - S/E 04/09/26 14:33:14  DIAGNOSTICO: fs  HERRAMIENTAS: NO SE APLICO HER,,,,PILAR FELICIA FLORES GONZALEZ,2222299312,,2026-09-04 13:54:06,UP,PAC - PACHUCA,VSJ0007FOD5 - 1,HGOHREV01125VSJ0007F,CERRADA,122,MODEM OPTICO (ONT),VSI,MARIA ISABEL MEDINA MAXIL
,12592030,2299351414,VALIDAR,COMUN DIGITAL PERSONALIZADA,VERACRUZ,6,,BASICO,PSE LA NI#A 150 SUBNUMERO K EDIF DEPARTAMENTO DEPARTAMENTO 1519 COL. LAS AMERICAS Lote: . VERACR,VERACRUZ,MOA - MOCAMBO,LLAMADA,En diagnostico por CENTRO ATN Y SERV. PUEBLA  DIAGNOSTICADO POR: TFA: REYES ISRAEL Tel: 2222299337 - S/E 04/09/26 18:42:09  DIAGNOSTICO: HERRAMIENTAS: AWS,,,,LUIS ALBERTO SERRANO CAMARILLO,2222299350,,2026-09-04 17:14:06,UP,ALT - CT MANLIO FABIO ALTAMIRANO,HLL0001FOA2 - 7,VERHBRO03122HLL0001F,CERRADA,326,CORDON ACOMET OPTICO,VSI,ADRIANA LEON GONZALEZ
,12592033,2299351441,PENDIENTE,COMUN DIGITAL PERSONALIZADA,VERACRUZ,6,,BASICO,"PSE LA NI#A 150 PASEO DE LOS REYES SUBNUMERO 7 COL. LAS AMERICAS Lote: . BOCA DEL RIO, VER. VE",VERACRUZ,MOA-MOCAMBO,FUERA DE SERVICIO,En diagnostico por CENTRO ATN Y SERV. PUEBLA  DIAGNOSTICADO POR: TFA: REYES ISRAEL Tel: 2222299337 - S/E 04/09/26 18:42:33  DIAGNOSTICO: HERRAMIENTAS: AWS,,,,LUIS ENRIQUE RUIZ PEREZ,2222299334,,2026-09-04 17:15:06,DOWN,ALT - CT MANLIO FABIO ALTAMIRANO,MOA0078E1 - 4,,CERRADA,815,SUSPENDIDO,Red de Cobre,ADRIANA LEON GONZALEZ
,12592036,2299352414,PENDIENTE,COMUN DIGITAL PERSONALIZADA SA,VERACRUZ,6,,BASICO,CLL HABANERAS 95 COL. JARDINES DE VIRGINIA VERACRUZ VE C.P. 94294 ENTRE ESQ PALMERAS,VERACRUZ,MOA-MOCAMBO,FUERA DE SERVICIO,En diagnostico por CENTRO ATN Y SERV. PUEBLA  DIAGNOSTICADO POR: TFA: DOMINGUEZ JOSE ARMANDO Tel: 2222299300 - S/E 04/09/26 17:30:41  DIAGNOSTICO: HERRAMIENTAS: NO SE APLICO HER,,,,MARIA LUISA RAMIREZ GARCIA,2222299332,,2026-09-04 17:16:06,DOWN,ALT - CT MANLIO FABIO ALTAMIRANO,MOA0085A1 - 9,,CERRADA,815,SUSPENDIDO,Red de Cobre,ADRIANA LEON GONZALEZ
,12592185,2222324575,VALIDAR,MAQUINAS JAPONESAS,PUEBLA,6,,BASICO,"AVE 14 PONIENTE 312, E CENTRO PUEBLA CLL 5 NORTE EDIFICIO SAN LOREN HEROICA PUEBLA DE ZA CP:72000",PU,,FUERA DE SERVICIO,En diagnostico por CENTRO ATN Y SERV. PUEBLA  DIAGNOSTICADO POR: TFA: DOMINGUEZ JOSE ARMANDO Tel: 2222299300 - S/E 04/09/26 18:31:30  DIAGNOSTICO: HERRAMIENTAS: NO SE APLICO HER,,,,PAUL MARTINEZ CORDOVA,2222299345,,2026-09-04 18:09:06,UP,ZAR - IGNACIO ZARAGOZA,REF0034FOB7 - 2,PUEHFUR01067REF0034F,CERRADA,326,CORDON ACOMET OPTICO,VSI,ADRIANA LEON GONZALEZ
,12592492,2291943646,PENDIENTE,UNINET,VERACRUZ,6,,IDN,CLL. PORTUARIO NUEVO S/N COL. VILLA RICA 2 VERACRUZ VER.,,,FUERA DE SERVICIO,En diagnostico por CENTRO ATN Y SERV. PUEBLA  DIAGNOSTICADO POR: TFA: CARRERA FERNANDO Tel: 0000026209 - S/E 05/09/26 00:03:57  DIAGNOSTICO: ...  HERRAMIENTAS: REACT-2000,,,,PILAR FELICIA FLORES GONZALEZ,2222299312,,2026-09-04 23:29:06,DOWN,LER - CT LERDO,VRC0001FOA2 - 1,VERHLER04073VRC0001F,CERRADA,812,NO HAY FACIL. DE ACC,GPON EMPRESARIAL,PUEBLA OPERADORA TRANS
,12592845,9212120237,PENDIENTE,NUEVA WAL MART DE MEXICO,COATZACOALCOS,5,,BASICO,CLL NEXTENGO 78 COL. STA. CRUZ ACAYUCAN DELEG. AZCAPOTZALCO MEXICO CP:96400,DF,,FUERA DE SERVICIO (INT),En diagnostico por CENTRO ATN Y SERV. CAFETALES  DIAGNOSTICADO POR: RMA: MARQUEZ MARIANA Tel: 2115760000 - S/E 05/09/26 08:55:09  DIAGNOSTICO: FUERA DE SERVICIO (INT)/  HERRAMIENTAS: NO SE APLICO HER,,,,PILAR FELICIA FLORES GONZALEZ,2222299312,,2026-09-05 08:42:06,DOWN,COZ - CT COATZACOALCOS,COZ0112FOA8 - 2,VERHPTR01112COZ0112F,CERRADA,326,CORDON ACOMET OPTICO,VSI,MARIANA MARQUEZ ARIAS
,12592872,2288186906,VALIDAR,FARMACIA GUADALAJARA,JALAPA,5,,BASICO,AVE MAESTROS VERACRUZANOS 27 COL. LOMAS DEL PUENTE JALAPA ENRIQUEZ VE 91000 ENTRE CLL ADALBERTO,VERACRUZ,SBR - SAN BRUNO,FUERA DE SERVICIO,En diagnostico por CENTRO ATN Y SERV. PUEBLA  DIAGNOSTICADO POR: RMA: DOMINGUEZ JOSE ARMANDO Tel: 2222299300 - S/E 05/09/26 10:12:31  DIAGNOSTICO: HERRAMIENTAS: NO SE APLICO HER,,,,LUIS ALBERTO SERRANO CAMARILLO,2222299350,,2026-09-05 09:12:06,UP,SBR - SAN BRUNO,JAL0067D1 - 3,,CERRADA,926,MIGRACION X QUEJA,VSI,MARIA MARTINA SILVIA JARAMILLO CORTEZ
,12593015,2272780386,PENDIENTE,PROVEEDORA DE MATERIALES MONTAÑO,TLAXCALA,5,,,,,,LLAMADA,En diagnostico por CENTRO ATN Y SERV. PUEBLA  DIAGNOSTICADO POR: RMA: MARTINEZ CRISTINA Tel: 2222299304 - S/E 05/09/26 23:22:42  DIAGNOSTICO: f/s  HERRAMIENTAS: NO SE APLICO HER,,,,CARLOS MIGUEL MENDOZA MIRANDA,2222299348,,2026-09-05 10:27:06,DOWN,SMT - CT SAN MARTIN TEXMELUCAN,NEA0001F4 - 5,PUE-SNBUENAVENTUR-2,CERRADA,121,MODEM,Infinitum Cobre,PUEBLA OPERADORA TRANS
,12593144,7737331811,PENDIENTE,OPERADORA JKP SA DE CV,PACHUCA,5,,BASICO,,,,FUERA DE SERVICIO,En diagnostico por CENTRO ATN Y SERV. PUEBLA  DIAGNOSTICADO POR: TFA: DOMINGUEZ JOSE ARMANDO Tel: 2222299300 - S/E 05/09/26 11:56:42  DIAGNOSTICO: HERRAMIENTAS: NO SE APLICO HER,,,,LUIS ENRIQUE RUIZ PEREZ,2222299334,,2026-09-05 11:25:06,DOWN,TUA - TULA,TDR0003FOD2 - 2,HGOHTDR01016TDR0003F,ABIERTA,,,VSI,PUEBLA OPERADORA TRANS
,12593187,7759742067,VALIDAR,NACIONAL DE VIDRIOS SA DE CV,PACHUCA,5,,BASICO,"AVE 21 DE MARZO 1212, INSURGENTES TULANCINGO DE BRAV ESQ NAYARIT CP: 43630 TULANCINGO CP:43630",HG,,VOZ,En diagnostico por CENTRO ATN Y SERV. PUEBLA  DIAGNOSTICADO POR: TFA: DOMINGUEZ JOSE ARMANDO Tel: 2222299300 - S/E 05/09/26 14:03:02  DIAGNOSTICO: HERRAMIENTAS: NO SE APLICO HER,,,,MARIA LUISA RAMIREZ GARCIA,2222299332,,2026-09-05 11:54:06,UP,TUL - TULANCINGO,TUL0057H5 - 1,,CERRADA,926,MIGRACION X QUEJA,Red de Cobre,ADRIANA LEON GONZALEZ
,12593206,2721210582,VALIDAR,FIRST CASH,CORDOBA,5,,BASICO,,,,FUERA DE SERVICIO,En diagnostico por CENTRO ATN Y SERV. PUEBLA  DIAGNOSTICADO POR: TFA: SERRANO LUIS ALBERTO Tel: 0000026285 - S/E 05/09/26 12:30:36  DIAGNOSTICO: falla voz  HERRAMIENTAS: NO SE APLICO HER,,,,PAUL MARTINEZ CORDOVA,2222299345,,2026-09-05 12:00:06,UP,ORI - ORIZABA,PLI0022E5 - 4,,CERRADA,310,CONEXION EN CAJA DIS,VSI,MARIA MARTINA SILVIA JARAMILLO CORTEZ
,12593593,2856882140,VALIDAR,CELULARES Y ACCESORIOS DEL SURESTE,VERACRUZ,5,,BASICO,,,,DATOS,En diagnostico por CENTRO ATN Y SERV. PUEBLA  DIAGNOSTICADO POR: TFA: DOMINGUEZ JOSE ARMANDO Tel: 2222299300 - S/E 05/09/26 15:13:50  DIAGNOSTICO: HERRAMIENTAS: NO SE APLICO HER,,,,PILAR FELICIA FLORES GONZALEZ,2222299312,,2026-09-05 14:36:06,UP,MOA - MOCAMBO,DBV0001FOA1 - 4,VERHBRO03147DBV0001F,CERRADA,122,MODEM OPTICO (ONT),VSI,ADRIANA LEON GONZALEZ
,12593658,7737310122,PENDIENTE,FRIO EXPRESS SA DE CV,PACHUCA,5,,BASICO,CLL NORTE 3 25 COL. PARQUE INDUSTRIAL TEPEJI Manzana: 844 Lote: 11 PARQUE INDUSTRIAL TEPEJI HG 4,HIDALGO,,FUERA DE SERVICIO,En diagnostico por CENTRO ATN Y SERV. PUEBLA  DIAGNOSTICADO POR: TFA: DOMINGUEZ JOSE ARMANDO Tel: 2222299300 - S/E 05/09/26 15:58:33  DIAGNOSTICO: HERRAMIENTAS: NO SE APLICO HER,,,,LUIS ALBERTO SERRANO CAMARILLO,2222299350,,2026-09-05 15:13:06,DOWN,TUA - TULA,PIS0002FOA8 - 2,HGOAPIS01002PIS0002F,ABIERTA,,,VSI,ADRIANA LEON GONZALEZ
,12593789,2878719246,,FARMACIAS DE SIMILARES,CORDOBA,5,,BASICO,,,,FUERA DE SERVICIO,,,,,PLACIDO HUERTA RAMIREZ,2222299384,,2026-09-05 16:50:06,,,,,,,,,DENISSE CASTRO BAUTISTA
,12594274,9222232556,VALIDAR,PRODUBAN SERVICIOS INFORMATICO,COATZACOALCOS,4,,BASICO,AVE SALVADOR DIAZ MIRON 119 COL. OBRERA Lote: P.B MINATITLAN VE 42505 ENTRE INT REFINERIA,VERACRUZ,MIN - CENTRO MIN,FUERA DE SERVICIO (INT),En diagnostico por CENTRO ATN Y SERV. CAFETALES  DIAGNOSTICADO POR: RMA: SEGUIN SERGIO BRUNO Tel: 2115780000 - S/E 06/09/26 07:12:02  DIAGNOSTICO: FUERA DE SERVICIO  HERRAMIENTAS: PISA,,,,LUIS ALBERTO SERRANO CAMARILLO,2222299350,,2026-09-06 06:49:06,UP,MIN - CENTRO MIN,MIN0015B2 - 1,VER-MINATITLAN-10,ABIERTA,,,Infinitum Cobre,SERGIO BRUNO SEGUIN GONZALEZ
,12594579,7711692178,PENDIENTE,GOBIERNO DEL ESTADO DE HIDALGO,PACHUCA,4,,BASICO,,,,FUERA DE SERVICIO,En diagnostico por CENTRO ATN Y SERV. PUEBLA  DIAGNOSTICADO POR: RMA: MENDOZA CARLOS MIGUEL Tel: 2222299348 - S/E 06/09/26 13:39:24  DIAGNOSTICO: HERRAMIENTAS: REACT-2000,,,,LUIS ENRIQUE RUIZ PEREZ,2222299334,,2026-09-06 11:20:06,DOWN,PAH - PACHOACAN,PAH0027FOA3 - 3,HGOAPAH02186PAH0027F,CERRADA,812,NO HAY FACIL. DE ACC,VSI,PUEBLA OPERADORA TRANS
,12594800,7737330257,PENDIENTE,POLICIA JUDICIAL DEL ESTADO,PACHUCA,4,,BASICO,CLL FELIPE ANGELES 0 COL. CENTRO TEPEJI DE OCAMPO HG C.P. 72000,HIDALGO,,FUERA DE SERVICIO (INT),En diagnostico por CENTRO ATN Y SERV. PUEBLA  DIAGNOSTICADO POR: RMA: MENDOZA CARLOS MIGUEL Tel: 2222299348 - S/E 06/09/26 14:59:12  DIAGNOSTICO: HERRAMIENTAS: REACT-2000,,,,MARIA LUISA RAMIREZ GARCIA,2222299332,,2026-09-06 13:30:06,DOWN,TUA - TULA,TDR0018FOA4 - 7,HGOHTDR01089TDR0018F,ABIERTA,,,VSI,MARIA ISABEL MEDINA MAXIL
,12594873,9222213785,PENDIENTE,GRUPO MERAG,COATZACOALCOS,4,,BASICO,,,,FUERA DE SERVICIO,En diagnostico por CENTRO ATN Y SERV. PUEBLA  DIAGNOSTICADO POR: RMA: MENDOZA CARLOS MIGUEL Tel: 2222299348 - S/E 06/09/26 15:01:42  DIAGNOSTICO: HERRAMIENTAS: REACT-2000,,,,PAUL MARTINEZ CORDOVA,2222299345,,2026-09-06 14:41:06,DOWN,MIN - CENTRO MIN,OIR0008D3 - 1,,CERRADA,403,TABLILLA LADO CTL.,Red de Cobre,MARIA ISABEL MEDINA MAXIL
,12595030,9222418400,PENDIENTE,OPERADORA CEVIC,COATZACOALCOS,4,,BASICO,,,,FUERA DE SERVICIO,En diagnostico por CENTRO ATN Y SERV. PUEBLA  DIAGNOSTICADO POR: TFA: REYES ISRAEL Tel: 2222299337 - S/E 06/09/26 18:07:01  DIAGNOSTICO: HERRAMIENTAS: AWS,,,,PILAR FELICIA FLORES GONZALEZ,2222299312,,2026-09-06 17:56:06,DOWN,MIN - CENTRO MIN,OIR0008F1 - 1,,CERRADA,403,TABLILLA LADO CTL.,Red de Cobre,MARIA ISABEL MEDINA MAXIL
,12595144,CB2-2208-0847,LIQUIDAR | CASPUE,"BANCO SANTANDER MEXICO S.A., INSTITUCION DE BANCA MULTIPLE,",PUEBLA,4,TAMAZUNCHALE,ENLACES,Clle FRANCISCO SARABIA S/N S/N PBLO CHAPULHUACAN C.P 42280,CHAPULHUACAN,,FUERA DE SERVICIO,,,,,CRISTINA MARTINEZ SOLIS,2222299304,106.33.40.2,2026-09-06 19:44:06,UP,,,,,,,,PUEBLA OPERADORA TRANS
,12595274,7656882565,PENDIENTE,TELEFONOS DE MEXICO,POZA RICA,4,,IDN,"CALLE garizurieta 0, ALAMO ALA:ALAMO TEMAPACHE VERACRUZ",,,FUERA DE SERVICIO,PLEX.,,,,LUIS ALBERTO SERRANO CAMARILLO,2222299350,,2026-09-06 23:13:06,DOWN,POZ - POZA RICA,AMT0003FOD3 - 5,VERHAMT03063AMT0003F,CERRADA,122,MODEM OPTICO (ONT),GPON EMPRESARIAL,PUEBLA OPERADORA TRANS
,12595614,7828266588,PENDIENTE,UNINET SA DE CV,POZA RICA,3,,IDN,CLL REPUBLICA DE CUBA 305 COL. 27 DE SEPTIEMBRE POZA RICA DE HIDALGO VE 93320 ENTRE PROYECTO CFE,VERACRUZ,,FUERA DE SERVICIO,En diagnostico por CENTRO ATN Y SERV. PUEBLA  DIAGNOSTICADO POR: TFA: CASTRO CLAUDIA Tel: 0000226269 - S/E 07/09/26 08:35:35  DIAGNOSTICO: fs  HERRAMIENTAS: NO SE APLICO HER,,,,LUIS ENRIQUE RUIZ PEREZ,2222299334,,2026-09-07 07:41:06,DOWN,POZ - POZA RICA,POZ0129C1 - 7,VER-POZARICA-21,ABIERTA,,,VPN PUNTO DE VENTA,PUEBLA OPERADORA TRANS
,12595634,2222302034,PENDIENTE,SEP,PUEBLA,3,,BASICO,,,,FUERA DE SERVICIO,En diagnostico por CENTRO ATN Y SERV. PUEBLA  DIAGNOSTICADO POR: RMA: MARTINEZ CRISTINA Tel: 2222299304 - S/E 07/09/26 09:10:55  DIAGNOSTICO: f/s  HERRAMIENTAS: NO SE APLICO HER,,,,MARIA LUISA RAMIREZ GARCIA,2222299332,,2026-09-07 07:56:06,DOWN,SNP - SAN PEDRO,LPA0039FOD3 - 6,PUEHLPA01012LPA0039F,CERRADA,326,CORDON ACOMET OPTICO,VSI,ELIZABETH HERNANDEZ CASTRO
,12595656,7896884808,PENDIENTE,MUNICIPIO DE PLATON SANCHEZ,POZA RICA,3,,BASICO,,,,FUERA DE SERVICIO,En diagnostico por CENTRO ATN Y SERV. PUEBLA  DIAGNOSTICADO POR: TFA: CASTRO CLAUDIA Tel: 0000226269 - S/E 07/09/26 08:28:45  DIAGNOSTICO: fs  HERRAMIENTAS: NO SE APLICO HER,,,,PAUL MARTINEZ CORDOVA,2222299345,,2026-09-07 08:06:06,DOWN,TPN - CT TUXPAN,PSA0002FOD5 - 2,VERAPSA01006PSA0002F,ABIERTA,,,VSI,JUDITH DIAZ LOZANO
,12595834,TKS-1301-0014,,MOR CORPORATIVO. S.A. DE C.V.,COATZACOALCOS,3,SANTASABEL,ENLACES,Clle MALECON COSTERO 503 . COL paraiso C.P 96523,COATZACOALCOS,,FUERA DE SERVICIO,En diagnostico por CENTRO ATN Y SERV. PUEBLA  DIAGNOSTICADO POR: TFA: VARGAS LINDAMERICA Tel: 0000226208 - S/E 07/09/26 09:01:13  DIAGNOSTICO: fs  HERRAMIENTAS: REACT-2000,,,,CRISTINA MARTINEZ SOLIS,2222299304,,2026-09-07 08:51:06,,,,,,,,,PUEBLA OPERADORA TRANS
,12595933,9236880150,VALIDAR,INSTITUTO TECNOLOGICO SUPERIOR DE LAS CHOAPAS,COATZACOALCOS,3,,BASICO,,,,FUERA DE SERVICIO,En diagnostico por CENTRO ATN Y SERV. PUEBLA  DIAGNOSTICADO POR: TFA: FLORES PILAR FELICIA Tel: 2222222222 - S/E 07/09/26 09:28:22  DIAGNOSTICO: SIN SINCRONIA  HERRAMIENTAS: NO SE APLICO HER,,,,PILAR FELICIA FLORES GONZALEZ,2222299312,,2026-09-07 09:09:06,UP,LCH - CENTRO LCH,LCH0018FOG2 - 2,VERALCH01059LCH0018F,CERRADA,,,VSI,JUDITH DIAZ LOZANO
,12596171,2291675963,FAVOR DE COMPARTIR NOMBRE DEL PERSONAL QUE ATENDERÁ PARA TRÁMITE DE ACCESO.,BANREGIO,VERACRUZ,3,,BASICO,,,,FUERA DE SERVICIO,En diagnostico por CENTRO ATN Y SERV. PUEBLA  DIAGNOSTICADO POR: TFA: TOLAMA SET JONATHAN Tel: 0000226261 - S/E 07/09/26 09:49:24  DIAGNOSTICO: no sincronia  HERRAMIENTAS: NO SE APLICO HER,,,,LUIS ALBERTO SERRANO CAMARILLO,2222299350,,2026-09-07 09:45:06,DOWN,MOA:CT MOCAMBO,BRO0058FOC2 - 2,VERHBRO03078BRO0058F,ABIERTA,,,VSI,ADRIANA LEON GONZALEZ
,12596232,2299384121,LIQUIDAR | CASPUE,DISTRIBUIDORES DEL GOLFO SA DE CV,VERACRUZ,3,,BASICO,,,,LLAMADA,En diagnostico por CENTRO ATN Y SERV. PUEBLA  DIAGNOSTICADO POR: TFA: FLORES PILAR FELICIA Tel: 2222222222 - S/E 07/09/26 10:09:52  DIAGNOSTICO: SIN SINCRONIA  HERRAMIENTAS: NO SE APLICO HER,,,,LUIS ENRIQUE RUIZ PEREZ,2222299334,,2026-09-07 09:56:06,UP,LER - CT LERDO,LER0068FOB1 - 6,VERHLER02057LER0068F,CERRADA,325,TERMINAL SECUN. FTTH,VSI,ADRIANA LEON GONZALEZ
,12596735,2222953149,PENDIENTE,COLABOREMOS JUNTOS,PUEBLA,3,,BASICO,,,,DATOS,En diagnostico por CENTRO ATN Y SERV. PUEBLA  DIAGNOSTICADO POR: TFA: VIDAL CECILIA Tel: 2222222222 - S/E 07/09/26 11:30:36  DIAGNOSTICO: FS  HERRAMIENTAS: NO SE APLICO HER,,,,MARIA LUISA RAMIREZ GARCIA,2222299332,,2026-09-07 11:14:06,DOWN,CHO - CT CHOLULA,CUG0021FOB1 - 5,PUEHCHO03033CUG0021F,ABIERTA,,,VSI,JUDITH DIAZ LOZANO
,12596745,7821192257,VALIDAR,LABORATORIO LISTER CENTRO MEDICO DE TAMPICO,POZA RICA,3,,BASICO,,,,FUERA DE SERVICIO,En diagnostico por CENTRO ATN Y SERV. PUEBLA  DIAGNOSTICADO POR: TFA: TOLAMA SET JONATHAN Tel: 0000226261 - S/E 07/09/26 11:39:22  DIAGNOSTICO: no sincronia  HERRAMIENTAS: NO SE APLICO HER,,,,PAUL MARTINEZ CORDOVA,2222299345,,2026-09-07 11:13:06,UP,POZ - POZA RICA,CZA0005FOB7 - 2,VERHPOZ02095CZA0005F,CERRADA,326,CORDON ACOMET OPTICO,VSI,CASPUE OPERADORA INTERNET
,12596755,7717132740,PENDIENTE,HERRERA MOTORS DE HIDALGO,PACHUCA,3,,BASICO,,,,FUERA DE SERVICIO,En diagnostico por CENTRO ATN Y SERV. PUEBLA  DIAGNOSTICADO POR: TFA: RUIZ LUIS ENRIQUE Tel: 0123456789 - S/E 07/09/26 11:32:56  DIAGNOSTICO: S/S  HERRAMIENTAS: REACT-2000,,,,PILAR FELICIA FLORES GONZALEZ,2222299312,,2026-09-07 11:16:06,DOWN,PAC - PACHUCA,REV0086FOB2 - 3,HGOAREV04126REV0086F,CERRADA,912,DSLAM NO PUESTO SERV,VSI,PUEBLA OPERADORA TRANS
,12596772,7821111171,PENDIENTE,LABORATORIO LISTER CENTRO MEDICO DE TAMPICO,POZA RICA,3,,BASICO,CLL INDEPENDENCIA 1307 ENTRE ACUARIO Y LIBORIO COL MANUEL AVILA CAMACHO POZA RICA DE HIDALGO CP:93220,VE,,FUERA DE SERVICIO,En diagnostico por CENTRO ATN Y SERV. PUEBLA  DIAGNOSTICADO POR: TFA: TOLAMA SET JONATHAN Tel: 0000226261 - S/E 07/09/26 11:42:57  DIAGNOSTICO: no sincronia  HERRAMIENTAS: NO SE APLICO HER,,,,LUIS ALBERTO SERRANO CAMARILLO,2222299350,,2026-09-07 11:18:06,DOWN,POZ - POZA RICA,NAH0001FOC4 - 7,VERHPOZ05108NAH0001F,ABIERTA,,,VSI,CASPUE OPERADORA INTERNET
,12596830,2222819132,VALIDAR,ROUNDERWEAR SA DE CV,PUEBLA,3,,BASICO,,,,FUERA DE SERVICIO,En diagnostico por CENTRO ATN Y SERV. PUEBLA  DIAGNOSTICADO POR: TFA: CASTRO CLAUDIA Tel: 0000226269 - S/E 07/09/26 12:38:28  DIAGNOSTICO: FS  HERRAMIENTAS: NO SE APLICO HER,,,,LUIS ENRIQUE RUIZ PEREZ,2222299334,,2026-09-07 11:27:06,UP,SNP - SAN PEDRO,PZA0025FOB2 - 5,TLAAPZA02198PZA0025F,CERRADA,326,CORDON ACOMET OPTICO,VSI,ELIZABETH HERNANDEZ CASTRO
,12596848,2222810192,PENDIENTE,ROUNDERWEAR SA DE CV,PUEBLA,3,,BASICO,,,,FUERA DE SERVICIO,En diagnostico por CENTRO ATN Y SERV. PUEBLA  DIAGNOSTICADO POR: TFA: RUIZ LUIS ENRIQUE Tel: 0123456789 - S/E 07/09/26 11:37:56  DIAGNOSTICO: S/S  HERRAMIENTAS: REACT-2000,,,,MARIA LUISA RAMIREZ GARCIA,2222299332,,2026-09-07 11:29:06,DOWN,SNP - SAN PEDRO,PZA0025FOB2 - 2,TLAAPZA02198PZA0025F,CERRADA,906,REFERIDO A COMERCIAL,VSI,ELIZABETH HERNANDEZ CASTRO
,12596868,2222811814,PENDIENTE,ROUNDERWEAR SA DE CV,PUEBLA,3,,BASICO,,,,FUERA DE SERVICIO,En diagnostico por CENTRO ATN Y SERV. PUEBLA  DIAGNOSTICADO POR: TFA: FLORES PILAR FELICIA Tel: 2222222222 - S/E 07/09/26 11:40:24  DIAGNOSTICO: SIN SINCRONIA  HERRAMIENTAS: NO SE APLICO HER,,,,PAUL MARTINEZ CORDOVA,2222299345,,2026-09-07 11:32:06,DOWN,SNP - SAN PEDRO,PZA0025FOB2 - 4,TLAAPZA02198PZA0025F,CERRADA,906,REFERIDO A COMERCIAL,VSI,ELIZABETH HERNANDEZ CASTRO
,12596879,2313125670,VALIDAR,GRUPO MICRO TECNOLOGIA DEL GOL,JALAPA,3,,BASICO,AVE MIGUEL HIDALGO 803 - E COL. CENTRO TEZIUTLAN PU C.P. 54275 ENTRE RIVAPALACIO y 16 DE SE,PUEBLA,,DATOS,En diagnostico por CENTRO ATN Y SERV. PUEBLA  DIAGNOSTICADO POR: TFA: RUIZ LUIS ENRIQUE Tel: 0123456789 - S/E 07/09/26 11:40:10  DIAGNOSTICO: S/S  HERRAMIENTAS: REACT-2000,,,,PILAR FELICIA FLORES GONZALEZ,2222299312,,2026-09-07 11:33:06,UP,TEZ - TEZIUTLAN,TEZ0029FOA8 - 8,PUEAMIA01183TEZ0029F,CERRADA,331,RECONSTRUCCION TOTAL,VSI,PUEBLA OPERADORA TRANS
,12597019,2717145588,PENDIENTE,PROCURADURIA GENERAL DE JUSTICIA,CORDOBA,3,,BASICO,,,,FUERA DE SERVICIO,En diagnostico por CENTRO ATN Y SERV. PUEBLA  DIAGNOSTICADO POR: TFA: VIDAL CECILIA Tel: 2222222222 - S/E 07/09/26 12:01:19  DIAGNOSTICO: FS  HERRAMIENTAS: NO SE APLICO HER,,,,LUIS ALBERTO SERRANO CAMARILLO,2222299350,,2026-09-07 11:53:06,DOWN,PEU - PE¦UELA,COB0007FOA3 - 1,VERACOB02166COB0007F,CERRADA,122,MODEM OPTICO (ONT),VSI,ADRIANA LEON GONZALEZ
,12597062,CB2-2009-0301,PENDIENTE,"BANCO SANTANDER MEXICO S.A., INSTITUCION DE BANCA MULTIPLE,",VERACRUZ,3,FRAMBOYANES,ENLACES,Clle ACACIAS MZ 11 LT 2 S/N ZIND BRUNO PAGLIAI C.P 91697,VERACRUZ,,FUERA DE SERVICIO,cope lerdo,,,,CECILIA VIDAL LOZADA,2222299339,,2026-09-07 12:01:06,DOWN,,,,,,,,PUEBLA OPERADORA TRANS
,12597224,CB2-2606-0200,Personal en sitio indica que NO tienen problemas con el enlace. En conferencia con CRISTIAN VAZQUEZ COU y CARLOS LARA CM se acuerda regresar a revisar nuevamente el equipo y verificar si se requiere el cambio de demarcador.,CADENA COMERCIAL OXXO,VERACRUZ,3,MOCAMBO,ENLACES,Blvd MANUEL AVILA CAMACHO 5256 0 COL BOCA DEL RIO CENTRO C.P 94290,BOCA DEL RIO,,FUERA DE SERVICIO,En diagnostico por CENTRO ATN Y SERV. PUEBLA  DIAGNOSTICADO POR: TFA: HERNANDEZ JUAN CARLOS Tel: 2222226258 - S/E 07/09/26 12:47:56  DIAGNOSTICO: a  HERRAMIENTAS: REACT-2000,,,,JUAN CARLOS HERNANDEZ MUNOZ,2222299341,106.12.200.139,2026-09-07 12:32:06,UP,,,,,,,,PUEBLA OPERADORA TRANS
,12597412,7717192542,VALIDAR,DTS MEXICO S DE RL,PACHUCA,3,,BASICO,,,,FUERA DE SERVICIO,En diagnostico por CENTRO ATN Y SERV. PUEBLA  DIAGNOSTICADO POR: TFA: CASTRO CLAUDIA Tel: 0000226269 - S/E 07/09/26 13:56:47  DIAGNOSTICO: FS  HERRAMIENTAS: NO SE APLICO HER,,,,LUIS ENRIQUE RUIZ PEREZ,2222299334,,2026-09-07 13:07:06,UP,PAC - PACHUCA,LLC0002FOB1 - 1,HGOAPAH03125LLC0002F,CERRADA,332,C ACOMETIDA OPT>250M,VSI,ELIZABETH HERNANDEZ CASTRO
,12597517,2856881892,VALIDAR,INMOBILIARIA PURGA SA DE CV,VERACRUZ,3,,BASICO,,,,DATOS,En diagnostico por CENTRO ATN Y SERV. PUEBLA  DIAGNOSTICADO POR: TFA: TOLAMA SET JONATHAN Tel: 0000226261 - S/E 07/09/26 13:31:16  DIAGNOSTICO: no sincronia  HERRAMIENTAS: NO SE APLICO HER,,,,MARIA LUISA RAMIREZ GARCIA,2222299332,,2026-09-07 13:24:06,UP,MOA - MOCAMBO,PVF0005FOC4 - 2,VERHBRO03054PVF0005F,ABIERTA,326,CORDON ACOMET OPTICO,VSI,MARIA MARTINA SILVIA JARAMILLO CORTEZ
,12597539,2461174251,PENDIENTE,REFACCIONARIA ROGELIO SA DE CV,TLAXCALA,3,,BASICO,,,,FUERA DE SERVICIO,En diagnostico por CENTRO ATN Y SERV. PUEBLA  DIAGNOSTICADO POR: TFA: VIDAL CECILIA Tel: 2222222222 - S/E 07/09/26 13:52:36  DIAGNOSTICO: FS  HERRAMIENTAS: NO SE APLICO HER,,,,PAUL MARTINEZ CORDOVA,2222299345,,2026-09-07 13:26:06,DOWN,TLX - CT TLAXCALA,ZAT0021FOD8 - 1,TLAHZAT02109ZAT0021F,CERRADA,326,CORDON ACOMET OPTICO,VSI,GABRIELA ENCINAS CASTRO
,12597563,7898966612,PENDIENTE,TIENDAS SUPER PRECIO,POZA RICA,3,,BASICO,"<><> CLL NUEVO LEON 18, COL. SANTA IRENE, HUEJUTLA DE REYES HG C.P. 43000",,TPN - CT TUXPAN,FUERA DE SERVICIO,En diagnostico por CENTRO ATN Y SERV. CAFETALES  DIAGNOSTICADO POR: TFA: MARQUEZ MARIANA Tel: 2115760000 - S/E 07/09/26 13:41:03  DIAGNOSTICO: FUERA DE SERVICIO/ SIN SERVICIO/  HERRAMIENTAS: NO SE APLICO HER,,,,LUIS ENRIQUE RUIZ PEREZ,2222299334,,2026-09-07 13:34:06,DOWN,TPN - CT TUXPAN,HUR0010FOC1 - 3,HGOHHUR01033HUR0010F,ABIERTA,,,VSI,GRACIELA PEREZ PAEZ
,12597570,2464168621,VALIDAR,"USET-JEFATURA SECTOR EDUCACION,",TLAXCALA,3,,BASICO,,,,FUERA DE SERVICIO,En diagnostico por CENTRO ATN Y SERV. PUEBLA  DIAGNOSTICADO POR: TFA: VIDAL CECILIA Tel: 2222222222 - S/E 07/09/26 13:57:13  DIAGNOSTICO: FS  HERRAMIENTAS: NO SE APLICO HER,,,,PILAR FELICIA FLORES GONZALEZ,2222299312,,2026-09-07 13:34:06,UP,TLX - CT TLAXCALA,TLX0111FOB3 - 8,TLAHTLX01123TLX0111F,CERRADA,325,TERMINAL SECUN. FTTH,VSI,ELIZABETH HERNANDEZ CASTRO
,12597741,771 7177840,VALIDAR,MUNICIPIO DE PACHUCA DE SOTO,PACHUCA,3,,BASICO,,,,LLAMADA,En diagnostico por CENTRO ATN Y SERV. PUEBLA  DIAGNOSTICADO POR: TFA: VIDAL CECILIA Tel: 2222222222 - S/E 07/09/26 14:39:22  DIAGNOSTICO: FS  HERRAMIENTAS: NO SE APLICO HER,,,,LUIS ALBERTO SERRANO CAMARILLO,2222299350,,2026-09-07 14:08:06,UP,CT PACHUCA,REV0053FOC3 - 6,HGOAREV04030REV0053F,ABIERTA,,,VSI,JUDITH DIAZ LOZANO
,12597902,7838371709,VALIDAR,UNIVERSIDAD DEL GOLFO DE MEXIC,POZA RICA,3,,BASICO,,,,LLAMADA,En diagnostico por CENTRO ATN Y SERV. PUEBLA  DIAGNOSTICADO POR: TFA: VIDAL CECILIA Tel: 2222222222 - S/E 07/09/26 15:18:03  DIAGNOSTICO: FS  HERRAMIENTAS: NO SE APLICO HER,,,,LUIS ENRIQUE RUIZ PEREZ,2222299334,,2026-09-07 14:53:06,UP,TPN - CT TUXPAN,TPN0035FOA6 - 7,VERATPN03016TPN0035F,CERRADA,332,C ACOMETIDA OPT>250M,VSI,ADRIANA LEON GONZALEZ
,12598105,TKS-1602-0337,,INSTITUTO MEXICANO DEL SEGURO SOCIAL,PUEBLA,3,REFORMA,ENLACES,Clle 4 NORTE 2005 SS/N COL CENTRO C.P 72000,HEROICA PUEBLA DE ZARAGOZA,,FUERA DE SERVICIO,En diagnostico por CENTRO ATN Y SERV. PUEBLA  DIAGNOSTICADO POR: TFA: DOMINGUEZ JOSE ARMANDO Tel: 2222299300 - S/E 07/09/26 16:18:53  DIAGNOSTICO: HERRAMIENTAS: NO SE APLICO HER,,,,JUAN CARLOS GUTIERREZ DIAZ,2222299355,,2026-09-07 15:56:06,,,,,,,,,PUEBLA OPERADORA TRANS
,12598286,2979735093,VALIDAR,CADENA COMERCIAL OXXO,VERACRUZ,3,,BASICO,,,,FUERA DE SERVICIO,En diagnostico por CENTRO ATN Y SERV. CAFETALES  DIAGNOSTICADO POR: TFA: RAMIREZ ARACELI Tel: 1111211257 - S/E 07/09/26 16:58:11  DIAGNOSTICO: FUERA DE SERVICIO/ SIN SERVICIO/  HERRAMIENTAS: PISA,,,,PAUL MARTINEZ CORDOVA,2222299345,,2026-09-07 16:56:06,UP,MOA - MOCAMBO,RVO1001FOD4 - 8,VERHALV01107RVO1001F,CERRADA,328,CABLE SECUN FIBRA OP,Infinitum Puro,MONICA CONTRERAS ALQUICIRA
,12598355,2288116682,PENDIENTE,FIRST CASH SA DE CV,JALAPA,3,,BASICO,,,,ASISTENCIA A PRUEBAS,En diagnostico por CENTRO ATN Y SERV. PUEBLA  DIAGNOSTICADO POR: TFA: FLORES ISRAEL Tel: 2222222222 - S/E 07/09/26 17:22:46  DIAGNOSTICO: HERRAMIENTAS: REACT-2000,,,,MARIA LUISA RAMIREZ GARCIA,2222299332,,2026-09-07 17:15:06,DOWN,CRI - CT CRISTAL,,VERAJAL10228TJN0014F,CERRADA,476,REAPROVISIONA VOZ,VSI,MARIA MARTINA SILVIA JARAMILLO CORTEZ
,12598379,2296887043,VALIDAR,UNINET,VERACRUZ,3,,IDN,,,,CORTE,En diagnostico por CENTRO ATN Y SERV. PUEBLA  DIAGNOSTICADO POR: TFA: ZAMBRANO JAVIER ALEJANDRO Tel: 2222299335 - S/E 07/09/26 18:38:28  DIAGNOSTICO: RESULTADOS DE LA PRUEBA DE BANDA ANCHA EN TIEMPO REAL Id Contrato : 2296887043 Hora ejecución : 2026-09-07 18:36:19  Estado Administrativo  Estado Operativo  Estado del Flujo del Servicio  Información del Equipo GPON División	SUR Área	VERACRUZ Nombre PON	VERHLER01113TWM0013F Equipo GPON	VERGLERDO-01 Tecnología	GPONH Ubicacion B - R - T,,,,PAUL MARTINEZ CORDOVA,2222299345,,2026-09-07 17:20:06,UP,LER - CT LERDO,TWM0013FOA8 - 4,VERHLER01113TWM0013F,CERRADA,701,REV. S/FALTA C/A P E,GPON EMPRESARIAL,PUEBLA OPERADORA TRANS
,12598500,TKS-1608-0375,,CONSEJO ESTATAL DE COORDINACION DEL SISTEMA NACIONAL DE SEGURIDAD PUBLICA,PUEBLA,3,MAYORAZGO,ENLACES,Ctra CAMINO VECINAL A SANTA CRUZ ALPUYECA S/N KM 68.5 S/N S/N RRIA GUADALUPE VICTORIA (GUADALUPE DEL MORAL) C.P 72988,AMOZOC DE MOTA,,FUERA DE SERVICIO,En diagnostico por CENTRO ATN Y SERV. PUEBLA  DIAGNOSTICADO POR: TFA: DOMINGUEZ JOSE ARMANDO Tel: 2222299300 - S/E 07/09/26 18:20:00  DIAGNOSTICO: HERRAMIENTAS: NO SE APLICO HER,,,,DANIEL CHRISTIAN VIDAL LOZADA,2222299342,,2026-09-07 17:49:06,,,,,,,,,PUEBLA OPERADORA TRANS
,12598528,2299811981,VALIDAR,GAS EXPRESS NIETO SA CV,VERACRUZ,3,,BASICO,CRT FEDERAL VERACRUZ JALAPA 0 COL. DELFINO VICTORIA Manzana: KM Lote: 170 VERACRUZ VE C.P. 916,VERACRUZ,,FUERA DE SERVICIO,En diagnostico por CENTRO ATN Y SERV. PUEBLA  DIAGNOSTICADO POR: TFA: FLORES ISRAEL Tel: 2222222222 - S/E 07/09/26 18:20:01  DIAGNOSTICO: HERRAMIENTAS: REACT-2000,,,,PILAR FELICIA FLORES GONZALEZ,2222299312,,2026-09-07 18:02:06,UP,LER - CT LERDO,FTS0003FOC2 - 3,VERHFRM01044FTS0003F,CERRADA,326,CORDON ACOMET OPTICO,VSI,MARIA MARTINA SILVIA JARAMILLO CORTEZ
,12598553,2299812001,VALIDAR,GAS EXPRESS NIETO SA CV,VERACRUZ,3,,BASICO,CRT FEDERAL VERACRUZ JALAPA 0 COL. DELFINO VICTORIA Manzana: KM Lote: 170 VERACRUZ VE C.P. 916,VERACRUZ,,FUERA DE SERVICIO,En diagnostico por CENTRO ATN Y SERV. PUEBLA  DIAGNOSTICADO POR: RMA: NOLASCO JORGE RAMON Tel: 0000026260 - S/E 07/09/26 18:06:23  DIAGNOSTICO: HERRAMIENTAS: NO SE APLICO HER,,,,LUIS ALBERTO SERRANO CAMARILLO,2222299350,,2026-09-07 18:04:06,UP,LER - CT LERDO,FTS0003FOC2 - 7,VERHFRM01044FTS0003F,CERRADA,326,CORDON ACOMET OPTICO,VSI,MARIA MARTINA SILVIA JARAMILLO CORTEZ
,12598569,2966884208,VALIDAR,CFE TELECOMUNICACIONES E INTERNET PARA TODOS,VERACRUZ,3,,BASICO,,,,FUERA DE SERVICIO,En diagnostico por CENTRO ATN Y SERV. PUEBLA  DIAGNOSTICADO POR: TFA: ZAMBRANO JAVIER ALEJANDRO Tel: 2222299335 - S/E 07/09/26 19:38:23  DIAGNOSTICO: ESULTADOS DE LA PRUEBA DE BANDA ANCHA EN TIEMPO REAL Id Contrato : 2966884208 Hora ejecución : 2026-09-07 19:36:46  Estado Administrativo  Estado Operativo  Estado del Flujo del Servicio  Información del Equipo GPON División	SUR Área	VERACRUZ Nombre PON	VERAZEM01047ZEM0007F Equipo GPON	VERGZEMPOALA-01 Tecnología	GPON Ubicacion B - R - T,,,,LUIS ENRIQUE RUIZ PEREZ,2222299334,,2026-09-07 18:05:06,UP,ALT - CT MANLIO FABIO ALTAMIRANO,ZEM0007FOD1 - 1,VERAZEM01047ZEM0007F,CERRADA,326,CORDON ACOMET OPTICO,Infinitum Puro,PUEBLA OPERADORA TRANS
,12598676,2281293122,VALIDAR,GAS DEL ATLANTICO,JALAPA,3,,BASICO,"CRT COATEPEC LAS TRANCAS, CENTRO COATEPEC, VER. CP: 91500 COATEPEC CP:91500",VE,,FUERA DE SERVICIO,En diagnostico por CENTRO ATN Y SERV. PUEBLA  DIAGNOSTICADO POR: TFA: ZAMBRANO JAVIER ALEJANDRO Tel: 2222299335 - S/E 07/09/26 19:44:14  DIAGNOSTICO: RESULTADOS DE LA PRUEBA DE BANDA ANCHA EN TIEMPO REAL Id Contrato : 2281293122 Hora ejecución : 2026-09-07 19:42:29  Estado Administrativo  Estado Operativo  Estado del Flujo del Servicio  Información del Equipo GPON División	SUR Área	JALAPA Nombre PON	VERACOA02040COA0048F Equipo GPON	VERGCOATEPEC-02 Tecnología	GPON Ubicacion B - R - T,,,,MARIA LUISA RAMIREZ GARCIA,2222299332,,2026-09-07 18:37:06,UP,SPD - CT SAN BRUNO,COA0048FOA2 - 1,VERACOA02040COA0048F,CERRADA,331,RECONSTRUCCION TOTAL,VSI,ADRIANA LEON GONZALEZ
,12598730,2888828990,PENDIENTE,CONTROLADORA DE NEGOCIOS COMERCIALES / CASE CAFETALES,VERACRUZ,3,,BASICO,,,,FUERA DE SERVICIO,LIQUIDAR,,326 Cordon acomet. Opt.,,PILAR FELICIA FLORES GONZALEZ,2222299312,,2026-09-07 18:53:06,DOWN,COS - CT COSAMALOAPAN,ACS0003FOA5 - 5,VERHCOS01021ACS0003F,ABIERTA,,,Infinitum Puro,MONICA CONTRERAS ALQUICIRA
,12598911,2222494480,PENDIENTE,MUNICIPIO DE PUEBLA,PUEBLA,3,,IDN,,,,FUERA DE SERVICIO,En diagnostico por CENTRO ATN Y SERV. PUEBLA  DIAGNOSTICADO POR: TFA: ZAMBRANO JAVIER ALEJANDRO Tel: 2222299335 - S/E 07/09/26 22:34:21  DIAGNOSTICO: El numero telefonico 2222494480 esta mal configurado en planta o no esta registrado con servicios ADSL.  HERRAMIENTAS: NO SE APLICO HER,,,,PAUL MARTINEZ CORDOVA,2222299345,,2026-09-07 20:49:06,DOWN,SNP - SAN PEDRO,LPA2006FOD3 - 1,PUEALPA07036LPA2006F,ABIERTA,,,GPON EMPRESARIAL,MARIA MARTINA SILVIA JARAMILLO CORTEZ
,12598958,9244887090,PENDIENTE,TIENDAS SUPER PRECIO,COATZACOALCOS,3,,BASICO,CALLE MIGUEL HIDALGO NUMERO 604 COLONIA BARRIO PRIMERO OLUTA VERACRUZ C.P. 96160,,,FUERA DE SERVICIO (INT),En diagnostico por CENTRO ATN Y SERV. CAFETALES  DIAGNOSTICADO POR: RMA: MENDOZA VICTOR MANUEL Tel: 0000211103 - S/E 07/09/26 22:02:15  DIAGNOSTICO: Resp. Angel Rizo 7531135360 Voz no se usa Datos down  HERRAMIENTAS: NO SE APLICO HER,,,,LUIS ALBERTO SERRANO CAMARILLO,2222299350,,2026-09-07 21:34:06,DOWN,ACY - CT ACAYUCAN,OLU0001FOD8 - 8,VERAACY02077OLU0001F,CERRADA,,,VSI,VICTOR MANUEL MENDOZA MEDOZA
,12599049,2291651434,VALIDAR,OXXO TECNOLOGICO,VERACRUZ,3,,BASICO,AVE MIGUEL ANGEL DE QUEVEDO 2690 J M GARCíA SUBNUMERO 1 COL. FORMANDO HOGAR VERACRUZ VE C.P. 9,VERACRUZ,LER-LERDO,DATOS,En diagnostico por CENTRO ATN Y SERV. CAFETALES  DIAGNOSTICADO POR: TFA: POMPA XOCHITL Tel: 0000211173 - S/E 07/09/26 23:32:24  DIAGNOSTICO: SIN DATOS  HERRAMIENTAS: NO SE APLICO HER,,,,LUIS ENRIQUE RUIZ PEREZ,2222299334,,2026-09-07 23:30:06,UP,LER - CT LERDO,TWM0002FOC4 - 4,VERHLER05143TWM0002F,ABIERTA,,,Infinitum Puro,XOCHITL POMPA MONCADA
,12599165,2221443265,PENDIENTE,UNINET,PUEBLA,2,,IDN,"CLL CARRIL SAN BARTOLO, CASA BLANCA PUEBLA CP: 72190 HEROICA PUEBLA DE ZA CP:72190",PU,,FUERA DE SERVICIO,En diagnostico por CENTRO ATN Y SERV. PUEBLA  DIAGNOSTICADO POR: TFA: VIDAL DANIEL CHRISTIAN Tel: 0000026259 - S/E 08/09/26 04:42:20  DIAGNOSTICO: HERRAMIENTAS: REACT-2000,,,,PILAR FELICIA FLORES GONZALEZ,2222299312,,2026-09-08 03:52:06,DOWN,AUC - CT AMALUCAN,BKA0004FOA2 - 3,PUEHFUR05072BKA0004F,ABIERTA,,,GPON EMPRESARIAL,PUEBLA OPERADORA TRANS
,12599245,2784892937,VALIDAR,UNINET,CORDOBA,2,,IDN,,,,FUERA DE SERVICIO,IN2609_012158,,327 Cable principal FTTH,,LUIS ALBERTO SERRANO CAMARILLO,2222299350,,2026-09-08 05:54:06,UP,PEU - PE¦UELA,YAG0012FOB7 - 7,VERAYAG02011YAG0012F,CERRADA,326,CORDON ACOMET OPTICO,GPON EMPRESARIAL,PUEBLA OPERADORA TRANS
,12599337,7838371678,PENDIENTE,SECRETARIA DE MARINA,POZA RICA,2,,BASICO,"CRT A LA BARRA VIEJA NUM 6500 COL. LA CALZADA, TUXPAN, VERACRUZ",,,DATOS,En diagnostico por CENTRO ATN Y SERV. CAFETALES  DIAGNOSTICADO POR: TFA: CERVANTES JESUS Tel: 1126711107 - S/E 08/09/26 07:30:14  DIAGNOSTICO: HERRAMIENTAS: NO SE APLICO HER,,,,MARIA LUISA RAMIREZ GARCIA,2222299332,,2026-09-08 07:11:06,DOWN,TPN - CT TUXPAN,ARM0012FOB4 - 2,VERATPN03163ARM0012F,ABIERTA,,,VSI,JESUS CERVANTES ROBLES
,12599391,FB2-1610-0016,,SECRETARIA DE SEGURIDA Y PROTECCION CUIDADANA,MERIDA,2,OAXACA,ENLACES,"Clle NO CATALOGADA FAVOR DE MODIFICAR S/N S/N COL ASENTAMIENTO NO CATALOGADO, SELECCIONAR C.P",SANTA CRUZ XOXOCOTLAN,,FUERA DE SERVICIO,En diagnostico por CENTRO ATN Y SERV. PUEBLA  DIAGNOSTICADO POR: TFA: SERRANO LUIS ALBERTO Tel: 0000026285 - S/E 08/09/26 08:38:35  DIAGNOSTICO: SIN SERVICIO  HERRAMIENTAS: NO SE APLICO HER,,,,CECILIA VIDAL LOZADA,2222299339,,2026-09-08 07:49:06,,,,,,,,,PUEBLA OPERADORA TRANS
,12599399,7666880987,VALIDAR,CFE,POZA RICA,2,,BASICO,,,,FUERA DE SERVICIO (INT),En diagnostico por CENTRO ATN Y SERV. CAFETALES  DIAGNOSTICADO POR: TFA: CERVANTES JESUS Tel: 1126711107 - S/E 08/09/26 07:55:57  DIAGNOSTICO: HERRAMIENTAS: NO SE APLICO HER,,,,PAUL MARTINEZ CORDOVA,2222299345,,2026-09-08 07:54:06,UP,POZ - POZA RICA,GZA0017FOA7 - 8,VERAGZA01022GZA0017F,CERRADA,326,CORDON ACOMET OPTICO,Infinitum Puro,JESUS CERVANTES ROBLES
,12599454,2253151128,PENDIENTE,INSTITUTO TECNOLOGICO DE URSUL,JALAPA,2,,BASICO,,,,FUERA DE SERVICIO,En diagnostico por CENTRO ATN Y SERV. PUEBLA  DIAGNOSTICADO POR: TFA: RUIZ LUIS ENRIQUE Tel: 0123456789 - S/E 08/09/26 08:25:29  DIAGNOSTICO: S/S  HERRAMIENTAS: REACT-2000,,,,LUIS ENRIQUE RUIZ PEREZ,2222299334,,2026-09-08 08:18:06,DOWN,MTZ - MARTINEZ DE LA TORRE,TLP0016FOA2 - 4,VERATLP01021TLP0016F,ABIERTA,,,VSI,JUDITH DIAZ LOZANO
,12599484,2411076007,VALIDAR,CFE TELECOMUNICACIONES E INTERNET PARA TODOS,TLAXCALA,2,,BASICO,,,,FUERA DE SERVICIO (INT),En diagnostico por CENTRO ATN Y SERV. CAFETALES  DIAGNOSTICADO POR: TFA: ALCARAZ FERNANDO Tel: 1110511184 - S/E 08/09/26 08:33:39  DIAGNOSTICO: HERRAMIENTAS: NO SE APLICO HER,,,,PILAR FELICIA FLORES GONZALEZ,2222299312,,2026-09-08 08:24:06,UP,API - CT APIZACO,QLN0003FOC4 - 3,TLAHAPI03045QLN0003F,CERRADA,331,RECONSTRUCCION TOTAL,Infinitum Puro,FERNANDO ALCARAZ ANITA
,12599494,2838710429,VALIDAR,CFE TELECOMUNICACIONES E INTERNET PARA TODOS,CORDOBA,2,,BASICO,,,,DATOS,En diagnostico por CENTRO ATN Y SERV. CAFETALES  DIAGNOSTICADO POR: TFA: CERVANTES JESUS Tel: 1126711107 - S/E 08/09/26 08:29:00  DIAGNOSTICO: HERRAMIENTAS: NO SE APLICO HER,,,,LUIS ALBERTO SERRANO CAMARILLO,2222299350,,2026-09-08 08:27:06,UP,TTP - TUXTEPEC,PLV0007FOD9 - 1,VERHPLV01014PLV0007F,CERRADA,332,C ACOMETIDA OPT>250M,Infinitum Puro,JESUS CERVANTES ROBLES
,12599549,2222496042,VALIDAR,"CONSUBANCO, SA, INSTITUCION DE BANCA MULTIPLE",PUEBLA,2,,BASICO,CALLE PASEO OPERA NUMERO 2 LOCAL 10 ENTRE PASEO SINFONIA Y BOLUEVARD AMERICA COLONIA FRACCIONAMIENTO LOMAS DE ANGELOPO,,,FUERA DE SERVICIO,LIQUIDAR,,325 Conexion a trem. Opt.,,LUIS ENRIQUE RUIZ PEREZ,2222299334,,2026-09-08 08:43:06,UP,SNP - SAN PEDRO,OEG0050FOA6 - 6,PUEAZER05062OEG0050F,CERRADA,325,TERMINAL SECUN. FTTH,VSI,MARTHA CHAVARRIA MARTINEZ
,12599572,2291922666,PENDIENTE,UNINET S.A. DE C.V.,VERACRUZ,2,,IDN,,,,FUERA DE SERVICIO,En diagnostico por CENTRO ATN Y SERV. METRO  DIAGNOSTICADO POR: TFA: HERNANDEZ HECTOR ODIN Tel: 2124330000 - S/E 08/09/26 09:36:37  DIAGNOSTICO: DX  HERRAMIENTAS: PISA,,,,MARIA LUISA RAMIREZ GARCIA,2222299332,,2026-09-08 08:46:06,DOWN,LER - CT LERDO,FTS0003FOA2 - 1,VERHFRM01030FTS0003F,ABIERTA,,,GPON EMPRESARIAL,CASMEX OPERADORA INTERNET
,12599572,2291922666,PENDIENTE,UNINET S.A. DE C.V.,VERACRUZ,2,,IDN,,,,FUERA DE SERVICIO,En diagnostico por CENTRO ATN Y SERV. METRO  DIAGNOSTICADO POR: TFA: HERNANDEZ HECTOR ODIN Tel: 2124330000 - S/E 08/09/26 09:36:37  DIAGNOSTICO: DX  HERRAMIENTAS: PISA,,,,MARIA LUISA RAMIREZ GARCIA,2222299332,,2026-09-08 08:46:06,DOWN,LER - CT LERDO,FTS0003FOA2 - 1,VERHFRM01030FTS0003F,ABIERTA,,,GPON EMPRESARIAL,CASMEX OPERADORA INTERNET
,12599695,2299863229,VALIDAR,SECRETARIA DE EDUCACION,VERACRUZ,2,,BASICO,,,,DATOS,En diagnostico por CENTRO ATN Y SERV. CAFETALES  DIAGNOSTICADO POR: TFA: MARQUEZ MARIANA Tel: 2115760000 - S/E 08/09/26 09:16:30  DIAGNOSTICO: DATOS/ CORTES/  HERRAMIENTAS: NO SE APLICO HER,,,,MARIA LUISA RAMIREZ GARCIA,2222299332,,2026-09-08 09:14:06,UP,MOA - MOCAMBO,BRO0053FOA5 - 3,VERHBRO03088BRO0053F,ABIERTA,,,VSI,MIGUEL ANGEL LUGO REZA
,12599771,2293750210,PENDIENTE,MUNICIPIO DE VERACRUZ VER,VERACRUZ,2,,BASICO,,,,FUERA DE SERVICIO,En diagnostico por CENTRO ATN Y SERV. PUEBLA  DIAGNOSTICADO POR: TFA: TOLAMA SET JONATHAN Tel: 0000226261 - S/E 08/09/26 09:36:50  DIAGNOSTICO: no sincronia  HERRAMIENTAS: NO SE APLICO HER,,,,PAUL MARTINEZ CORDOVA,2222299345,,2026-09-08 09:25:06,DOWN,LER - CT LERDO,LIF0007FOD5 - 7,VERHFRM01084LIF0007F,ABIERTA,,,VSI,PUEBLA OPERADORA TRANS
,12599944,2333118123,PENDIENTE,TELECOMM,JALAPA,2,,BASICO,CLL MIGUEL HIDALGO 45 COL. CENTRO SAN MIGUEL TENEXTATILOYAN PU C.P. 54275 ENTRE AGUSTIN MELGA,PUEBLA,,FUERA DE SERVICIO,En diagnostico por CENTRO ATN Y SERV. CAFETALES  DIAGNOSTICADO POR: RMA: MARQUEZ MARIANA Tel: 2115760000 - S/E 08/09/26 10:02:24  DIAGNOSTICO: FUERA DE SERVICIO/ SIN SERVICIO/  HERRAMIENTAS: NO SE APLICO HER,,,,PAUL MARTINEZ CORDOVA,2222299345,,2026-09-08 09:53:06,DOWN,TEZ - TEZIUTLAN,NMT0002E3 - 8,,CERRADA,309,CAMBIO PAR SECUNDARI,Red de Cobre,FERNANDO ALCARAZ ANITA
,12599947,C02-2411-0029,VALIDAR,BIMBO,PACHUCA,2,PACHOACAN,ENLACES,Blvd A LA PROVIDENCIA 109 S/N FRAC LA REFORMA C.P 42186,"REFORMA, LA (MINERAL)",,FUERA DE SERVICIO,Mod Masivo: ATIENDE LD LÌNEAS,,,,JUAN CARLOS HERNANDEZ MUNOZ,2222299341,10.15.95.84,2026-09-08 09:53:06,UP,,,,,,,,PUEBLA OPERADORA TRANS
,12599984,2222303748,PENDIENTE,INFORMACION DIGITAL VERTICE,PUEBLA,2,,BASICO,,,,FUERA DE SERVICIO,En diagnostico por CENTRO ATN Y SERV. MERIDA  DIAGNOSTICADO POR: RMA: MARTINEZ YOSELIN Tel: 0000012345 - S/E 08/09/26 10:07:01  DIAGNOSTICO: HERRAMIENTAS: AWS,,,,PILAR FELICIA FLORES GONZALEZ,2222299312,,2026-09-08 10:04:06,DOWN,SNP - SAN PEDRO,LPA0035FOB3 - 2,PUEALPA05011LPA0035F,ABIERTA,,,VSI,MIRIAM PATRICIA ARRIGUNAGA ESCALANTE
,12600004,D32-1205-1133,PENDIENTE,COMISION NACIONAL DEL AGUA,COATZACOALCOS,2,PAJARITOS,ENLACES,Clle EJIDO GAVILAN SUR S/N S/N COL CANGREJERA C.P 96384,COATZACOALCOS,,FUERA DE SERVICIO,cm coz,,,,JUAN CARLOS GUTIERREZ DIAZ,2222299355,,2026-09-08 10:11:06,DOWN,,,,,,,,PUEBLA OPERADORA TRANS
,12600023,7666880678,VALIDAR,CFE TELECOMUNICACIONES E INTERNET PARA TODOS,POZA RICA,2,,BASICO,,,,FUERA DE SERVICIO (INT),En diagnostico por CENTRO ATN Y SERV. CAFETALES  DIAGNOSTICADO POR: TFA: MARQUEZ MARIANA Tel: 2115760000 - S/E 08/09/26 10:19:12  DIAGNOSTICO: FUERA DE SERVICIO (INT)/  HERRAMIENTAS: NO SE APLICO HER,,,,PILAR FELICIA FLORES GONZALEZ,2222299312,,2026-09-08 10:10:06,UP,POZ - POZA RICA,TLU0004FOG8 - 5,VERATLU01014TLU0004F,CERRADA,326,CORDON ACOMET OPTICO,Infinitum Puro,FERNANDO ALCARAZ ANITA
,12600033,7898950397,VALIDAR,CECYTEV PLATONSANCHEZ,POZA RICA,2,,BASICO,CRT PLATON SANCHEZ 1 SUBNUMERO 1 COL. CENTRO PLATON SANCHEZ VE C.P. 54275 ENTRE CECYTEV,VERACRUZ,,FUERA DE SERVICIO,CT TUXPAN | SIN ASIGNACION,,,,LUIS ALBERTO SERRANO CAMARILLO,2222299350,,2026-09-08 10:13:06,UP,TPN - CT TUXPAN,,VER-PLATONSANCHEZ-4,CERRADA,926,MIGRACION X QUEJA,VSI,MARIA MARTINA SILVIA JARAMILLO CORTEZ
,12600089,7786882047,VALIDAR,CFE TELECOMUNICACIONES E INTERNET PARA TODOS,PACHUCA,2,,BASICO,AVENIDA REFORMA NUMERO 18 COLONIA CENTRO AJACUBA HIDALGO C.P. 42150.,,,DATOS,En diagnostico por CENTRO ATN Y SERV. CAFETALES  DIAGNOSTICADO POR: TFA: MARQUEZ MARIANA Tel: 2115760000 - S/E 08/09/26 10:28:14  DIAGNOSTICO: DATOS/ NO ACCESA A INTERNE  HERRAMIENTAS: NO SE APLICO HER,,,,LUIS ALBERTO SERRANO CAMARILLO,2222299350,,2026-09-08 10:24:06,UP,TUA - TULA,AJC0008FOC5 - 7,HGOHTHP01018AJC0008F,CERRADA,122,MODEM OPTICO (ONT),Infinitum Puro,ARACELI RAMIREZ NERI
,12600111,2222534690,VALIDAR,SDN 9 RBR Y EMB,PUEBLA,2,,BASICO,CALL 9 NO REGIMIENTO BLINDADO COLONIA IGNACIO ZARAGOZA HEROICA PUEBLA DE ZARAGOZA C.P. 42838.,PUEBLA,AUC - CT AMALUCAN,FUERA DE SERVICIO,CASCAF FAVOR DE VALIDAR Y LIQUIDAR,,327 Cable principal FTTH,,CLAUDIA CASTRO SANCHEZ,2222299352,,2026-09-08 10:26:06,UP,AUC - CT AMALUCAN,CPP0035FOB8 - 3,PUEHFUR09079CPP0035F,CERRADA,327,CABLE PRIN. FIBRA OP,VSI,ISRAEL CRUZ ESCOBAR
,12600123,2966883371,PENDIENTE,CFE TELECOMUNICACIONES E INTERNET PARA TODOS,VERACRUZ,2,,BASICO,CALLE CARMEN VIVEROS CRUZ NUMERO 1 ENTRE MIGUEL HIDALGO Y CARR A ZEMPOALA COLONIA CENTRO ZEMPOAL,,,DATOS,PEXT PENDIENTE - FAVOR DE ATENDER REPORTE,,,,MARIA LUISA RAMIREZ GARCIA,2222299332,,2026-09-08 10:28:06,DOWN,ALT - CT MANLIO FABIO ALTAMIRANO,ZEM0007FOC2 - 5,VERAZEM01042ZEM0007F,ABIERTA,,,Infinitum Puro,ARACELI RAMIREZ NERI
,12600196,7898960128,PENDIENTE,INDUSTRIAL PATRONA SA DE CV,POZA RICA,2,,BASICO,,,,FUERA DE SERVICIO,En diagnostico por CENTRO ATN Y SERV. PUEBLA  DIAGNOSTICADO POR: TFA: VIDAL CECILIA Tel: 2222222222 - S/E 08/09/26 11:29:32  DIAGNOSTICO: FS  HERRAMIENTAS: NO SE APLICO HER,,,,LUIS ENRIQUE RUIZ PEREZ,2222299334,,2026-09-08 10:46:06,DOWN,TPN - CT TUXPAN,HUR0038FOC5 - 7,HGOHHUR01010HUR0038F,ABIERTA,,,VSI,PUEBLA OPERADORA TRANS
,12600201,2878710459,VALIDAR,TELMEX CENTRALES INTERNET,CORDOBA,2,,BASICO,,,,FUERA DE SERVICIO,En diagnostico por CENTRO ATN Y SERV. PUEBLA  DIAGNOSTICADO POR: TFA: RUIZ LUIS ENRIQUE Tel: 0123456789 - S/E 08/09/26 10:46:16  DIAGNOSTICO: S/S  HERRAMIENTAS: REACT-2000,,,,MARIA LUISA RAMIREZ GARCIA,2222299332,,2026-09-08 10:39:06,UP,TTP - TUXTEPEC,TTP0019FOA4 - 5,OAXATTP01090TTP0019F,CERRADA,326,CORDON ACOMET OPTICO,VSI,PUEBLA OPERADORA TRANS
,12600456,2222838284,,UNINET,PUEBLA,2,,BASICO,,,,FUERA DE SERVICIO,En diagnostico por CENTRO ATN Y SERV. PUEBLA  DIAGNOSTICADO POR: TFA: FLORES PILAR FELICIA Tel: 2222222222 - S/E 08/09/26 11:29:11  DIAGNOSTICO: HERRAMIENTAS: NO SE APLICO HER,,,,PLACIDO HUERTA RAMIREZ,2222299384,,2026-09-08 11:16:06,,,,,,,,,ANTONIO DOMINGUEZ NUNEZ
,12600471,7727282119,VALIDAR,CFE TELECOMUNICACIONES E INTERNET PARA TODOS,PACHUCA,2,,BASICO,,,,FUERA DE SERVICIO,CASCAF LIQUIDA,,332 C ACOMETIDA OPT>250M,,PAUL MARTINEZ CORDOVA,2222299345,,2026-09-08 11:20:06,UP,ACT - ACTOPAN,ACT0017FOD5 - 3,HGOHACT01010ACT0017F,CERRADA,332,C ACOMETIDA OPT>250M,Infinitum Puro,ISRAEL CRUZ ESCOBAR
,12600475,2288902430,VALIDAR,COMISION MUNICIPAL DE AGUA POT,JALAPA,2,,BASICO,,,,FUERA DE SERVICIO,En diagnostico por CENTRO ATN Y SERV. PUEBLA  DIAGNOSTICADO POR: TFA: TOLAMA SET JONATHAN Tel: 0000226261 - S/E 08/09/26 11:26:14  DIAGNOSTICO: no sincronia  HERRAMIENTAS: NO SE APLICO HER,,,,PILAR FELICIA FLORES GONZALEZ,2222299312,,2026-09-08 11:18:06,UP,CRI - CT CRISTAL,JAL0075FOA2 - 5,VERAJAL08047JAL0075F,CERRADA,331,RECONSTRUCCION TOTAL,VSI,PUEBLA OPERADORA TRANS
,12600509,CB8-2505-0114,PENDIENTE,TONY TIENDAS,VERACRUZ,2,SAN ANDRES TUXTLA,ENLACES,Av CARRANZA S/N A COL SAN ANDRES TUXTLA CENTRO C.P 95700,SAN ANDRES TUXTLA,,FUERA DE SERVICIO,En diagnostico por CENTRO ATN Y SERV. PUEBLA  DIAGNOSTICADO POR: RMA: MENDOZA CARLOS MIGUEL Tel: 2222299348 - S/E 08/09/26 11:54:36  DIAGNOSTICO: HERRAMIENTAS: REACT-2000,,,,DANIEL CHRISTIAN VIDAL LOZADA,2222299342,106.12.196.68,2026-09-08 11:22:06,DOWN,,,,,,,,PUEBLA OPERADORA TRANS
,12600513,7979710485,PENDIENTE,MUNICIPIO DE CHIGNAHUAPAN PUEBLA,TLAXCALA,2,,BASICO,PALACIO MUNICIPAL S N CHIGNAHUAPAN PUE CHIGNAHUAPAN TLAX CP:73300,PU,,FUERA DE SERVICIO,En diagnostico por CENTRO ATN Y SERV. PUEBLA  DIAGNOSTICADO POR: TFA: SERRANO LUIS ALBERTO Tel: 0000026285 - S/E 08/09/26 11:57:59  DIAGNOSTICO: SIN SERVICIO  HERRAMIENTAS: NO SE APLICO HER,,,,LUIS ALBERTO SERRANO CAMARILLO,2222299350,,2026-09-08 11:23:06,DOWN,HCH - CT HUAUCHINANGO,CHG0003FOE2 - 8,PUEHCHG01054CHG0003F,ABIERTA,,,VSI,PUEBLA OPERADORA TRANS
,12600552,2291940608,VALIDAR,TIENDAS CHEDRAUI,VERACRUZ,2,,BASICO,,,,FUERA DE SERVICIO,En diagnostico por CENTRO ATN Y SERV. CAFETALES  DIAGNOSTICADO POR: TFA: MARQUEZ MARIANA Tel: 2115760000 - S/E 08/09/26 11:44:35  DIAGNOSTICO: FUERA DE SERVICIO/ SIN SERVICIO/  HERRAMIENTAS: NO SE APLICO HER,,,,PILAR FELICIA FLORES GONZALEZ,2222299312,,2026-09-08 11:29:06,UP,LER - CT LERDO,VVG0007FOB2 - 3,VERHLER04010VVG0007F,CERRADA,114,CORDON OPTICO INTERI,VSI,MARIA ESTRELLA SUAREZ CAMPOS
,12600615,2291304833,VALIDAR,DEPARTAMENTO DE TRANSPORTE FERROVIARIO,VERACRUZ,2,,BASICO,,,,FUERA DE SERVICIO,En diagnostico por CENTRO ATN Y SERV. PUEBLA  DIAGNOSTICADO POR: TFA: RUIZ LUIS ENRIQUE Tel: 0123456789 - S/E 08/09/26 11:55:46  DIAGNOSTICO: S/S  HERRAMIENTAS: REACT-2000,,,,LUIS ENRIQUE RUIZ PEREZ,2222299334,,2026-09-08 11:40:06,UP,MOA - MOCAMBO,MOA0022FOB5 - 3,VERAMOA05056MOA0022F,CERRADA,326,CORDON ACOMET OPTICO,VSI,JUDITH DIAZ LOZANO
,12600752,2414131015,VALIDAR,POLAQUIMIA SA DE CV,TLAXCALA,2,,BASICO,,,,FUERA DE SERVICIO,En diagnostico por CENTRO ATN Y SERV. PUEBLA  DIAGNOSTICADO POR: TFA: TOLAMA SET JONATHAN Tel: 0000226261 - S/E 08/09/26 12:11:11  DIAGNOSTICO: no sincronia  HERRAMIENTAS: NO SE APLICO HER,,,,MARIA LUISA RAMIREZ GARCIA,2222299332,,2026-09-08 12:00:06,UP,API - CT APIZACO,SCX0008FOA4 - 2,TLAHAPI01065SCX0008F,CERRADA,326,CORDON ACOMET OPTICO,VSI,GABRIELA ENCINAS CASTRO
,12600757,2859760651,VALIDAR,"ELEKTRA DEL MILENIO, SA DE CV.",VERACRUZ,2,,BASICO,CLL MIGUEL ALEMAN VALDEZ 0 SUBNUMERO EDIF COL. IGNACIO DE LA LLAVE IGNACIO DE LA LLAVEVE C.P. 95240,,TBL-TIERRA BLANCA,FUERA DE SERVICIO,En diagnostico por CENTRO ATN Y SERV. CAFETALES  DIAGNOSTICADO POR: TFA: MARQUEZ MARIANA Tel: 2115760000 - S/E 08/09/26 12:11:55  DIAGNOSTICO: FUERA DE SERVICIO/ SIN SERVICIO/  HERRAMIENTAS: NO SE APLICO HER,,,,LUIS ALBERTO SERRANO CAMARILLO,2222299350,,2026-09-08 12:03:06,UP,TBL - TIERRA BLANCA,IGL0003FOA1 - 7,VERHIGL01001IGL0003F,CERRADA,122,MODEM OPTICO (ONT),VSI,FERNANDO ALCARAZ ANITA
,12600759,C01-1810-0345,PENDIENTE,CAFES TOMARI,CORDOBA,2,HUATUSCO,ENLACES,Clle MANUEL GONZALEZ S/N 0 PBLO SABANAS C.P 94110,SABANAS,,FUERA DE SERVICIO,En diagnostico por CENTRO ATN Y SERV. PUEBLA  DIAGNOSTICADO POR: TFA: GUTIERREZ JUAN CARLOS Tel: 2222299355 - 26272 08/09/26 12:10:54  DIAGNOSTICO: HERRAMIENTAS: NO SE APLICO HER,,,,CRISTINA MARTINEZ SOLIS,2222299304,10.13.129.7,2026-09-08 12:01:06,DOWN,,,,,,,,PUEBLA OPERADORA TRANS
,12600818,2222847234,VALIDAR,M R C CONSTRUCCIONES SA DE CV,PUEBLA,2,,BASICO,,,,FUERA DE SERVICIO,En diagnostico por CENTRO ATN Y SERV. PUEBLA  DIAGNOSTICADO POR: TFA: FLORES PILAR FELICIA Tel: 2222222222 - S/E 08/09/26 12:38:09  DIAGNOSTICO: SIN SINCRONIA  HERRAMIENTAS: NO SE APLICO HER,,,,PAUL MARTINEZ CORDOVA,2222299345,,2026-09-08 12:15:06,UP,CHO - CT CHOLULA,ZAV0013FOB3 - 6,PUEHCHO04023ZAV0013F,CERRADA,326,CORDON ACOMET OPTICO,VSI,JUDITH DIAZ LOZANO
,12600844,TKS-1502-0201,,STAR MEDICA,VERACRUZ,2,FRAMBOYANES,ENLACES,Ctra KM 234 CARRETERA VERACRUZ CARDEL KM 435.3 S/N COL BUENAVISTA C.P 91726,VERACRUZ,,FUERA DE SERVICIO,En diagnostico por CENTRO ATN Y SERV. PUEBLA  DIAGNOSTICADO POR: TFA: HERNANDEZ JUAN CARLOS Tel: 2222226258 - S/E 08/09/26 12:48:15  DIAGNOSTICO: a  HERRAMIENTAS: REACT-2000,,,,CECILIA VIDAL LOZADA,2222299339,,2026-09-08 12:20:06,,,,,,,,,MARIA MARTINA SILVIA JARAMILLO CORTEZ
,12600907,2222894722,PENDIENTE,EL POLLO FELIZ DE PUEBLA SA DE,PUEBLA,2,,BASICO,CLL 5 DE MAYO 532 COL. SAN FRANCISCO OCOTLAN SAN ANDRES CHOLULA PU 72680 ENTRE LADAENLACES Y GAS,PUEBLA,,FUERA DE SERVICIO,En diagnostico por CENTRO ATN Y SERV. PUEBLA  DIAGNOSTICADO POR: TFA: FLORES PILAR FELICIA Tel: 2222222222 - S/E 08/09/26 12:42:44  DIAGNOSTICO: SIN SINCRONIA  HERRAMIENTAS: NO SE APLICO HER,,,,PILAR FELICIA FLORES GONZALEZ,2222299312,,2026-09-08 12:29:06,DOWN,CHO - CT CHOLULA,OPN0010FOA8 - 1,PUEHLPA04064OPN0010F,ABIERTA,,,VSI,PUEBLA OPERADORA TRANS
,12600986,2222285733,VALIDAR,BT LATAM MEXICO,PUEBLA,2,,BASICO,AVENIDA 99 ORIENTE SIN NUMERO MANZANA 1 LOTE 1 COLONIA ARBOLEDAS DE LOMA BELLA HEROICA PUEBLA,,,DATOS,En diagnostico por CENTRO ATN Y SERV. CAFETALES  DIAGNOSTICADO POR: RMA: MARQUEZ MARIANA Tel: 2115760000 - S/E 08/09/26 13:03:35  DIAGNOSTICO: sin datos  HERRAMIENTAS: NO SE APLICO HER,,,,LUIS ALBERTO SERRANO CAMARILLO,2222299350,,2026-09-08 12:46:06,UP,MAO - CT GUADALUPE (MAYORAZGO),MAO0101FOD2 - 1,PUEAZER11162MAO0101F,CERRADA,122,MODEM OPTICO (ONT),Infinitum Puro,MARTHA CHAVARRIA MARTINEZ
,12600993,2222415010,VALIDAR,INSTITUTO POLITECNICO NACIONAL,PUEBLA,2,,BASICO,,,,FUERA DE SERVICIO,En diagnostico por CENTRO ATN Y SERV. PUEBLA  DIAGNOSTICADO POR: TFA: RUIZ LUIS ENRIQUE Tel: 0123456789 - S/E 08/09/26 13:09:09  DIAGNOSTICO: S/S  HERRAMIENTAS: REACT-2000,,,,LUIS ALBERTO SERRANO CAMARILLO,2222299350,,2026-09-08 12:47:06,UP,MAO - CT GUADALUPE (MAYORAZGO),GUE0004FOD8 - 3,PUEHGUE01068GUE0004F,ABIERTA,,,VSI,MARIA MARTINA SILVIA JARAMILLO CORTEZ
,12601017,2222413504,VALIDAR,INSTITUTO POLITECNICO NACIONAL,PUEBLA,2,,BASICO,,,,FUERA DE SERVICIO,En diagnostico por CENTRO ATN Y SERV. PUEBLA  DIAGNOSTICADO POR: TFA: FLORES PILAR FELICIA Tel: 2222222222 - S/E 08/09/26 13:10:56  DIAGNOSTICO: voz  HERRAMIENTAS: NO SE APLICO HER,,,,LUIS ENRIQUE RUIZ PEREZ,2222299334,,2026-09-08 12:49:06,UP,MAO - CT GUADALUPE (MAYORAZGO),GUE0039FOD1 - 2,PUEHGUE02175GUE0039F,ABIERTA,,,VSI,MARIA MARTINA SILVIA JARAMILLO CORTEZ
,12601026,7848814341,PENDIENTE,TIENDAS SUPER PRECIO S.A. DE C,POZA RICA,2,,BASICO,,,,FUERA DE SERVICIO,En diagnostico por CENTRO ATN Y SERV. CAFETALES  DIAGNOSTICADO POR: TFA: MARQUEZ MARIANA Tel: 2115760000 - S/E 08/09/26 13:09:34  DIAGNOSTICO: FUERA DE SERVICIO/ SIN SERVICIO/  HERRAMIENTAS: NO SE APLICO HER,,,,CLAUDIA CASTRO SANCHEZ,2222299352,,2026-09-08 12:52:06,DOWN,POZ - POZA RICA,CYA0001FOC6 - 6,VERACYA01003CYA0001F,ABIERTA,,,VSI,ELIZABETH ARROYO BADILLO
,12601031,2222953635,VALIDAR,STITUTO POLITECNICO NACIONAL,PUEBLA,2,,BASICO,,,,FUERA DE SERVICIO,En diagnostico por CENTRO ATN Y SERV. PUEBLA  DIAGNOSTICADO POR: TFA: TOLAMA SET JONATHAN Tel: 0000226261 - S/E 08/09/26 13:24:51  DIAGNOSTICO: no voz  HERRAMIENTAS: NO SE APLICO HER,,,,MARIA LUISA RAMIREZ GARCIA,2222299332,,2026-09-08 12:52:06,UP,MAO - CT GUADALUPE (MAYORAZGO),GUE0039FOD1 - 1,PUEHGUE02175GUE0039F,,,,VSI,MARIA MARTINA SILVIA JARAMILLO CORTEZ
,12601041,2221681598,VALIDAR,INSTITUTO POLITECNICO NACIONAL,PUEBLA,2,,BASICO,,,,FUERA DE SERVICIO,En diagnostico por CENTRO ATN Y SERV. PUEBLA  DIAGNOSTICADO POR: TFA: FLORES PILAR FELICIA Tel: 2222222222 - S/E 08/09/26 13:25:17  DIAGNOSTICO: sin sincronia  HERRAMIENTAS: NO SE APLICO HER,,,,PAUL MARTINEZ CORDOVA,2222299345,,2026-09-08 12:55:06,UP,MAO - CT GUADALUPE (MAYORAZGO),GUE0004FOD8 - 2,PUEHGUE01068GUE0004F,ABIERTA,,,VSI,MARIA MARTINA SILVIA JARAMILLO CORTEZ
,12601149,9246882204,VALIDAR,SERVICIOS ADMINISTRATIVOS SUMA,COATZACOALCOS,2,,BASICO,,,,FUERA DE SERVICIO,En diagnostico por CENTRO ATN Y SERV. CAFETALES  DIAGNOSTICADO POR: RMA: MARQUEZ MARIANA Tel: 2115760000 - S/E 08/09/26 13:31:28  DIAGNOSTICO: FUERA DE SERVICIO/ SIN SERVICIO/  HERRAMIENTAS: NO SE APLICO HER,,701 Revisado sin falta red c/a,,CLAUDIA CASTRO SANCHEZ,2222299352,,2026-09-08 13:16:06,UP,ACY - CT ACAYUCAN,JCA0003FOC5 - 2,VERAJCA01011JCA0003F,CERRADA,,,VSI,FERNANDO ALCARAZ ANITA
,12601154,2281353379,VALIDAR,CADENA COMERCIAL OXXO,JALAPA,2,,BASICO,,,,FUERA DE SERVICIO (INT),En diagnostico por CENTRO ATN Y SERV. CAFETALES  DIAGNOSTICADO POR: RMA: MARQUEZ MARIANA Tel: 2115760000 - S/E 08/09/26 13:32:35  DIAGNOSTICO: FUERA DE SERVICIO (INT)/ /  HERRAMIENTAS: NO SE APLICO HER,,,,PAUL MARTINEZ CORDOVA,2222299345,,2026-09-08 13:19:06,UP,SPD - CT SAN BRUNO,COA0043FOE4 - 4,VERACOA02088COA0043F,ABIERTA,,,Infinitum Puro,MARTHA CHAVARRIA MARTINEZ
,12601186,7757424769,PENDIENTE,LAS CERVEZAS MODELO EN HIDALGO,PACHUCA,2,,BASICO,,,,FUERA DE SERVICIO,En diagnostico por CENTRO ATN Y SERV. CAFETALES  DIAGNOSTICADO POR: RMA: MARQUEZ MARIANA Tel: 2115760000 - S/E 08/09/26 13:34:26  DIAGNOSTICO: FUERA DE SERVICIO/ SIN SERVICIO/  HERRAMIENTAS: NO SE APLICO HER,,,,PILAR FELICIA FLORES GONZALEZ,2222299312,,2026-09-08 13:25:06,DOWN,TUL - TULANCINGO,NJS0002FOB8 - 3,HGOATUL02108NJS0002F,ABIERTA,,,VSI,ELIZABETH ARROYO BADILLO
,12601205,7821193378,VALIDAR,PHARMA TYCSA SADE CV,POZA RICA,2,,BASICO,,,,DATOS,En diagnostico por CENTRO ATN Y SERV. PUEBLA  DIAGNOSTICADO POR: TFA: FLORES PILAR FELICIA Tel: 2222222222 - S/E 08/09/26 14:00:27  DIAGNOSTICO: cortes  HERRAMIENTAS: NO SE APLICO HER,,,,PILAR FELICIA FLORES GONZALEZ,2222299312,,2026-09-08 13:31:06,UP,POZ - POZA RICA,NAH0016FOB7 - 5,VERHPOZ05048NAH0016F,CERRADA,,,VSI,MARIA MARTINA SILVIA JARAMILLO CORTEZ
,12601232,TKS-1704-0041,,FEDEX DE MEXICO,PUEBLA,2,FUERTES,ENLACES,Clle DE LOS PALOS 1720 S/N PBLO SAN PABLO XOCHIMEHUACAN C.P 72014,HEROICA PUEBLA DE ZARAGOZA,,FUERA DE SERVICIO,CM DEFENSORES | PENDIENTE POR MEDICIONES,,,,JUAN CARLOS HERNANDEZ MUNOZ,2222299341,,2026-09-08 13:35:06,,,,,,,,,PUEBLA OPERADORA TRANS
,12601248,2294880153,PENDIENTE,OPERADORA CANTABRIA SA DE CV,VERACRUZ,2,,BASICO,,,,FUERA DE SERVICIO,En diagnostico por CENTRO ATN Y SERV. PUEBLA  DIAGNOSTICADO POR: TFA: VIDAL CECILIA Tel: 2222222222 - S/E 08/09/26 13:55:50  DIAGNOSTICO: DESCONEXION  HERRAMIENTAS: NO SE APLICO HER,,,,LUIS ALBERTO SERRANO CAMARILLO,2222299350,,2026-09-08 13:41:06,DOWN,MOA - MOCAMBO,,,,,,,MARIA MARTINA SILVIA JARAMILLO CORTEZ
,12601275,CB2-2110-0103,PENDIENTE,"BANCO SANTANDER MEXICO S.A., INSTITUCION DE BANCA MULTIPLE,",CORDOBA,2,ESCAMELA,ENLACES,Clle ORIENTE 6 1156 S/N COL ORIZABA CENTRO C.P 94300,ORIZABA,,FUERA DE SERVICIO,En diagnostico por CENTRO ATN Y SERV. PUEBLA  DIAGNOSTICADO POR: TFA: GUTIERREZ JUAN CARLOS Tel: 2222299355 - 26272 08/09/26 14:06:22  DIAGNOSTICO: HERRAMIENTAS: NO SE APLICO HER,,,,JUAN CARLOS GUTIERREZ DIAZ,2222299355,,2026-09-08 13:46:06,DOWN,,,,,,,,PUEBLA OPERADORA TRANS
,12601280,2221290926,VALIDAR,TIENDAS CHEDRAUI,PUEBLA,2,,BASICO,,,,FUERA DE SERVICIO,En diagnostico por CENTRO ATN Y SERV. CAFETALES  DIAGNOSTICADO POR: TFA: MARQUEZ MARIANA Tel: 2115760000 - S/E 08/09/26 14:03:03  DIAGNOSTICO: FUERA DE SERVICIO/ SIN SERVICIO/  HERRAMIENTAS: NO SE APLICO HER,,,,LUIS ALBERTO SERRANO CAMARILLO,2222299350,,2026-09-08 13:47:06,UP,AUC - CT AMALUCAN,XOA0002FOD6 - 8,PUEHFUR04098XOA0002F,CERRADA,326,CORDON ACOMET OPTICO,VSI,FERNANDO ALCARAZ ANITA
,12601317,2226881675,VALIDAR,BLUEICON STOCKS,PUEBLA,2,,BASICO,"BLV EUROPA 17, LOCAL 23 PLANTA BAJA FRACCIONAMIENTO LOMAS DE ANGEL SAN ANDRES CHOLULA CP:72830",PU,,FUERA DE SERVICIO,En diagnostico por CENTRO ATN Y SERV. PUEBLA  DIAGNOSTICADO POR: TFA: TOLAMA SET JONATHAN Tel: 0000226261 - S/E 08/09/26 15:14:02  DIAGNOSTICO: cortes  HERRAMIENTAS: NO SE APLICO HER,,,,LUIS ENRIQUE RUIZ PEREZ,2222299334,,2026-09-08 13:56:06,UP,MAO - CT GUADALUPE (MAYORAZGO),OEG0071FOB7 - 2,PUEAZER03037OEG0071F,CERRADA,122,MODEM OPTICO (ONT),VSI,PUEBLA OPERADORA TRANS
,12601392,7785961900,VALIDAR,AUTOZONE DE MEXICO,PACHUCA,2,,BASICO,,,,DATOS,En diagnostico por CENTRO ATN Y SERV. PUEBLA  DIAGNOSTICADO POR: TFA: FLORES PILAR FELICIA Tel: 2222222222 - S/E 08/09/26 14:29:19  DIAGNOSTICO: HERRAMIENTAS: NO SE APLICO HER,,,,MARIA LUISA RAMIREZ GARCIA,2222299332,,2026-09-08 14:12:06,UP,CT TULA,TXC0005FOG3 - 2,HGOHTHP01039TXC0005F,CERRADA,327,CABLE PRIN. FIBRA OP,VSI,JUDITH DIAZ LOZANO
,12601511,7831072276,PENDIENTE,MUNICIPIO DE TUXPAN,POZA RICA,2,,BASICO,,,,FUERA DE SERVICIO,En diagnostico por CENTRO ATN Y SERV. PUEBLA  DIAGNOSTICADO POR: TFA: FLORES PILAR FELICIA Tel: 2222222222 - S/E 08/09/26 14:54:33  DIAGNOSTICO: sin s incronia  HERRAMIENTAS: NO SE APLICO HER,,,,PAUL MARTINEZ CORDOVA,2222299345,,2026-09-08 14:39:06,DOWN,TPN - CT TUXPAN,TPN0092FOA4 - 1,VERHTPN01070TPN0092F,CERRADA,,,VSI,JUDITH DIAZ LOZANO
,12601521,2296886712,VALIDAR,CERVEZAS CUAUHTEMOC MOCTEZUMA,VERACRUZ,2,,BASICO,"CRT VERACRUZ JALAPA 770, CIUDAD INDUSTRIAL BRUNO PAGLIA GASOLINERA . CP: 91697 VERACRUZ CP:91697",VE,,FUERA DE SERVICIO,Mod Masivo:,Cable Fibra Optica,,Vandalismo,CLAUDIA CASTRO SANCHEZ,2222299352,,2026-09-08 14:43:06,UP,LER - CT LERDO,FRM0048FOA4 - 8,VERHFRM01019FRM0048F,CERRADA,705,PROB.S/FALTA RED C/A,INFINITUM SIMETRICO,ELIZABETH ARROYO BADILLO
,12601532,2299217119,PENDIENTE,BANCO DE MEXICO SA DE CV,VERACRUZ,2,,BASICO,"CLL ADOLFO RUIZ CORTINES 2000 COL. COSTA DE ORO Manzana: INTER Lote: E BOCA DEL RIO, VER. VE 942",VERACRUZ,,FUERA DE SERVICIO,CASCAF FAVOR DE VALIDAR Y LIQUIDAR,,906 Referido a Comercial por n,,MARIA LUISA RAMIREZ GARCIA,2222299332,,2026-09-08 14:45:06,DOWN,MOA - MOCAMBO,MOA0028C1 - 3,,CERRADA,815,SUSPENDIDO,Red de Cobre,MARTHA CHAVARRIA MARTINEZ
,12601534,TKS-1003-0019,,COLEGIOS CRUZ AZUL,PACHUCA,2,CRUZ AZUL,ENLACES,Clle TULA 104 . COL CIUDAD COOPERATIVA CRUZ AZUL CENTRO C.P 42840,TULA DE ALLENDE,,FUERA DE SERVICIO,En diagnostico por CENTRO ATN Y SERV. PUEBLA  DIAGNOSTICADO POR: RMA: MENDOZA CARLOS MIGUEL Tel: 2222299348 - S/E 08/09/26 14:59:49  DIAGNOSTICO: HERRAMIENTAS: REACT-2000,,,,DANIEL CHRISTIAN VIDAL LOZADA,2222299342,,2026-09-08 14:46:06,,,,,,,,,JUDITH DIAZ LOZANO
,12601583,2299217233,PENDIENTE,BANCO DE MEXICO,VERACRUZ,2,,BASICO,,,,FUERA DE SERVICIO,CASCAF FAVOR DE VALIDAR Y LIQUIDAR,,906 Referido a Comercial por n,,PAUL MARTINEZ CORDOVA,2222299345,,2026-09-08 14:52:06,DOWN,MOA - MOCAMBO,MOA0039A3 - 10,,CERRADA,815,SUSPENDIDO,Red de Cobre,MARTHA CHAVARRIA MARTINEZ
,12601597,TKS-1712-0065,,SERVICIOS DE SALUD DE HIDALGO,PACHUCA,2,REVOLUCION,ENLACES,Ctra CUBITOS LA PAZ 407 1 COL ADOLFO LOPEZ MATEOS C.P 42094,PACHUCA DE SOTO,,FUERA DE SERVICIO,cm puebla,,,,CRISTINA MARTINEZ SOLIS,2222299304,,2026-09-08 14:53:06,,,,,,,,,PUEBLA OPERADORA TRANS
,12601599,2299217371,PENDIENTE,BANCO DE MEXICO,VERACRUZ,2,,BASICO,BLVDADOLFO RUIZ CORTINEZ SN FRACCOSTA DE ORO VER VERACRUZ VER CP:94299,VE,,FUERA DE SERVICIO,CASCAF FAVOR DE VALIDAR Y LIQUIDAR,,906 Referido a Comercial por n,,PILAR FELICIA FLORES GONZALEZ,2222299312,,2026-09-08 14:54:06,DOWN,MOA - MOCAMBO,MOA0028C1 - 4,,CERRADA,815,SUSPENDIDO,Red de Cobre,MARTHA CHAVARRIA MARTINEZ
,12601607,2299217498,PENDIENTE,BANCO DE MEXICO,VERACRUZ,2,,BASICO,BLVDADOLFO RUIZ CORTINEZ SN FRACCOSTA DE ORO VER VERACRUZ VER CP:94299,VE,,FUERA DE SERVICIO,CASCAF FAVOR DE VALIDAR Y LIQUIDAR,,906 Referido a Comercial por n,,LUIS ALBERTO SERRANO CAMARILLO,2222299350,,2026-09-08 14:55:06,DOWN,MOA - MOCAMBO,MOA0028C1 - 6,,CERRADA,815,SUSPENDIDO,Red de Cobre,MARTHA CHAVARRIA MARTINEZ
,12601614,2299217624,PENDIENTE,BANCO DE MEXICO,VERACRUZ,2,,BASICO,BLVDADOLFO RUIZ CORTINEZ SN FRACCOSTA DE ORO VER VERACRUZ VER CP:94299,VE,,FUERA DE SERVICIO,En diagnostico por CENTRO ATN Y SERV. CAFETALES  DIAGNOSTICADO POR: RMA: MARQUEZ MARIANA Tel: 2115760000 - S/E 08/09/26 15:07:40  DIAGNOSTICO: FUERA DE SERVICIO/ SIN SERVICIO/  HERRAMIENTAS: NO SE APLICO HER,,,,LUIS ENRIQUE RUIZ PEREZ,2222299334,,2026-09-08 14:57:06,DOWN,MOA - MOCAMBO,MOA0028C1 - 1,,CERRADA,308,CAMBIO PAR PRINCIPAL,Red de Cobre,MARTHA CHAVARRIA MARTINEZ
,12601623,2299217748,PENDIENTE,BANCO DE MEXICO,VERACRUZ,2,,BASICO,BLVDADOLFO RUIZ CORTINEZ SN FRACCOSTA DE ORO VER VERACRUZ VER CP:94299,VE,,FUERA DE SERVICIO,CASCAF FAVOR DE VALIDAR Y LIQUIDAR,,906 Referido a Comercial por n,,MARIA LUISA RAMIREZ GARCIA,2222299332,,2026-09-08 14:59:06,DOWN,MOA - MOCAMBO,MOA0028C1 - 9,,CERRADA,815,SUSPENDIDO,Red de Cobre,MARTHA CHAVARRIA MARTINEZ
,12601627,2299217873,PENDIENTE,BANCO DE MEXICO,VERACRUZ,2,,BASICO,,,,FUERA DE SERVICIO,CASCAF FAVOR DE VALIDAR Y LIQUIDAR,,906 Referido a Comercial por n,,PAUL MARTINEZ CORDOVA,2222299345,,2026-09-08 15:01:06,DOWN,MOA - MOCAMBO,MOA0028C1 - 5,,CERRADA,815,SUSPENDIDO,Red de Cobre,MARTHA CHAVARRIA MARTINEZ
,12601638,2299217881,PENDIENTE,BANCO DE MEXICO,VERACRUZ,2,,BASICO,"CALLE ,ADOLFO RUIZ CORTINES SIN NUMERO COSTA DE ORO ,BOCA DEL RIO, VERACRUZ",,,FUERA DE SERVICIO,CASCAF FAVOR DE VALIDAR Y LIQUIDAR,,906 Referido a Comercial por n,,PILAR FELICIA FLORES GONZALEZ,2222299312,,2026-09-08 15:02:06,DOWN,MOA - MOCAMBO,MOA0028C2 - 8,,CERRADA,815,SUSPENDIDO,Red de Cobre,MARTHA CHAVARRIA MARTINEZ
,12601641,2299217997,PENDIENTE,BANCO DE MEXICO,VERACRUZ,2,,BASICO,"CLL ADOLFO RUIZ CORTINES COL COSTA DE ORO BOCA DEL RIO, VERACRUZ",,,FUERA DE SERVICIO,CASCAF FAVOR DE VALIDAR Y LIQUIDAR,,906 Referido a Comercial por n,,LUIS ALBERTO SERRANO CAMARILLO,2222299350,,2026-09-08 15:03:06,DOWN,MOA - MOCAMBO,MOA0028C2 - 1,,CERRADA,815,SUSPENDIDO,Red de Cobre,MARTHA CHAVARRIA MARTINEZ
,12601665,2222161791,VALIDAR,CADENA COMERCIAL OXXO S.A DE C.V.,PUEBLA,2,,BASICO,AVE GAVIRIA 1 - A COL. LA CALERA HEROICA PUEBLA DE ZARAGOZA PU C.P. 72564 ENTRE ESQ FIDEL VE,PUEBLA,AQU-AQUILES SERDAN,FUERA DE SERVICIO,En diagnostico por CENTRO ATN Y SERV. CAFETALES  DIAGNOSTICADO POR: RMA: MARQUEZ MARIANA Tel: 2115760000 - S/E 08/09/26 15:17:21  DIAGNOSTICO: SIN DATOS  HERRAMIENTAS: NO SE APLICO HER,,,,LUIS ENRIQUE RUIZ PEREZ,2222299334,,2026-09-08 15:13:06,UP,AQU - CT AQUILES SERDAN,CLE0021FOB3 - 2,PUEHINS01038CLE0021F,CERRADA,122,MODEM OPTICO (ONT),Infinitum Puro,SERGIO BRUNO SEGUIN GONZALEZ
,12601736,TKS-1404-0098,,ACG COMUNICACIONES UNIFICADAS,PUEBLA,2,LA PAZ,ENLACES,Clle 33 B NORTE 1011 S/N COL VILLA SAN ALEJANDRO C.P 72090,HEROICA PUEBLA DE ZARAGOZA,,FUERA DE SERVICIO,En diagnostico por CENTRO ATN Y SERV. PUEBLA  DIAGNOSTICADO POR: TFA: VIDAL DANIEL CHRISTIAN Tel: 0000026259 - S/E 08/09/26 15:50:21  DIAGNOSTICO: HERRAMIENTAS: REACT-2000,,,,CECILIA VIDAL LOZADA,2222299339,,2026-09-08 15:40:06,,,,,,,,,MARIA MARTINA SILVIA JARAMILLO CORTEZ
,12601740,9232371329,PENDIENTE,PRADERAS DE GRIJALVA,COATZACOALCOS,2,,BASICO,,,,FUERA DE SERVICIO,En diagnostico por CENTRO ATN Y SERV. PUEBLA  DIAGNOSTICADO POR: TFA: TOLAMA SET JONATHAN Tel: 0000226261 - S/E 08/09/26 15:52:59  DIAGNOSTICO: no sincronia  HERRAMIENTAS: NO SE APLICO HER,,,,LUIS ALBERTO SERRANO CAMARILLO,2222299350,,2026-09-08 15:40:06,DOWN,LCH - CENTRO LCH,LCH0012FOD8 - 7,VERALCH01060LCH0012F,ABIERTA,,,Infinitum Puro,PUEBLA OPERADORA TRANS
,12601767,TKS-1003-0442,,GOBIERNO DEL ESTADO DE HIDALGO,PACHUCA,2,PACHOACAN,ENLACES,Ctra MEXICO PACHUCA km 82 EJDO VENTA PRIETA C.P 42083,PACHUCA DE SOTO,,FUERA DE SERVICIO,En diagnostico por CENTRO ATN Y SERV. PUEBLA  DIAGNOSTICADO POR: TFA: GUTIERREZ JUAN CARLOS Tel: 2222299355 - 26272 08/09/26 15:55:57  DIAGNOSTICO: HERRAMIENTAS: NO SE APLICO HER,,,,JUAN CARLOS HERNANDEZ MUNOZ,2222299341,,2026-09-08 15:51:06,,,,,,,,,MARIA MARTINA SILVIA JARAMILLO CORTEZ
,12601808,2221443507,PENDIENTE,CADENA COMERCIAL OXXO,PUEBLA,2,,BASICO,CLL 5 DE MAYO 532 SUBNUMERO EDIF COL. SAN FRANCISCO OCOTLAN SAN ANDRES CHOLULAPU C.P. 72680 ENTRE LADAENLACES y GASOLINE,,,FUERA DE SERVICIO,En diagnostico por CENTRO ATN Y SERV. CAFETALES  DIAGNOSTICADO POR: TFA: RAMIREZ ARACELI Tel: 1111211257 - S/E 08/09/26 16:11:40  DIAGNOSTICO: FUERA DE SERVICIO/ SIN SERVICIO/  HERRAMIENTAS: PISA,,,,LUIS ALBERTO SERRANO CAMARILLO,2222299350,,2026-09-08 16:02:06,DOWN,SNP - SAN PEDRO,OPN0010FOA8 - 2,PUEHLPA04064OPN0010F,ABIERTA,,,Infinitum Puro,ELIZABETH ARROYO BADILLO
,12601812,2222953308,PENDIENTE,BENEMERITA UNIVERSIDAD AUTONOMA DE PUEBLA,PUEBLA,2,,BASICO,,,,DATOS,En diagnostico por CENTRO ATN Y SERV. PUEBLA  DIAGNOSTICADO POR: TFA: DOMINGUEZ JOSE ARMANDO Tel: 2222299300 - S/E 08/09/26 16:22:51  DIAGNOSTICO: HERRAMIENTAS: NO SE APLICO HER,,,,LUIS ENRIQUE RUIZ PEREZ,2222299334,,2026-09-08 16:08:06,DOWN,AUC - CT AMALUCAN,AMO0011FOM9 - 7,PUEHAMO02140AMO0011F,ABIERTA,,,VSI,MARIA MARTINA SILVIA JARAMILLO CORTEZ
,12601936,2222325718,VALIDAR,MUNICIPIO DE PUEBLA,PUEBLA,2,,BASICO,"CLL 13 NORTE 2201, LOCAL 113 BARRIO DE SANTA ANA PUE CP: 42 HEROICA PUEBLA DE ZA CP:42302",PU,,FUERA DE SERVICIO,En diagnostico por CENTRO ATN Y SERV. PUEBLA  DIAGNOSTICADO POR: RMA: HUERTA PLACIDO Tel: 8002261500 - 0000026279 08/09/26 17:02:31  DIAGNOSTICO: HERRAMIENTAS: REACT-2000,,,,MARIA LUISA RAMIREZ GARCIA,2222299332,,2026-09-08 16:48:06,UP,ZAR - IGNACIO ZARAGOZA,MAO0017FOD6 - 5,PUEAZER10087MAO0017F,CERRADA,326,CORDON ACOMET OPTICO,VSI,PUEBLA OPERADORA TRANS
,12601966,TKS-1007-0322,,OFIX,VERACRUZ,2,MOCAMBO,ENLACES,Clle Urano 585 COL Ilang Ilang C.P 94299,VERACRUZ,,FUERA DE SERVICIO,En diagnostico por CENTRO ATN Y SERV. PUEBLA  DIAGNOSTICADO POR: TFA: CARRERA FERNANDO Tel: 0000026209 - S/E 08/09/26 17:14:06  DIAGNOSTICO: ...  HERRAMIENTAS: REACT-2000,,,,JUAN CARLOS GUTIERREZ DIAZ,2222299355,,2026-09-08 16:59:06,,,,,,,,,ADRIANA LEON GONZALEZ
,12601972,2288165603,VALIDAR,MUEBLES COHUXASA DE CV,JALAPA,2,,BASICO,CRT JALAPA COATEPEC 0 SUBNUMERO 7 COL. LA FLORIDA Manzana: . COATEPEC VE C.P. 43763,VERACRUZ,SBR-SAN BRUNO,VOZ,En diagnostico por CENTRO ATN Y SERV. PUEBLA  DIAGNOSTICADO POR: TFA: DOMINGUEZ JOSE ARMANDO Tel: 2222299300 - S/E 08/09/26 17:18:47  DIAGNOSTICO: HERRAMIENTAS: NO SE APLICO HER,,,,PAUL MARTINEZ CORDOVA,2222299345,,2026-09-08 16:59:06,UP,SBR - SAN BRUNO,COA0043FOC3 - 3,VERACOA01003COA0043F,CERRADA,476,REAPROVISIONA VOZ,VSI,PUEBLA OPERADORA TRANS
,12601982,2288161887,VALIDAR,MUEBLES COHUXASA DE C V,JALAPA,2,,BASICO,CRT JALAPA COATEPEC 0 SUBNUMERO 7 COL. LA FLORIDA Manzana: . COATEPEC VE C.P. 43763,VERACRUZ,,VOZ,En diagnostico por CENTRO ATN Y SERV. PUEBLA  DIAGNOSTICADO POR: RMA: HUERTA PLACIDO Tel: 8002261500 - 0000026279 08/09/26 17:13:58  DIAGNOSTICO: HERRAMIENTAS: REACT-2000,,,,PILAR FELICIA FLORES GONZALEZ,2222299312,,2026-09-08 17:02:06,UP,SBR - SAN BRUNO,COA0043FOC3 - 8,VERACOA01003COA0043F,CERRADA,327,CABLE PRIN. FIBRA OP,VSI,PUEBLA OPERADORA TRANS
,12602015,2463270339,PENDIENTE,UNINET,TLAXCALA,2,,IDN,,,,FUERA DE SERVICIO,En diagnostico por CENTRO ATN Y SERV. PUEBLA  DIAGNOSTICADO POR: TFA: FLORES ISRAEL Tel: 2222222222 - S/E 08/09/26 17:20:47  DIAGNOSTICO: HERRAMIENTAS: REACT-2000,,,,LUIS ALBERTO SERRANO CAMARILLO,2222299350,,2026-09-08 17:16:06,DOWN,TLX - CT TLAXCALA,ANO0014FOG4 - 5,TLAHTLX05168ANO0014F,ABIERTA,,,GPON EMPRESARIAL,PUEBLA OPERADORA TRANS
,12602072,2838740910,VALIDAR,ELEKTRA DEL MILENIO SA DE CV,CORDOBA,2,,BASICO,AVE RAUL SANDOVAL 0 - - COL. CENTRO ISLA VE C.P. 54275 ENTRE CLAVIJERO y LOPEZ RAYON,VERACRUZ,LBO-LOMA BONITA,FUERA DE SERVICIO,En diagnostico por CENTRO ATN Y SERV. CAFETALES  DIAGNOSTICADO POR: TFA: PEREZ GRACIELA Tel: 0000211158 - S/E 08/09/26 18:05:44  DIAGNOSTICO: FUERA DE SERVICIO  HERRAMIENTAS: NO SE APLICO HER,,,,PILAR FELICIA FLORES GONZALEZ,2222299312,,2026-09-08 17:35:06,UP,LBO:CT LOMA BONITA,ISL0006FOA2 - 3,VERHISL01030ISL0006F,ABIERTA,,,VSI,ELIZABETH ARROYO BADILLO
,12602091,7787380508,VALIDAR,"MEXICANA DE RECIPIENTES A PRESION,",PACHUCA,2,,BASICO,CLL ORIENTE 4 LOTE 47 COL ATITALAQUIA ATITALAQUIA HIDALGO CP:42970,HG,,FUERA DE SERVICIO,En diagnostico por CENTRO ATN Y SERV. PUEBLA  DIAGNOSTICADO POR: TFA: FLORES ISRAEL Tel: 2222222222 - S/E 08/09/26 17:48:02  DIAGNOSTICO: HERRAMIENTAS: REACT-2000,,,,LUIS ENRIQUE RUIZ PEREZ,2222299334,,2026-09-08 17:42:06,UP,TUA - TULA,ITU0005FOA1 - 1,HGOHTUA01000ITU0005F,ABIERTA,,,VSI,MARIA MARTINA SILVIA JARAMILLO CORTEZ
,12602094,2787328285,PENDIENTE,ELEKTRA,CORDOBA,2,,BASICO,"CLL. ,JUAREZ S/N COL. CENTRO COTAXTLA VER .",,,FUERA DE SERVICIO,CASCAF FAVOR DE VALIDAR Y LIQUIDAR,,313 Instalación exterior 1+ tr,,LUIS ALBERTO SERRANO CAMARILLO,2222299350,,2026-09-08 17:41:06,DOWN,TBL - TIERRA BLANCA,CTX0001E3 - 6,,CERRADA,313,INST EXT COBRE +2TRA,Red de Cobre,ELIZABETH ARROYO BADILLO
,12602119,7597234074,VALIDAR,TIENDAS HEXA IXMIQUILPAN,PACHUCA,2,,BASICO,,,ACT - ACTOPAN,DATOS,En diagnostico por CENTRO ATN Y SERV. CAFETALES  DIAGNOSTICADO POR: TFA: RAMIREZ ARACELI Tel: 1111211257 - S/E 08/09/26 18:17:07  DIAGNOSTICO: DATOS/ CORTES/  HERRAMIENTAS: PISA,,,,LUIS ENRIQUE RUIZ PEREZ,2222299334,,2026-09-08 17:50:06,UP,ACT - ACTOPAN,IXM0003FOA8 - 6,HGOHIXM01001IXM0003F,CERRADA,476,REAPROVISIONA VOZ,VSI,ELIZABETH ARROYO BADILLO
,12602137,2288433136,PENDIENTE,COMISION MUNICIPAL DE AGUA POT,JALAPA,2,,BASICO,,,,FUERA DE SERVICIO,En diagnostico por CENTRO ATN Y SERV. PUEBLA  DIAGNOSTICADO POR: TFA: DOMINGUEZ JOSE ARMANDO Tel: 2222299300 - S/E 08/09/26 18:12:56  DIAGNOSTICO: HERRAMIENTAS: NO SE APLICO HER,,,,MARIA LUISA RAMIREZ GARCIA,2222299332,,2026-09-08 17:57:06,DOWN,CRI - CT CRISTAL,JAL0075FOA3 - 4,VERAJAL08047JAL0075F,ABIERTA,,,VSI,ADRIANA LEON GONZALEZ
,12602187,2787330219,VALIDAR,COPPEL,CORDOBA,2,,BASICO,,,,FUERA DE SERVICIO,En diagnostico por CENTRO ATN Y SERV. PUEBLA  DIAGNOSTICADO POR: TFA: FLORES ISRAEL Tel: 2222222222 - S/E 08/09/26 18:24:39  DIAGNOSTICO: HERRAMIENTAS: REACT-2000,,,,PAUL MARTINEZ CORDOVA,2222299345,,2026-09-08 18:20:06,UP,PEU - PE¦UELA,OMA0008FOA2 - 1,VERHOMA01000OMA0008F,CERRADA,,,VSI,ADRIANA LEON GONZALEZ
,12602206,2299554269,VALIDAR,CONTROLADORA DE NEGOCIOS COMERCIALES,VERACRUZ,2,,BASICO,CALZ. SAN RAMON NUM. 107 COLONIA ARBOLEDAS SAN RAMON MEDELLIN DE BRAVO VERACRUZ.,,,FUERA DE SERVICIO,En diagnostico por CENTRO ATN Y SERV. CAFETALES  DIAGNOSTICADO POR: TFA: RAMIREZ ARACELI Tel: 1111211257 - S/E 08/09/26 18:30:35  DIAGNOSTICO: FUERA DE SERVICIO/ SIN SERVICIO/  HERRAMIENTAS: PISA,,,,MARIA LUISA RAMIREZ GARCIA,2222299332,,2026-09-08 18:28:06,UP,MOA - MOCAMBO,PYV0014FOF5 - 1,VERHBRO03086PYV0014F,CERRADA,122,MODEM OPTICO (ONT),Infinitum Puro,MONICA CONTRERAS ALQUICIRA
,12602254,CB6-2511-0097,VALIDAR,GOBIERNO DEL ESTADO DE HIDALGO,PACHUCA,2,PACHOACAN,ENLACES,Ctra MEXICO-PACHUCA KM 75 1 PBLO ACAYUCA C.P 42191,ACAYUCA,,ASISTENCIA A PRUEBAS,"En diagnostico por CENTRO ATN Y SERV. PUEBLA  DIAGNOSTICADO POR: RMA: ZAMBRANO JAVIER ALEJANDRO Tel: 2222299335 - S/E 08/09/26 19:25:21  DIAGNOSTICO: SE TURNA A CNS3 + FALLA EN VOZ, DE SU APOYO PARA COMPARTIR CON CNS III + UN PORCENTAJE DE LAS LLAMADAS DE ENTRADA AL GDN: 7717173020 SE VISUALIZAN CON LA ETIQUETA ""anonymous"" EN LUGAR DE LA NUMERACION DEL ORIGEN (FROM) + DATOS DE LA TIP: TIP: TIP-2511-15573 GDN: 7717173020 DIDs: 7717173030 - 7717173059",,,,DANIEL CHRISTIAN VIDAL LOZADA,2222299342,106.13.102.161,2026-09-08 18:43:06,UP,,,,,,,,PUEBLA OPERADORA TRANS
,12602256,2979560076,VALIDAR,SECRETARIA DE MARINA,VERACRUZ,2,,BASICO,<><><>,,,DATOS,En diagnostico por CENTRO ATN Y SERV. CAFETALES  DIAGNOSTICADO POR: TFA: RAMIREZ ARACELI Tel: 1111211257 - S/E 08/09/26 18:49:08  DIAGNOSTICO: DATOS/ NO ACCESA A INTERNET/  HERRAMIENTAS: PISA,,,,PAUL MARTINEZ CORDOVA,2222299345,,2026-09-08 18:45:06,UP,MOA - MOCAMBO,AZR0003FOD4 - 3,VERHBRO04017AZR0003F,CERRADA,,,VSI,MIGUEL ANGEL LUGO REZA
,12602314,7436881287,VALIDAR,CFE TELECOMUNICACIONES E INTERNET PARA TODOS,PACHUCA,2,,BASICO,<><><>,,,DATOS,En diagnostico por CENTRO ATN Y SERV. CAFETALES  DIAGNOSTICADO POR: TFA: RAMIREZ ARACELI Tel: 1111211257 - S/E 08/09/26 19:10:09  DIAGNOSTICO: DATOS/ NO ACCESA A INTERNET/  HERRAMIENTAS: PISA,,,,PILAR FELICIA FLORES GONZALEZ,2222299312,,2026-09-08 19:05:06,UP,PAH - PACHOACAN,TCY0001FOD2 - 8,HGOAVTZ01014TCY0001F,CERRADA,332,C ACOMETIDA OPT>250M,VSI,MIGUEL ANGEL LUGO REZA
,12602379,2727271905,VALIDAR,CFE TELECOMUNICACIONES EINTERNET PARA TODOS,CORDOBA,2,,BASICO,,,,FUERA DE SERVICIO,En diagnostico por CENTRO ATN Y SERV. PUEBLA  DIAGNOSTICADO POR: RMA: HUERTA PLACIDO Tel: 8002261500 - 0000026279 08/09/26 19:49:34  DIAGNOSTICO: HERRAMIENTAS: REACT-2000,,,,PILAR FELICIA FLORES GONZALEZ,2222299312,,2026-09-08 19:42:06,UP,ORI - ORIZABA,RBL0007FOA1 - 2,VERHORI04138RBL0007F,CERRADA,,,Infinitum Puro,ADRIANA LEON GONZALEZ
,12602413,C15-1912-0009,,BANCO NACIONAL DE MEXICO,PUEBLA,2,REFORMA,ENLACES,Av REFORMA 135 COL CENTRO C.P 72000,HEROICA PUEBLA DE ZARAGOZA,,ASISTENCIA A PRUEBAS,Ventana,,,,RAFAEL ALBERTO GALAN TELLEZ,2222299353,,2026-09-08 20:03:06,,,,,,,,,PUEBLA OPERADORA TRANS
,12602448,2291654114,VALIDAR,NUEVA WAL MART DE MEXICO,VERACRUZ,2,,BASICO,PSE EJERCITO MEXICANO NUM. 3691 COL. FLORES DEL VALLE VERACRUZ,,,FUERA DE SERVICIO,En diagnostico por CENTRO ATN Y SERV. CAFETALES  DIAGNOSTICADO POR: TFA: RAMIREZ ARACELI Tel: 1111211257 - S/E 08/09/26 20:22:26  DIAGNOSTICO: FUERA DE SERVICIO/ SIN SERVICIO/  HERRAMIENTAS: PISA,,326 Cordon acomet. Opt.,,LUIS ALBERTO SERRANO CAMARILLO,2222299350,,2026-09-08 20:19:06,UP,MOA - MOCAMBO,VGS0015FOC6 - 2,VERHMOA08048VGS0015F,CERRADA,326,CORDON ACOMET OPTICO,VSI,MARIA ESTRELLA SUAREZ CAMPOS
,12602454,2414184463,VALIDAR,CFE TELECOMUNICACIONES E INTERNET PARA TODOS,TLAXCALA,2,,BASICO,CLL TLAXCALA 0 COL. SAN JOSE DIEGO APIZACOTL C.P. 90300,,,FUERA DE SERVICIO,CASCAF FAVOR DE VALIDAR Y LIQUIDAR,,326 Cordon acomet. Opt.,,LUIS ENRIQUE RUIZ PEREZ,2222299334,,2026-09-08 20:20:06,UP,API - CT APIZACO,API0090FOF3 - 7,TLAHAPI03093API0090F,CERRADA,326,CORDON ACOMET OPTICO,Infinitum Puro,GRACIELA PEREZ PAEZ
,12602457,7436881288,VALIDAR,CFE TELECOMUNICACIONES E INTERNET PARA TODOS,PACHUCA,2,,BASICO,CLL 5 DE MAYO 0 EDIF CFETE COL. VICENTE GUERRERO TOLCAYUCAHG C.P. 43862 ENTRE 16 DE SEPTIEMBRE,,,FUERA DE SERVICIO,En diagnostico por CENTRO ATN Y SERV. CAFETALES  DIAGNOSTICADO POR: TFA: RAMIREZ ARACELI Tel: 1111211257 - S/E 08/09/26 20:26:39  DIAGNOSTICO: FUERA DE SERVICIO/ SIN SERVICIO/  HERRAMIENTAS: PISA,,,,MARIA LUISA RAMIREZ GARCIA,2222299332,,2026-09-08 20:23:06,UP,PAH - PACHOACAN,TCY0003FOA7 - 6,HGOAVTZ01015TCY0003F,CERRADA,332,C ACOMETIDA OPT>250M,Infinitum Puro,GRACIELA PEREZ PAEZ
,12602489,9222224471,VALIDAR,CADENA COMERCIAL OXXO,COATZACOALCOS,2,,BASICO,"<><> CLL AGUSTIN DE ITURBIDE 2, COL. BUENAVISTA NORTE, MINATITLAN VE C.P. 96848",,9222224471,FUERA DE SERVICIO,En diagnostico por CENTRO ATN Y SERV. CAFETALES  DIAGNOSTICADO POR: TFA: PEREZ GRACIELA Tel: 0000211158 - S/E 08/09/26 20:52:47  DIAGNOSTICO: FUERA DE SERVICIO  HERRAMIENTAS: NO SE APLICO HER,,,,PAUL MARTINEZ CORDOVA,2222299345,,2026-09-08 20:46:06,UP,MIN - CENTRO MIN,PAQ0008FOA5 - 1,VERHMIN02095PAQ0008F,CERRADA,122,MODEM OPTICO (ONT),Infinitum Puro,MONICA CONTRERAS ALQUICIRA
,12602497,9222224220,VALIDAR,CADENA COMERCIAL OXXO SA CV,COATZACOALCOS,2,,BASICO,"BLV.INSTITUTO TECNOLOGICO SIN NUMERO COLONIA INFONAVIT MINATITLAN VE RACRUZ,VERACRUZ C.P. 34161",VERACRUZ,MIN-CENTRO MIN,FUERA DE SERVICIO,En diagnostico por CENTRO ATN Y SERV. CAFETALES  DIAGNOSTICADO POR: TFA: LAGUNA ELIANA Tel: 2111203636 - S/E 08/09/26 21:04:30  DIAGNOSTICO: SIN DATOS  HERRAMIENTAS: NO SE APLICO HER,,,,PILAR FELICIA FLORES GONZALEZ,2222299312,,2026-09-08 20:52:06,UP,MIN - CENTRO MIN,PAQ0002F4 - 1,VER-PAQUITAL-6,CERRADA,121,MODEM,Infinitum Puro,MONICA CONTRERAS ALQUICIRA
,12602502,9222246446,VALIDAR,CADENA COMERCIAL OXXO,COATZACOALCOS,2,,BASICO,CRT COATZACOALCOS MINA 0 COL. MAPACHAPA Lote: * MINATITLAN VE C.P. 96904 ENTRE ESQ ALVARO OBR,VERACRUZ,MIN-CENTRO MIN,FUERA DE SERVICIO,En diagnostico por CENTRO ATN Y SERV. CAFETALES  DIAGNOSTICADO POR: TFA: LAGUNA ELIANA Tel: 2111203636 - S/E 08/09/26 21:03:36  DIAGNOSTICO: SIN DATOS  HERRAMIENTAS: NO SE APLICO HER,,326 Cordon acomet. Opt.,,LUIS ALBERTO SERRANO CAMARILLO,2222299350,,2026-09-08 20:55:06,UP,MIN - CENTRO MIN,MHH0002A3 - 3,VER-MAPACHAPA-1,CERRADA,311,TERMINAL SECUN COBRE,Infinitum Puro,MONICA CONTRERAS ALQUICIRA
,12602508,9222215709,VALIDAR,CADENA COMERCIAL OXXO,COATZACOALCOS,2,,BASICO,"CALLE ROBERTO KOCH NUM 13, SALUBRIDAD, MINATITLAN, VERACRUZ",,,FUERA DE SERVICIO,En diagnostico por CENTRO ATN Y SERV. CAFETALES  DIAGNOSTICADO POR: TFA: RAMIREZ ARACELI Tel: 1111211257 - S/E 08/09/26 21:03:17  DIAGNOSTICO: FUERA DE SERVICIO/ SIN SERVICIO/  HERRAMIENTAS: PISA,,,,LUIS ENRIQUE RUIZ PEREZ,2222299334,,2026-09-08 20:59:06,UP,MIN - CENTRO MIN,RER0019FOD3 - 8,VERHMIN01046RER0019F,CERRADA,326,CORDON ACOMET OPTICO,Infinitum Puro,MONICA CONTRERAS ALQUICIRA
,12602522,7898931292,VALIDAR,CFE TELECOMUNICACIONES EINTERNET PARA TODOS,POZA RICA,2,,BASICO,,,,FUERA DE SERVICIO,En diagnostico por CENTRO ATN Y SERV. PUEBLA  DIAGNOSTICADO POR: RMA: HUERTA PLACIDO Tel: 8002261500 - 0000026279 08/09/26 22:12:30  DIAGNOSTICO: HERRAMIENTAS: REACT-2000,,,,LUIS ENRIQUE RUIZ PEREZ,2222299334,,2026-09-08 21:09:06,UP,TPN - CT TUXPAN,TAY0002FOA4 - 5,VERHTAY01043TAY0002F,ABIERTA,,,Infinitum Puro,ADRIANA LEON GONZALEZ
,12602526,2876880120,VALIDAR,CFE TELECOMUNICACIONES E INTERNET PARA TODOS,CORDOBA,2,,BASICO,,,,FUERA DE SERVICIO (INT),En diagnostico por CENTRO ATN Y SERV. PUEBLA  DIAGNOSTICADO POR: TFA: DOMINGUEZ JOSE ARMANDO Tel: 2222299300 - S/E 08/09/26 21:26:15  DIAGNOSTICO: HERRAMIENTAS: NO SE APLICO HER,,,,MARIA LUISA RAMIREZ GARCIA,2222299332,,2026-09-08 21:17:06,UP,TTP - TUXTEPEC,PAL0005FOA1 - 5,VERATRV01003PAL0005F,CERRADA,326,CORDON ACOMET OPTICO,Infinitum Puro,ADRIANA LEON GONZALEZ
,12602594,2716885069,PENDIENTE,CFE TELECOMUNICACIONES E INTERNET PARA TODOS,CORDOBA,2,,BASICO,,,,FUERA DE SERVICIO,En diagnostico por CENTRO ATN Y SERV. CAFETALES  DIAGNOSTICADO POR: RMA: ARROYO ELIZABETH Tel: 0000211178 - S/E 08/09/26 22:16:13  DIAGNOSTICO: HERRAMIENTAS: PISA,,,,PAUL MARTINEZ CORDOVA,2222299345,,2026-09-08 22:10:06,DOWN,DCA - CT DOS CAMINOS,VVL0003FOA1 - 2,VERACOB04116VVL0003F,ABIERTA,,,VSI,ELIZABETH ARROYO BADILLO
,12602610,2726887111,VALIDAR,CFE TELECOMUNICACIONES E INTERNET PARA TODOS,CORDOBA,2,,BASICO,,,,FUERA DE SERVICIO (INT),En diagnostico por CENTRO ATN Y SERV. PUEBLA  DIAGNOSTICADO POR: TFA: FLORES ISRAEL Tel: 2222222222 - S/E 09/09/26 16:23:22  DIAGNOSTICO: HERRAMIENTAS: REACT-2000,,,,PAUL MARTINEZ CORDOVA,2222299345,,2026-09-08 22:24:06,UP,ORI - ORIZABA,RBL0016FOC8 - 2,VERHORI03003RBL0016F,ABIERTA,,,Infinitum Puro,ADRIANA LEON GONZALEZ
,12602627,2466883023,VALIDAR,UNINET,TLAXCALA,2,,IDN,"CRT APIZACO PUEBLA KM 3 COL TLATEMPAN APETITLAN, TLAXCALA WALMART",,,FUERA DE SERVICIO (INT),En diagnostico por CENTRO ATN Y SERV. PUEBLA  DIAGNOSTICADO POR: RMA: HUERTA PLACIDO Tel: 8002261500 - 0000026279 08/09/26 22:55:10  DIAGNOSTICO: HERRAMIENTAS: REACT-2000,,,,PILAR FELICIA FLORES GONZALEZ,2222299312,,2026-09-08 22:41:06,UP,TLX - CT TLAXCALA,SAI0054FOA7 - 1,TLAHSAI02134SAI0054F,ABIERTA,,,GPON EMPRESARIAL,PUEBLA OPERADORA TRANS
,12602705,C02-2602-0055,PENDIENTE,COOPERATIVA LA CRUZ AZUL,PACHUCA,1,CRUZ AZUL,ENLACES,Ctra TULA TEPEJI DEL RIO KM 6 S/N SITE S COL PUEBLO NUEVO C.P 42845,SAN MIGUEL VINDHO,,FUERA DE SERVICIO,Mod Masivo: COPE TUA,,,,JUAN CARLOS GUTIERREZ DIAZ,2222299355,106.13.166.214,2026-09-09 01:45:06,DOWN,,,,,,,,PUEBLA OPERADORA TRANS
,12602740,2222363274,VALIDAR,UNINET,PUEBLA,1,,IDN,,,,FUERA DE SERVICIO,PLEX.,,,,LUIS ALBERTO SERRANO CAMARILLO,2222299350,,2026-09-09 02:17:06,UP,ZAR - IGNACIO ZARAGOZA,REF0044FOA3 - 3,PUEHFUR08116REF0044F,CERRADA,327,CABLE PRIN. FIBRA OP,GPON EMPRESARIAL,PUEBLA OPERADORA TRANS
,12602748,C02-2605-0153,PENDIENTE,OPERADORA DE GIMNASIOS CRUZ AZUL,PACHUCA,1,CRUZ AZUL,ENLACES,Av TULA S/N NA COL SAN MIGUEL VINDHO C.P 42842,TULA DE ALLENDE,,FUERA DE SERVICIO,Mod Masivo: COPE TUA,,,,CECILIA VIDAL LOZADA,2222299339,106.14.30.192,2026-09-09 02:33:06,DOWN,,,,,,,,PUEBLA OPERADORA TRANS
,12602765,C00-2602-0066,DDE	ALBIS ACCEED 2104 COOPERATIVA LA CRUZ AZUL 106.13.166.214 INALCANZABLE NDE	ALBIS ACCEED 4630 MGVNHGCA02W CRUZ AZUL 106.13.166.112 INALCANZABLE WDM	NEC TM301 MGVNHGCAO02 CRUZ AZUL 10.15.143.53 FUERA DE GESTION Se comparte con CNS I para revision del tramo WDM TULA - CRUZ AZUL,COOPERATIVA LA CRUZ AZUL,PACHUCA,1,CRUZ AZUL,ENLACES,Ctra TULA TEPEJI DEL RIO KM 6 S/N SITE S COL PUEBLO NUEVO C.P 42845,SAN MIGUEL VINDHO,,FUERA DE SERVICIO,Mod Masivo: COPE TUA,,,,JUAN CARLOS HERNANDEZ MUNOZ,2222299341,106.13.166.214,2026-09-09 02:53:06,DOWN,,,,,,,,PUEBLA OPERADORA TRANS
,12602788,7896882840,PENDIENTE,"NUEVA WALMART DE MEXICO, S. DE R.L. DE C.V.",POZA RICA,1,,BASICO,MI BODEGA AURRERA # 3013,,,DATOS,PLEX.,,,,PILAR FELICIA FLORES GONZALEZ,2222299312,,2026-09-09 03:28:06,DOWN,,,,,,,,XOCHITL POMPA MONCADA
,12602796,2221780995,VALIDAR,UNINET,PUEBLA,1,,IDN,,,,FUERA DE SERVICIO,PLEX.,,,,LUIS ENRIQUE RUIZ PEREZ,2222299334,,2026-09-09 03:31:06,UP,AUC - CT AMALUCAN,REF0044FOA1 - 1,PUEHFUR08116REF0044F,CERRADA,327,CABLE PRIN. FIBRA OP,GPON EMPRESARIAL,JULIAN FERN ILLESCAS LOPEZ
,12602800,2222134577,VALIDAR,"NUEVA WALMART DE MEXICO, S. DE R.L. DE C.V.",PUEBLA,1,,BASICO,,,,DATOS,PLEX.,,,,LUIS ALBERTO SERRANO CAMARILLO,2222299350,,2026-09-09 03:33:06,UP,CHO - CT CHOLULA,CIP0004FOA1 - 1,PUEAZER08069CIP0004F,CERRADA,326,CORDON ACOMET OPTICO,VSI,XOCHITL POMPA MONCADA
,12602834,7596880015,VALIDAR,NUEVA WAL MART DE MEXICO,PACHUCA,1,,BASICO,CLL PLAZA JUAREZ 9 CPÑ CENTRO IXMIQUILPAN HGO,,,DATOS,PLEX.,,,,LUIS ENRIQUE RUIZ PEREZ,2222299334,,2026-09-09 03:58:06,UP,ACT - ACTOPAN,IXM0003FOA1 - 4,HGOHIXM01001IXM0003F,CERRADA,326,CORDON ACOMET OPTICO,VSI,XOCHITL POMPA MONCADA
,12602877,2221290417,PENDIENTE,. .,PUEBLA,1,,IDN,,,,FUERA DE SERVICIO,PLEX.,,,,LUIS ENRIQUE RUIZ PEREZ,2222299334,,2026-09-09 04:39:06,DOWN,SNP:CT SAN PEDRO,LPA0027FOA8 - 8,PUEALPA08090LPA0027F,ABIERTA,,,GPON EMPRESARIAL,PUEBLA OPERADORA TRANS
,12603077,7436882027,VALIDAR,CFE TELECOMUNICACIONES E INTERNET PARA TODOS,PACHUCA,1,,BASICO,PROFR EDUARDO VERA GUTIERREZ 0 SUBNUMERO EDIF COL. ZAPOTLAN DE JUAREZ PUEBLO NUEVOHG C.P. 42190 ENTRE IGNACIO ORTEGA y C,,,FUERA DE SERVICIO,En diagnostico por CENTRO ATN Y SERV. CAFETALES  DIAGNOSTICADO POR: RMA: SEGUIN SERGIO BRUNO Tel: 2115780000 - S/E 09/09/26 07:34:07  DIAGNOSTICO: XXX  HERRAMIENTAS: PISA,,,,PAUL MARTINEZ CORDOVA,2222299345,,2026-09-09 07:26:06,UP,PAH - PACHOACAN,ZDJ0002FOB2 - 1,HGOAVTZ01034ZDJ0002F,CERRADA,326,CORDON ACOMET OPTICO,Infinitum Puro,SERGIO BRUNO SEGUIN GONZALEZ
,12603124,D32-1204-0067,POSIBLE BLOQUEO DE LA TARJETA CONTROLADORA EN NODO IXHUATLAN. FAVOR DE ENVIAR PERSONAL A CENTRAL PARA REVISIÓN DE LA MISMA. GRACIAS.,UNIVERSIDAD VERACRUZANA,POZA RICA,1,IXHUATLAN DE MADERO,ENLACES,CAM LAS FLORES S/N S/N PBLO IXHUATLAN DE MADERO C.P 92680,IXHUATLAN DE MADERO,,FUERA DE SERVICIO,plin,,,,JUAN CARLOS HERNANDEZ MUNOZ,2222299341,,2026-09-09 07:45:06,,,,,,,,,PUEBLA OPERADORA TRANS
,12603131,2288225252,VALIDAR,CFE TELECOMUNICACIONES E INTERNET PARA TODOS,JALAPA,1,,BASICO,,,,DATOS,En diagnostico por CENTRO ATN Y SERV. CAFETALES  DIAGNOSTICADO POR: TFA: CERVANTES JESUS Tel: 1126711107 - S/E 09/09/26 08:12:02  DIAGNOSTICO: HERRAMIENTAS: NO SE APLICO HER,,,,PILAR FELICIA FLORES GONZALEZ,2222299312,,2026-09-09 07:48:06,UP,SBR - SAN BRUNO,BRU0006FOE4 - 1,VERAJAL08157BRU0006F,CERRADA,331,RECONSTRUCCION TOTAL,Infinitum Puro,JESUS CERVANTES ROBLES
,12603134,2414120471,PENDIENTE,CFE TELECOMUNICACIONES EINTERNET PARA TODOS,TLAXCALA,1,,BASICO,,,,DATOS,En diagnostico por CENTRO ATN Y SERV. CAFETALES  DIAGNOSTICADO POR: TFA: CERVANTES JESUS Tel: 1126711107 - S/E 09/09/26 08:12:56  DIAGNOSTICO: HERRAMIENTAS: NO SE APLICO HER,,,,LUIS ALBERTO SERRANO CAMARILLO,2222299350,,2026-09-09 07:49:06,DOWN,API - CT APIZACO,XIE0001FOB8 - 1,TLAHXIE01002XIE0001F,ABIERTA,,,Infinitum Puro,JESUS CERVANTES ROBLES
,12603215,A04-0802-0082,"ALARMA DE RX SIGNAL MISSING. NODO 45461 U12 ,IF8. TAMBIEN FUERA LAS REFERENCIAS: A02-0810-0446 FOLIO 12553414 A04-1408-0127 FAVOR DE APOYAR CON LA REVISIÓN.",SERVICIOS A LA NAVEGACION EN EL ESPACIO AEREO MEXICANO,VERACRUZ,1,LERDO,ENLACES,Clle PERIMETRAL CAPITAN GUSTAVO SALINAS S/N S/N COL ARENAL PUERTO AEREO C.P 15640,MEXICO D.F.,,FUERA DE SERVICIO,En diagnostico por CENTRO ATN Y SERV. CAFETALES  DIAGNOSTICADO POR: RMA: PENSADO ALEJANDRO VLADIMIR Tel: 0000011656 - S/E 09/09/26 08:59:12  DIAGNOSTICO: .  HERRAMIENTAS: NO SE APLICO HER,,,,CRISTINA MARTINEZ SOLIS,2222299304,,2026-09-09 08:12:06,,,,,,,,,CAFETALES OPERADORA INTERNET
,12603227,2291669339,PENDIENTE,CFE,VERACRUZ,1,,BASICO,,,,FUERA DE SERVICIO (INT),En diagnostico por CENTRO ATN Y SERV. CAFETALES  DIAGNOSTICADO POR: TFA: CRUZ PEDRO Tel: 0000211155 - S/E 09/09/26 08:27:28  DIAGNOSTICO: FUERA DE SERVICIO (INT)/ /  HERRAMIENTAS: NO SE APLICO HER,,,,MARIA LUISA RAMIREZ GARCIA,2222299332,,2026-09-09 08:16:06,DOWN,LER - CT LERDO,FTS0001FOC7 - 1,VERHFRM01051FTS0001F,ABIERTA,,,Infinitum Puro,PEDRO CRUZ ESCOBAR
,12603252,2222887857,VALIDAR,VINOS Y LICORESVALVERDE SA DE,PUEBLA,1,,BASICO,,,,FUERA DE SERVICIO,En diagnostico por CENTRO ATN Y SERV. PUEBLA  DIAGNOSTICADO POR: TFA: MARTINEZ PAUL Tel: 0000226262 - S/E 09/09/26 08:34:53  DIAGNOSTICO: HERRAMIENTAS: REACT-2000,,,,PAUL MARTINEZ CORDOVA,2222299345,,2026-09-09 08:28:06,UP,SNP - SAN PEDRO,AOT0028FOB2 - 1,PUEALPA07009AOT0028F,CERRADA,326,CORDON ACOMET OPTICO,VSI,ELIZABETH HERNANDEZ CASTRO
,12603256,2313123740,VALIDAR,CFE TELECOMUNICACIONES EINTERNET PARA TODOS,JALAPA,1,,BASICO,,,,DATOS,En diagnostico por CENTRO ATN Y SERV. CAFETALES  DIAGNOSTICADO POR: TFA: RAMIREZ ARACELI Tel: 1111211157 - S/E 09/09/26 08:24:01  DIAGNOSTICO: DATOS/ NO ACCESA A INTERNET/  HERRAMIENTAS: PISA,,326 Cordon acomet. Opt.,,PAUL MARTINEZ CORDOVA,2222299345,,2026-09-09 08:21:06,UP,TEZ - TEZIUTLAN,TEZ0034FOE7 - 4,PUEAMIA01058TEZ0034F,ABIERTA,,,Infinitum Puro,ARACELI RAMIREZ NERI
,12603300,2366881704,VALIDAR,CFE TELECOMUNICACIONES E INTERNET PARA TODOS,TLAXCALA,1,,BASICO,"CLL PROFESOR MANUEL HERNANDEZ NORTE 410 COL AMPL LOMAS DE TEPALCAPA ALTEPEXI, PUEBLA",,,DATOS,CASCAF LIQUIDA,,444 Liq. Danio Masivo EQI,,PILAR FELICIA FLORES GONZALEZ,2222299312,,2026-09-09 08:28:06,UP,TEH - CT TEHUACAN,AEX0003E2 - 2,PUE-ALTEPEXI-3,ABIERTA,,,Infinitum Puro,JESUS CERVANTES ROBLES
,12603327,9212482371,PENDIENTE,MPORTADORA DE FILTROS S A DE,COATZACOALCOS,1,,BASICO,AVE UNIVERSIDAD 0 JIRAFAS SUBNUMERO 10-E COL. GAVIOTAS COATZACOALCOS VE C.P. 96536 ENTRE HIPO,VERACRUZ,,FUERA DE SERVICIO,En diagnostico por CENTRO ATN Y SERV. PUEBLA  DIAGNOSTICADO POR: TFA: SERRANO LUIS ALBERTO Tel: 0000026285 - S/E 09/09/26 08:52:06  DIAGNOSTICO: SIN SERVICIO  HERRAMIENTAS: NO SE APLICO HER,,,,PILAR FELICIA FLORES GONZALEZ,2222299312,,2026-09-09 08:36:06,DOWN,COZ - CT COATZACOALCOS,GVA0050FOA8 - 8,VERHGVA01000GVA0050F,ABIERTA,,,VSI,JUDITH DIAZ LOZANO
,12603381,CB2-2005-0669,"TCO,CNS4, RUIZ DANIEL Tel: 0000000000 - S/E 09/09/26 11:20:55  SE REVISA EQ ALBIS 106.13.102.4 SLOT 3 TIZAYUCA CON ALARMA DE SHDSL-LOS EN PORT 1 Y 2. FAVOR DE REVISAR...",CONSERVAS LA COSTEÑA,PACHUCA,1,TIZAYUCA,ENLACES,Clle ORIENTE 3 TOTIS MZ 5 INT 2 COL TIZAYUCA CENTRO C.P 43800,TIZAYUCA,,FUERA DE SERVICIO,En diagnostico por CENTRO ATN Y SERV. PUEBLA  DIAGNOSTICADO POR: TFA: GUTIERREZ JUAN CARLOS Tel: 2222299355 - 26272 09/09/26 09:15:35  DIAGNOSTICO: HERRAMIENTAS: NO SE APLICO HER,,,,JUAN CARLOS HERNANDEZ MUNOZ,2222299341,,2026-09-09 08:44:06,DOWN,,,,,,,,PUEBLA OPERADORA TRANS
,12603398,A32-1806-0038,,COMISION FEDERAL DE ELECTRICIDAD,PACHUCA,1,IXMIQUILPAN,ENLACES,Av FELIPE ANGELES S/N N/A COL IXMIQUILPAN CENTRO C.P 42300,IXMIQUILPAN,,FUERA DE SERVICIO,En diagnostico por CENTRO ATN Y SERV. PUEBLA  DIAGNOSTICADO POR: TFA: HERNANDEZ JUAN CARLOS Tel: 2222226258 - S/E 09/09/26 10:17:24  DIAGNOSTICO: a  HERRAMIENTAS: REACT-2000,,,,JUAN CARLOS GUTIERREZ DIAZ,2222299355,,2026-09-09 08:50:06,,,,,,,,,FERNANDO ALCARAZ ANITA
,12603402,2221290417,PENDIENTE,UNINET,PUEBLA,1,,IDN,,,,FUERA DE SERVICIO,En diagnostico por CENTRO ATN Y SERV. PUEBLA  DIAGNOSTICADO POR: TFA: RUIZ LUIS ENRIQUE Tel: 0123456789 - S/E 09/09/26 09:02:35  DIAGNOSTICO: S/S  HERRAMIENTAS: REACT-2000,,,,LUIS ALBERTO SERRANO CAMARILLO,2222299350,,2026-09-09 08:55:06,DOWN,SNP:CT SAN PEDRO,LPA0027FOA8 - 8,PUEALPA08090LPA0027F,,,,GPON EMPRESARIAL,ELIZABETH HERNANDEZ CASTRO
,12603435,2464642143,PENDIENTE,BANCO MERCANTIL DEL NORTE SA INSTITUCION DE BANCA MULTIPLE G,TLAXCALA,1,,IDN,,,,FUERA DE SERVICIO,PEXT PENDIENTE - FAVOR DE ATENDER REPORTE,,,,MARIA LUISA RAMIREZ GARCIA,2222299332,,2026-09-09 08:56:06,DOWN,TLX - CT TLAXCALA,ACI0002FOC6 - 2,TLAHTLX05044ACI0002F,ABIERTA,,,GPON EMPRESARIAL,PUEBLA OPERADORA TRANS
,12603469,2222496243,PENDIENTE,MUELLES Y TRACTOPARTES DEL GOLFO,PUEBLA,1,,BASICO,,,,FUERA DE SERVICIO,En diagnostico por CENTRO ATN Y SERV. PUEBLA  DIAGNOSTICADO POR: TFA: FLORES PILAR FELICIA Tel: 2222222222 - S/E 09/09/26 09:28:27  DIAGNOSTICO: SIN SINCRONIA  HERRAMIENTAS: NO SE APLICO HER,,,,PAUL MARTINEZ CORDOVA,2222299345,,2026-09-09 09:03:06,DOWN,SNP:CT SAN PEDRO,LPA0264FOB8 - 7,PUEHLPA02086LPA0264F,ABIERTA,,,VSI,JUDITH DIAZ LOZANO
,12603533,2222860077,VALIDAR,GOBIERNO DEL EDO DE PUEBLA,PUEBLA,1,,BASICO,CLL EX HACIENDA SAN BARTOLO 0 COL. CHACHAPA HEROICA PUEBLA DE ZARAGOZA PU C.P. 72990 ENTRE PA,PUEBLA,,FUERA DE SERVICIO,En diagnostico por CENTRO ATN Y SERV. PUEBLA  DIAGNOSTICADO POR: TFA: FLORES PILAR FELICIA Tel: 2222222222 - S/E 09/09/26 09:30:18  DIAGNOSTICO: SIN SINCRONIA  HERRAMIENTAS: NO SE APLICO HER,,,,PILAR FELICIA FLORES GONZALEZ,2222299312,,2026-09-09 09:13:06,UP,AUC - CT AMALUCAN,SSC0006FOA2 - 3,PUEHAMO01063SSC0006F,ABIERTA,,,VSI,JUDITH DIAZ LOZANO
,12603538,2299346745,VALIDAR,INSTITUTO MEXICANO DEL SEGURO,VERACRUZ,1,,BASICO,AVE MIGUEL ANGEL DE QUEVEDO 2779 COL. SEGURO SOCIAL VERACRUZ VE 91700,,LER - CT LERDO,FUERA DE SERVICIO,En diagnostico por CENTRO ATN Y SERV. CAFETALES  DIAGNOSTICADO POR: RMA: MARQUEZ MARIANA Tel: 2115760000 - S/E 09/09/26 09:17:18  DIAGNOSTICO: FUERA DE SERVICIO/ SIN SERVICIO/  HERRAMIENTAS: NO SE APLICO HER,,,,LUIS ALBERTO SERRANO CAMARILLO,2222299350,,2026-09-09 09:13:06,UP,LER - CT LERDO,LER0026FOC7 - 1,VERHLER06185LER0026F,CERRADA,,,VSI,ISRAEL CRUZ ESCOBAR
,12603563,7737851728,VALIDAR,PINGOL S A DE CV,PACHUCA,1,,BASICO,AVE MUTUALISMO 0 COL. SAN MIGUEL VINDHO SAN MIGUEL VINDHO HG C.P. 42842,HIDALGO,,FUERA DE SERVICIO,En diagnostico por CENTRO ATN Y SERV. PUEBLA  DIAGNOSTICADO POR: TFA: RUIZ LUIS ENRIQUE Tel: 0123456789 - S/E 09/09/26 09:52:22  DIAGNOSTICO: S/S  HERRAMIENTAS: REACT-2000,,,,LUIS ALBERTO SERRANO CAMARILLO,2222299350,,2026-09-09 09:17:06,UP,TUA - TULA,CAL0003FOB8 - 4,HGOHTUA01061CAL0003F,CERRADA,,,VSI,PUEBLA OPERADORA TRANS
,12603566,2464664712,VALIDAR,CFE TELECOMUNICACIONES E INTERNET PARA TODOS,TLAXCALA,1,,BASICO,,,,FUERA DE SERVICIO (INT),En diagnostico por CENTRO ATN Y SERV. CAFETALES  DIAGNOSTICADO POR: RMA: MARQUEZ MARIANA Tel: 2115760000 - S/E 09/09/26 09:31:27  DIAGNOSTICO: FUERA DE SERVICIO (INT)/ /  HERRAMIENTAS: NO SE APLICO HER,,,,LUIS ENRIQUE RUIZ PEREZ,2222299334,,2026-09-09 09:17:06,UP,TLX - CT TLAXCALA,TLX0029FOC4 - 1,TLAHTLX01115TLX0029F,ABIERTA,,,Infinitum Puro,JESUS CERVANTES ROBLES
,12603592,9222230168,PENDIENTE,INDUSTRIAL PATRONA S A DE C V,COATZACOALCOS,1,,BASICO,PRL JUSTO SIERRA 0 COL. NUEVA MINA NORTE MINATITLAN VE C.P. 96734,VERACRUZ,,FUERA DE SERVICIO,En diagnostico por CENTRO ATN Y SERV. PUEBLA  DIAGNOSTICADO POR: TFA: SERRANO LUIS ALBERTO Tel: 0000026285 - S/E 09/09/26 09:56:22  DIAGNOSTICO: FALLA VOZ  HERRAMIENTAS: NO SE APLICO HER,,,,LUIS ENRIQUE RUIZ PEREZ,2222299334,,2026-09-09 09:22:06,DOWN,MIN - CENTRO MIN,MIN0009C3 - 2,,ABIERTA,,,Red de Cobre,MARIA ISABEL MEDINA MAXIL
,12603620,2966883970,VALIDAR,CFE TELECOMUNICACIONES E INTERNET PARA TODOS,VERACRUZ,1,,BASICO,,,,FUERA DE SERVICIO (INT),En diagnostico por CENTRO ATN Y SERV. CAFETALES  DIAGNOSTICADO POR: TFA: MARQUEZ MARIANA Tel: 2115760000 - S/E 09/09/26 09:37:34  DIAGNOSTICO: FUERA DE SERVICIO (INT)/  HERRAMIENTAS: NO SE APLICO HER,,,,MARIA LUISA RAMIREZ GARCIA,2222299332,,2026-09-09 09:24:06,UP,ALT - CT MANLIO FABIO ALTAMIRANO,UGA0006FOB3 - 7,VERHCCD01016UGA0006F,CERRADA,,,Infinitum Puro,SERGIO BRUNO SEGUIN GONZALEZ
,12603632,C00-2206-0103,PENDIENTE,"BBVA MEXICO, S.A., INSTITUCION DE BANCA MULTIPLE, GRUPO FINA",CORDOBA,1,PLAYA VICENTE,ENLACES,Av INDEPENDIENCIA 1156 S/N COL PLAYA VICENTE CENTRO C.P 95600,PLAYA VICENTE,,FUERA DE SERVICIO,En diagnostico por CENTRO ATN Y SERV. PUEBLA  DIAGNOSTICADO POR: TFA: GUTIERREZ JUAN CARLOS Tel: 2222299355 - 26272 09/09/26 10:04:51  DIAGNOSTICO: HERRAMIENTAS: NO SE APLICO HER,,,,DANIEL CHRISTIAN VIDAL LOZADA,2222299342,106.13.55.146,2026-09-09 09:24:06,DOWN,,,,,,,,PUEBLA OPERADORA TRANS
,12603645,9212482850,PENDIENTE,SRIA SEGURIDADPUBLICA SSP,COATZACOALCOS,1,,BASICO,CRT ANTIGUA A MINATITLAN 0 INTERIOR CERESO POBLACION SUBNUMERO 17.5 COL. LA GUADALUPANA COATZAC,VERACRUZ,,FUERA DE SERVICIO,En diagnostico por CENTRO ATN Y SERV. PUEBLA  DIAGNOSTICADO POR: TFA: RUIZ LUIS ENRIQUE Tel: 0123456789 - S/E 09/09/26 09:58:17  DIAGNOSTICO: S/S  HERRAMIENTAS: REACT-2000,,,,MARIA LUISA RAMIREZ GARCIA,2222299332,,2026-09-09 09:26:06,DOWN,COZ - CT COATZACOALCOS,GVA0051FOB5 - 6,VERAGVA03054GVA0051F,ABIERTA,,,VSI,PUEBLA OPERADORA TRANS
,12603657,2411075172,VALIDAR,CFE TELECOMUNICACIONES E INTERNET PARA TODOS,TLAXCALA,1,,BASICO,,,,FUERA DE SERVICIO,En diagnostico por CENTRO ATN Y SERV. CAFETALES  DIAGNOSTICADO POR: TFA: MARQUEZ MARIANA Tel: 2115760000 - S/E 09/09/26 09:42:03  DIAGNOSTICO: FUERA DE SERVICIO/ SIN SERVICIO/  HERRAMIENTAS: NO SE APLICO HER,,326 Cordon acomet. Opt.,,PAUL MARTINEZ CORDOVA,2222299345,,2026-09-09 09:27:06,UP,API - CT APIZACO,SST0004FOG6 - 3,TLAHAPI02108SST0004F,ABIERTA,,,Infinitum Puro,SERGIO BRUNO SEGUIN GONZALEZ
,12603668,2288187396,PENDIENTE,IMSS,JALAPA,1,,BASICO,,,,FUERA DE SERVICIO,En diagnostico por CENTRO ATN Y SERV. CAFETALES  DIAGNOSTICADO POR: RMA: MARQUEZ MARIANA Tel: 2115760000 - S/E 09/09/26 09:46:49  DIAGNOSTICO: FUERA DE SERVICIO/ SIN SERVICIO/  HERRAMIENTAS: NO SE APLICO HER,,,,PILAR FELICIA FLORES GONZALEZ,2222299312,,2026-09-09 09:31:06,DOWN,SBR - SAN BRUNO,JAL0075FOA3 - 7,VERAJAL08047JAL0075F,ABIERTA,,,VSI,FERNANDO ALCARAZ ANITA
,12603738,TKS-2007-0185,,FARMACEUTICOS TENORIO,PUEBLA,1,ZAPATERO,ENLACES,Av BENITO JUAREZ 1505 S/N PBLO SAN BERNARDINO TLAXCALANCINGO C.P 72820,SAN ANDRES CHOLULA,,FUERA DE SERVICIO,En diagnostico por CENTRO ATN Y SERV. PUEBLA  DIAGNOSTICADO POR: TFA: MARTINEZ CRISTINA Tel: 2222299304 - S/E 09/09/26 10:14:55  DIAGNOSTICO: f/s  HERRAMIENTAS: NO SE APLICO HER,,,,JUAN CARLOS GUTIERREZ DIAZ,2222299355,,2026-09-09 09:39:06,,,,,,,,,MARIA ISABEL MEDINA MAXIL
,12603743,7717189853,PENDIENTE,CAASIM,PACHUCA,1,,BASICO,,,,FUERA DE SERVICIO (INT),En diagnostico por CENTRO ATN Y SERV. PUEBLA  DIAGNOSTICADO POR: TFA: SERRANO LUIS ALBERTO Tel: 0000026285 - S/E 09/09/26 10:31:04  DIAGNOSTICO: sin servicio  HERRAMIENTAS: NO SE APLICO HER,,,,PAUL MARTINEZ CORDOVA,2222299345,,2026-09-09 09:39:06,DOWN,PAC - PACHUCA,REV0078FOA8 - 5,HGOHREV06045REV0078F,ABIERTA,,,Infinitum Puro,PUEBLA OPERADORA TRANS
,12603779,9212120174,PENDIENTE,COMERCIALIZADORA FARMAC UTICA,COATZACOALCOS,1,,BASICO,CALLE LAS PALMAS S/N COL. LAS PALMAS COTZACOALCOS VER.,,,FUERA DE SERVICIO,En diagnostico por CENTRO ATN Y SERV. CAFETALES  DIAGNOSTICADO POR: RMA: MARQUEZ MARIANA Tel: 2115760000 - S/E 09/09/26 10:05:43  DIAGNOSTICO: FUERA DE SERVICIO/ SIN SERVICIO/  HERRAMIENTAS: NO SE APLICO HER,,,,LUIS ALBERTO SERRANO CAMARILLO,2222299350,,2026-09-09 09:45:06,DOWN,COZ - CT COATZACOALCOS,SIB0094FOA2 - 5,VERHPTR01095SIB0094F,ABIERTA,,,VSI,FERNANDO ALCARAZ ANITA
,12603814,2711192184,VALIDAR,CATTRI,CORDOBA,1,,BASICO,,,,DATOS,En diagnostico por CENTRO ATN Y SERV. PUEBLA  DIAGNOSTICADO POR: TFA: FLORES PILAR FELICIA Tel: 2222222222 - S/E 09/09/26 10:06:38  DIAGNOSTICO: SIN SINCRONIA  HERRAMIENTAS: NO SE APLICO HER,,,,PILAR FELICIA FLORES GONZALEZ,2222299312,,2026-09-09 09:50:06,UP,PEU - PE¦UELA,COB0180FOA4 - 7,VERACOB01049COB0180F,ABIERTA,,,Infinitum Puro,PUEBLA OPERADORA TRANS
,12603846,CB2-2211-0481,COPE REPARANDO EL COBRE TER DE LAS 19:00,"BANCO SANTANDER MEXICO S.A., INSTITUCION DE BANCA MULTIPLE,",POZA RICA,1,COATZINTLA,ENLACES,Ctra POZA RIZA-SAN ANDRES 56 S/N COL COATZINTLA CENTRO C.P 93160,COATZINTLA,,FUERA DE SERVICIO,En diagnostico por CENTRO ATN Y SERV. PUEBLA  DIAGNOSTICADO POR: TFA: VIDAL DANIEL CHRISTIAN Tel: 0000026259 - S/E 09/09/26 10:40:20  DIAGNOSTICO: HERRAMIENTAS: REACT-2000,,,,DANIEL CHRISTIAN VIDAL LOZADA,2222299342,,2026-09-09 09:55:06,DOWN,,,,,,,,PUEBLA OPERADORA TRANS
,12603912,2888820993,PENDIENTE,IFE,VERACRUZ,1,,BASICO,AVE JOSE MARIA MORELOS 940 COL. CENTRO COSAMALOAPAN DE CARPIO VE C.P. 72000,VERACRUZ,,FUERA DE SERVICIO,En diagnostico por CENTRO ATN Y SERV. PUEBLA  DIAGNOSTICADO POR: TFA: FLORES PILAR FELICIA Tel: 2222222222 - S/E 09/09/26 10:46:05  DIAGNOSTICO: VOZ  HERRAMIENTAS: NO SE APLICO HER,,,,LUIS ALBERTO SERRANO CAMARILLO,2222299350,,2026-09-09 10:08:06,DOWN,COS - CT COSAMALOAPAN,COS0018B3 - 2,,ABIERTA,,,Red de Cobre,ELIZABETH HERNANDEZ CASTRO
,12603934,7821192310,VALIDAR,FARMACIAS GUADALAJARA S.A. DE,POZA RICA,1,,BASICO,CRT POZA RICA COATZINTLA 0 COL. COATZINTLA POZA RICA DE HIDALGO VE C.P. 93160,VERACRUZ,,FUERA DE SERVICIO,En diagnostico por CENTRO ATN Y SERV. PUEBLA  DIAGNOSTICADO POR: TFA: MARTINEZ PAUL Tel: 0000226262 - S/E 09/09/26 10:33:26  DIAGNOSTICO: HERRAMIENTAS: REACT-2000,,,,LUIS ENRIQUE RUIZ PEREZ,2222299334,,2026-09-09 10:08:06,UP,POZ - POZA RICA,CZA0024FOB2 - 8,VERAPOZ04222CZA0024F,ABIERTA,,,VSI,PUEBLA OPERADORA TRANS
,12603937,2465960006,PENDIENTE,TELMEX,TLAXCALA,1,,BASICO,,,,FUERA DE SERVICIO (INT),En diagnostico por CENTRO ATN Y SERV. PUEBLA  DIAGNOSTICADO POR: TFA: VIDAL CECILIA Tel: 2222222222 - S/E 09/09/26 10:27:13  DIAGNOSTICO: FS  HERRAMIENTAS: NO SE APLICO HER,,,,MARIA LUISA RAMIREZ GARCIA,2222299332,,2026-09-09 10:08:06,DOWN,TLX - CT TLAXCALA,NAT0014FOB8 - 7,TLAHZAT02097NAT0014F,ABIERTA,,,VSI,PUEBLA OPERADORA TRANS
,12604029,9212155438,PENDIENTE,SERVICIOS TECNICOS INDUSTRIALES INTERNACIONALES,COATZACOALCOS,1,,BASICO,,,,FUERA DE SERVICIO,En diagnostico por CENTRO ATN Y SERV. PUEBLA  DIAGNOSTICADO POR: TFA: SERRANO LUIS ALBERTO Tel: 0000026285 - S/E 09/09/26 10:43:39  DIAGNOSTICO: SIN SERVICIO  HERRAMIENTAS: NO SE APLICO HER,,,,PILAR FELICIA FLORES GONZALEZ,2222299312,,2026-09-09 10:24:06,DOWN,COZ - CT COATZACOALCOS,PTR0131FOA8 - 8,VERHPTR01104PTR0131F,ABIERTA,,,VSI,ADRIANA LEON GONZALEZ
,12604111,2299208993,VALIDAR,PRODUCTOS HOSPITALARIOS,VERACRUZ,1,,BASICO,,,,FUERA DE SERVICIO,En diagnostico por CENTRO ATN Y SERV. PUEBLA  DIAGNOSTICADO POR: TFA: RUIZ LUIS ENRIQUE Tel: 0123456789 - S/E 09/09/26 10:48:51  DIAGNOSTICO: S/S  HERRAMIENTAS: REACT-2000,,,,LUIS ALBERTO SERRANO CAMARILLO,2222299350,,2026-09-09 10:35:06,UP,LER - CT LERDO,FRM0001FOC5 - 1,VERHFRM02026FRM0001F,ABIERTA,,,VSI,ADRIANA LEON GONZALEZ
,12604219,2796881914,PENDIENTE,TIENDAS LORES SA DE CV,JALAPA,1,,BASICO,,,,FUERA DE SERVICIO,En diagnostico por CENTRO ATN Y SERV. PUEBLA  DIAGNOSTICADO POR: TFA: FLORES PILAR FELICIA Tel: 2222222222 - S/E 09/09/26 11:16:47  DIAGNOSTICO: SIN SINCRONIA  HERRAMIENTAS: NO SE APLICO HER,,,,LUIS ENRIQUE RUIZ PEREZ,2222299334,,2026-09-09 10:46:06,DOWN,CRI - CT CRISTAL,VEZ0003FOG1 - 2,VERAVEZ01026VEZ0003F,ABIERTA,,,VSI,JUDITH DIAZ LOZANO
,12604227,2326880090,PENDIENTE,BIMBO,JALAPA,1,,BASICO,"*-*-* CRT NACIONAL S/N COL CENTRO MARTINEZ DE LA TORREZ, VERACRUZ C.P.93600.",,,FUERA DE SERVICIO,En diagnostico por CENTRO ATN Y SERV. CAFETALES  DIAGNOSTICADO POR: RMA: MARQUEZ MARIANA Tel: 2115760000 - S/E 09/09/26 11:19:06  DIAGNOSTICO: FUERA DE SERVICIO/ SIN SERVICIO/  HERRAMIENTAS: NO SE APLICO HER,,,,LUIS ENRIQUE RUIZ PEREZ,2222299334,,2026-09-09 10:46:06,DOWN,MTZ - MARTINEZ DE LA TORRE,MTZ2001FOA1 - 2,VERAMTZ01004MTZ2001F,ABIERTA,,,VSI,MARIA ESTRELLA SUAREZ CAMPOS
,12604283,2871063275,VALIDAR,COMERCIALIZADORA FARMACEUTICA DE CHIAPAS,CORDOBA,1,,IDN,,,,FUERA DE SERVICIO (INT),En diagnostico por CENTRO ATN Y SERV. PUEBLA  DIAGNOSTICADO POR: TFA: REYES ISRAEL Tel: 2222299337 - S/E 09/09/26 17:24:37  DIAGNOSTICO: HERRAMIENTAS: AWS,,,,MARIA LUISA RAMIREZ GARCIA,2222299332,,2026-09-09 10:53:06,UP,TTP - TUXTEPEC,TTP0027FOC2 - 2,OAXATTP01175TTP0027F,CERRADA,,,GPON EMPRESARIAL,GUADALAJARA OPERADORA TRANS
,12604299,2949472541,PENDIENTE,MUNICIPIO DE SAN ANDRES TUXTLA,VERACRUZ,1,,BASICO,,,,FUERA DE SERVICIO,En diagnostico por CENTRO ATN Y SERV. PUEBLA  DIAGNOSTICADO POR: TFA: SERRANO LUIS ALBERTO Tel: 0000026285 - S/E 09/09/26 11:46:43  DIAGNOSTICO: SIN SERVICIO  HERRAMIENTAS: NO SE APLICO HER,,,,PAUL MARTINEZ CORDOVA,2222299345,,2026-09-09 10:56:06,DOWN,SAX - SAN ANDRES TUXTLA,SAX0004FOA5 - 6,VERASAX01011SAX0004F,ABIERTA,,,Infinitum Puro,ELIZABETH HERNANDEZ CASTRO
,12604319,2291308280,PENDIENTE,BIMBO DEL GOLFO,VERACRUZ,1,,BASICO,"CRT MEXICO-VERACRUZ KM 441 COL. FRANCISCO VILLA VERACRUZ, VERACRUZ",,,FUERA DE SERVICIO,En diagnostico por CENTRO ATN Y SERV. CAFETALES  DIAGNOSTICADO POR: RMA: MARQUEZ MARIANA Tel: 2115760000 - S/E 09/09/26 11:30:38  DIAGNOSTICO: FUERA DE SERVICIO/ SIN SERVICIO/  HERRAMIENTAS: NO SE APLICO HER,,,,MARIA LUISA RAMIREZ GARCIA,2222299332,,2026-09-09 11:02:06,DOWN,MOA - MOCAMBO,VGS2008FOA7 - 4,VERAMOA03008VGS2008F,ABIERTA,,,VSI,ISRAEL CRUZ ESCOBAR
,12604330,7785960336,VALIDAR,POLYLLANTAS Y SERVICIOS SA DE,PACHUCA,1,,BASICO,,,,FUERA DE SERVICIO,En diagnostico por CENTRO ATN Y SERV. PUEBLA  DIAGNOSTICADO POR: TFA: SERRANO LUIS ALBERTO Tel: 0000026285 - S/E 09/09/26 11:50:20  DIAGNOSTICO: INTERMITENCIA  HERRAMIENTAS: NO SE APLICO HER,,,,PILAR FELICIA FLORES GONZALEZ,2222299312,,2026-09-09 11:09:06,UP,TUA - TULA,ATT0007FOB3 - 3,HGOHATT01014ATT0007F,ABIERTA,,,VSI,GABRIELA ENCINAS CASTRO
,12604331,2222285066,VALIDAR,COLEGIO BENAVENTE AC,PUEBLA,1,,BASICO,,,,FUERA DE SERVICIO,IN2609_013554,,327 Cable principal FTTH,,CLAUDIA CASTRO SANCHEZ,2222299352,,2026-09-09 10:58:06,UP,MAO - CT GUADALUPE (MAYORAZGO),MAO0103FON6 - 7,PUEHZER12197MAO0103F,CERRADA,,,VSI,PUEBLA OPERADORA TRANS
,12604338,2222284455,VALIDAR,COLEGIO BENAVENTE AC,PUEBLA,1,,BASICO,CLL 2 B SUR 0 COL. ARBOLEDAS DE LOMA BELLA HEROICA PUEBLA DE ZARAGOZA PU 72474 ENTRE ESQ 107 ORI,PUEBLA,MAO - CT GUADALUPE (MAYOR,FUERA DE SERVICIO,En diagnostico por CENTRO ATN Y SERV. PUEBLA  DIAGNOSTICADO POR: TFA: FLORES PILAR FELICIA Tel: 2222222222 - S/E 09/09/26 11:33:31  DIAGNOSTICO: SIN SINCRONIA  HERRAMIENTAS: NO SE APLICO HER,,,,LUIS ENRIQUE RUIZ PEREZ,2222299334,,2026-09-09 10:58:06,UP,MAO - CT GUADALUPE (MAYORAZGO),MAO0103FON6 - 6,PUEHZER12197MAO0103F,CERRADA,328,CABLE SECUN FIBRA OP,VSI,PUEBLA OPERADORA TRANS
,12604395,2787361122,PENDIENTE,NUEVA ELEKTRA DEL MILENIO,CORDOBA,1,,BASICO,CLL EMILIANO ZAPATA 0 SUBNUMERO EDIF COL. TEZONAPA TEZONAPAVE C.P. 95099 ENTRE LADATEL PLUSS,,,LLAMADA,En diagnostico por CENTRO ATN Y SERV. CAFETALES  DIAGNOSTICADO POR: RMA: MARQUEZ MARIANA Tel: 2115760000 - S/E 09/09/26 11:45:20  DIAGNOSTICO: HERRAMIENTAS: NO SE APLICO HER,,,,PAUL MARTINEZ CORDOVA,2222299345,,2026-09-09 11:06:06,DOWN,PEU:CT PEÑUELA,TNP0001G3 - 9,,ABIERTA,926,MIGRACION X QUEJA,Red de Cobre,FERNANDO ALCARAZ ANITA
,12604399,7437910534,VALIDAR,INSTITUTO HIDALGUENSE DE EDUCACION,PACHUCA,1,,BASICO,,,,FUERA DE SERVICIO,En diagnostico por CENTRO ATN Y SERV. PUEBLA  DIAGNOSTICADO POR: TFA: RUIZ LUIS ENRIQUE Tel: 0123456789 - S/E 09/09/26 12:01:23  DIAGNOSTICO: S/S  HERRAMIENTAS: REACT-2000,,,,MARIA LUISA RAMIREZ GARCIA,2222299332,,2026-09-09 11:07:06,UP,PAH - PACHOACAN,ZDJ0002FOB2 - 6,HGOAVTZ01034ZDJ0002F,CERRADA,476,REAPROVISIONA VOZ,VSI,JUDITH DIAZ LOZANO
,12604430,9212123878,VALIDAR,ALTA Y BAJA TEND GOLFO SA CV,COATZACOALCOS,1,,BASICO,AVE MIGUEL HIDALGO 515 SUBNUMERO ALTOS COL. COATZACOALCOS CENTRO COATZACOALCOS VE 96400,VERACRUZ,,FUERA DE SERVICIO,En diagnostico por CENTRO ATN Y SERV. PUEBLA  DIAGNOSTICADO POR: TFA: VIDAL CECILIA Tel: 2222222222 - S/E 09/09/26 11:56:29  DIAGNOSTICO: fs  HERRAMIENTAS: NO SE APLICO HER,,,,PAUL MARTINEZ CORDOVA,2222299345,,2026-09-09 11:12:06,UP,COZ - CT COATZACOALCOS,COZ0011FOB3 - 4,VERAPTR02065COZ0011F,CERRADA,328,CABLE SECUN FIBRA OP,VSI,ELIZABETH HERNANDEZ CASTRO
,12604444,7668452324,VALIDAR,DISTRIBUIDORA DE MEDICAMENTOS DE LA HUASTECA,POZA RICA,1,,BASICO,,,,DATOS,En diagnostico por CENTRO ATN Y SERV. PUEBLA  DIAGNOSTICADO POR: TFA: FLORES PILAR FELICIA Tel: 2222222222 - S/E 09/09/26 11:40:33  DIAGNOSTICO: CORTES  HERRAMIENTAS: NO SE APLICO HER,,,,PILAR FELICIA FLORES GONZALEZ,2222299312,,2026-09-09 11:15:06,UP,POZ - POZA RICA,TLU2000FOE7 - 1,VERATLU01007TLU2000F,ABIERTA,,,VSI,JUDITH DIAZ LOZANO
,12604472,2363740144,PENDIENTE,COMISION NAC PARA DES PUEB IND,TLAXCALA,1,,BASICO,,,,FUERA DE SERVICIO,En diagnostico por CENTRO ATN Y SERV. PUEBLA  DIAGNOSTICADO POR: TFA: MARTINEZ PAUL Tel: 0000226262 - S/E 09/09/26 11:21:55  DIAGNOSTICO: HERRAMIENTAS: REACT-2000,,,,LUIS ALBERTO SERRANO CAMARILLO,2222299350,,2026-09-09 11:16:06,DOWN,TEH:CT TEHUACAN,CUC0003FOA3 - 4,OAXACUC01001CUC0003F,ABIERTA,,,VSI,GABRIELA ENCINAS CASTRO
,12604474,A32-1612-0032,CT SAN ANDRES TUXTLA | CORTES | REVISION,HSBC MEXICO SA INSTITUCION DE BANCA MULTIPLE GRUPO FINANCIER,VERACRUZ,1,CARIOS A. CARRILLO,ENLACES,Clle NICOLAS BRAVO 5 COL CARLOS A CARRILLO CENTRO C.P 95330,CARLOS A. CARRILLO,,FUERA DE SERVICIO,En diagnostico por CENTRO ATN Y SERV. PUEBLA  DIAGNOSTICADO POR: TFA: GUTIERREZ JUAN CARLOS Tel: 2222299355 - 26272 09/09/26 11:41:07  DIAGNOSTICO: HERRAMIENTAS: NO SE APLICO HER,,,,CRISTINA MARTINEZ SOLIS,2222299304,,2026-09-09 11:15:06,,,,,,,,,PUEBLA OPERADORA TRANS
,12604497,7828265183,VALIDAR,COMERCIAL POZARICA SA DE CV,POZA RICA,1,,BASICO,,,,FUERA DE SERVICIO,En diagnostico por CENTRO ATN Y SERV. PUEBLA  DIAGNOSTICADO POR: TFA: SERRANO LUIS ALBERTO Tel: 0000026285 - S/E 09/09/26 11:57:46  DIAGNOSTICO: SIN SERVICIO  HERRAMIENTAS: NO SE APLICO HER,,,,LUIS ENRIQUE RUIZ PEREZ,2222299334,,2026-09-09 11:20:06,UP,POZ - POZA RICA,POZ0187FOA4 - 4,VERHPOZ01065POZ0187F,CERRADA,,,VSI,MARIA ISABEL MEDINA MAXIL
,12604535,D32-0607-0062,,SERVICIO DE ADMINISTRACION TRIBUTARIA,PUEBLA,1,ZAVALETA,ENLACES,Clle CARRETERA A CHOLULA 103 S/N FRAC RESIDENCIAL EX-HACIENDA DE ZAVALETA C.P 72150,HEROICA PUEBLA DE ZARAGOZA,,FUERA DE SERVICIO,En diagnostico por CENTRO ATN Y SERV. PUEBLA  DIAGNOSTICADO POR: TFA: HERNANDEZ JUAN CARLOS Tel: 2222226258 - S/E 09/09/26 11:42:15  DIAGNOSTICO: sdasd  HERRAMIENTAS: REACT-2000,,,,CECILIA VIDAL LOZADA,2222299339,,2026-09-09 11:25:06,,,,,,,,,PUEBLA OPERADORA TRANS
,12604545,2299567294,VALIDAR,CONTROLADORA DE NEGOCIOS COMERCIALES,VERACRUZ,1,,BASICO,"CJN. NIÑOS HEROES NUM. 5 COL. RICARDO FLORES MAGON BOCA DEL RIO, VER.",,,FUERA DE SERVICIO (INT),En diagnostico por CENTRO ATN Y SERV. CAFETALES  DIAGNOSTICADO POR: RMA: MARQUEZ MARIANA Tel: 2115760000 - S/E 09/09/26 11:55:09  DIAGNOSTICO: FUERA DE SERVICIO (INT)/ /  HERRAMIENTAS: NO SE APLICO HER,,,,PILAR FELICIA FLORES GONZALEZ,2222299312,,2026-09-09 11:26:06,UP,MOA - MOCAMBO,BRO0005FOB4 - 7,VERHBRO03104BRO0005F,CERRADA,326,CORDON ACOMET OPTICO,Infinitum Puro,ELIANA LAGUNA FLORES
,12604590,7717194945,VALIDAR,GOBIERNO DEL ESTADO DE HIDALGO,PACHUCA,1,,BASICO,,,,DATOS,En diagnostico por CENTRO ATN Y SERV. PUEBLA  DIAGNOSTICADO POR: TFA: SERRANO LUIS ALBERTO Tel: 0000026285 - S/E 09/09/26 12:00:09  DIAGNOSTICO: INTERMITENCIA  HERRAMIENTAS: NO SE APLICO HER,,,,MARIA LUISA RAMIREZ GARCIA,2222299332,,2026-09-09 11:34:06,UP,PAC - PACHUCA,REV0004FOD7 - 5,HGOAREV04153REV0004F,ABIERTA,,,VSI,JUDITH DIAZ LOZANO
,12604595,2323241248,PENDIENTE,PLANET PHONE,JALAPA,1,,BASICO,,,,FUERA DE SERVICIO,En diagnostico por CENTRO ATN Y SERV. PUEBLA  DIAGNOSTICADO POR: TFA: MARTINEZ PAUL Tel: 0000226262 - S/E 09/09/26 11:40:08  DIAGNOSTICO: HERRAMIENTAS: REACT-2000,,,,PAUL MARTINEZ CORDOVA,2222299345,,2026-09-09 11:32:06,DOWN,MTZ - MARTINEZ DE LA TORRE,MTZ0002FOB2 - 3,VERAMTZ02008MTZ0002F,ABIERTA,,,VSI,PUEBLA OPERADORA TRANS
,12604597,2326880000,PENDIENTE,TIENDAS SUPER PRECIO,JALAPA,1,,BASICO,"AVE 16 DE SEPTIEMBRE 102, LA SOLEDAD MARTINEZ DE LA TORR ALTAMIRANO AVE SOLEDAD CP: 936 MARTINEZ DE LA TORRE CP:93600",VE,,FUERA DE SERVICIO,En diagnostico por CENTRO ATN Y SERV. CAFETALES  DIAGNOSTICADO POR: RMA: MARQUEZ MARIANA Tel: 2115760000 - S/E 09/09/26 12:03:01  DIAGNOSTICO: FUERA DE SERVICIO/ SIN SERVICIO/  HERRAMIENTAS: NO SE APLICO HER,,,,LUIS ALBERTO SERRANO CAMARILLO,2222299350,,2026-09-09 11:33:06,DOWN,MTZ - MARTINEZ DE LA TORRE,MTZ0006FOA6 - 4,VERAMTZ02089MTZ0006F,CERRADA,114,CORDON OPTICO INTERI,VSI,FERNANDO ALCARAZ ANITA
,12604601,2222486713,PENDIENTE,TV AZTECA S A DE C V,PUEBLA,1,,BASICO,CLL ESPERANZA 0 COL. LA PAZ HEROICA PUEBLA DE ZARAGOZA PU 42094,PUEBLA,SNP - SAN PEDRO,FUERA DE SERVICIO,En diagnostico por CENTRO ATN Y SERV. CAFETALES  DIAGNOSTICADO POR: RMA: MARQUEZ MARIANA Tel: 2115760000 - S/E 09/09/26 12:04:39  DIAGNOSTICO: FUERA DE SERVICIO/ SIN SERVICIO/  HERRAMIENTAS: NO SE APLICO HER,,,,LUIS ENRIQUE RUIZ PEREZ,2222299334,,2026-09-09 11:34:06,DOWN,SNP - SAN PEDRO,LPA0012FOA7 - 8,PUEHLPA01054LPA0012F,ABIERTA,,,VSI,SERGIO BRUNO SEGUIN GONZALEZ
,12604604,2232759140,PENDIENTE,MUNICIPIO DE ACAJETE PUEBLA,TLAXCALA,1,,BASICO,,,,FUERA DE SERVICIO (INT),En diagnostico por CENTRO ATN Y SERV. PUEBLA  DIAGNOSTICADO POR: TFA: VIDAL CECILIA Tel: 2222222222 - S/E 09/09/26 12:06:49  DIAGNOSTICO: fs  HERRAMIENTAS: NO SE APLICO HER,,,,PILAR FELICIA FLORES GONZALEZ,2222299312,,2026-09-09 11:35:06,DOWN,HUM - HUAMANTLA,SXK0001FOE7 - 6,PUEHAMO03080SXK0001F,ABIERTA,,,VSI,PUEBLA OPERADORA TRANS
,12604625,2222302200,VALIDAR,GRUPO AZULEJERODE MAYORISTAS,PUEBLA,1,,BASICO,AVE 25 PONIENTE 3517 COL. LOS ANGELES HEROICA PUEBLA DE ZARAGOZA PU C.P. 39040 ENTRE BLV ATLI,PUEBLA,,FUERA DE SERVICIO,,,,,LUIS ALBERTO SERRANO CAMARILLO,2222299350,,2026-09-09 11:39:06,UP,SNP - SAN PEDRO,LPA0157FOA1 - 3,PUEALPA08060LPA0157F,CERRADA,701,REV. S/FALTA C/A P E,VSI,GABRIELA ENCINAS CASTRO
,12604632,2226887706,PENDIENTE,GIBALMI CONSORCIO EMPRESARIAL,PUEBLA,1,,BASICO,,,,DATOS,En diagnostico por CENTRO ATN Y SERV. PUEBLA  DIAGNOSTICADO POR: TFA: RUIZ LUIS ENRIQUE Tel: 0123456789 - S/E 09/09/26 12:17:52  DIAGNOSTICO: S/S  HERRAMIENTAS: REACT-2000,,,,LUIS ENRIQUE RUIZ PEREZ,2222299334,,2026-09-09 11:38:06,DOWN,SNP - SAN PEDRO,LPA0012FOA7 - 7,PUEHLPA01054LPA0012F,ABIERTA,,,VSI,PUEBLA OPERADORA TRANS
,12604646,7831070194,PENDIENTE,GRUPO GASERO DEL GOLFO,POZA RICA,1,,BASICO,"CLL COLOMBIA 29, ANAHUAC TUXPAN 2 DE ABRIL GENERAL NICOLAS BRA TUXPAM DE RODRIGUEZ CP:92830",VE,,FUERA DE SERVICIO (INT),En diagnostico por CENTRO ATN Y SERV. PUEBLA  DIAGNOSTICADO POR: TFA: VIDAL CECILIA Tel: 2222222222 - S/E 09/09/26 12:09:06  DIAGNOSTICO: fs  HERRAMIENTAS: NO SE APLICO HER,,,,MARIA LUISA RAMIREZ GARCIA,2222299332,,2026-09-09 11:40:06,DOWN,TPN - CT TUXPAN,TPN0033FOB6 - 6,VERHTPN01112TPN0033F,ABIERTA,,,VSI,PUEBLA OPERADORA TRANS
,12604680,2288184240,PENDIENTE,SEC,JALAPA,1,,BASICO,,,,FUERA DE SERVICIO,En diagnostico por CENTRO ATN Y SERV. PUEBLA  DIAGNOSTICADO POR: TFA: RUIZ LUIS ENRIQUE Tel: 0123456789 - S/E 09/09/26 12:19:53  DIAGNOSTICO: S/S  HERRAMIENTAS: REACT-2000,,,,PAUL MARTINEZ CORDOVA,2222299345,,2026-09-09 11:45:06,DOWN,SBR - SAN BRUNO,JAL0116C5 - 2,,ABIERTA,,,Red de Cobre,JUDITH DIAZ LOZANO
,12604683,2226887523,PENDIENTE,GIBALMI CONSORCIO EMPRESARIAL,PUEBLA,1,,BASICO,,,,DATOS,En diagnostico por CENTRO ATN Y SERV. PUEBLA  DIAGNOSTICADO POR: TFA: MARTINEZ PAUL Tel: 0000226262 - S/E 09/09/26 11:52:17  DIAGNOSTICO: HERRAMIENTAS: REACT-2000,,,,PILAR FELICIA FLORES GONZALEZ,2222299312,,2026-09-09 11:44:06,DOWN,SNP - SAN PEDRO,LPA0012FOA5 - 4,PUEHLPA01054LPA0012F,ABIERTA,327,CABLE PRIN. FIBRA OP,VSI,PUEBLA OPERADORA TRANS
,12604697,2226887527,PENDIENTE,GIBALMI CONSORCIO EMPRESARIAL,PUEBLA,1,,BASICO,,,,DATOS,En diagnostico por CENTRO ATN Y SERV. PUEBLA  DIAGNOSTICADO POR: TFA: FLORES PILAR FELICIA Tel: 2222222222 - S/E 09/09/26 12:25:12  DIAGNOSTICO: SIN SINCRONIA  HERRAMIENTAS: NO SE APLICO HER,,,,LUIS ALBERTO SERRANO CAMARILLO,2222299350,,2026-09-09 11:46:06,DOWN,SNP - SAN PEDRO,LPA0012FOA8 - 5,PUEHLPA01054LPA0012F,ABIERTA,,,VSI,PUEBLA OPERADORA TRANS
,12604727,7737325188,VALIDAR,COMPANIA MEXICANA DE TRASLADO,PACHUCA,1,,BASICO,CRT TULA TLAHUELILPAN 1 COL. EL TESORO TULA DE ALLENDE HG C.P. 70229 ENTRE VALLE DE TULA y Z,HIDALGO,,FUERA DE SERVICIO,En diagnostico por CENTRO ATN Y SERV. PUEBLA  DIAGNOSTICADO POR: TFA: SERRANO LUIS ALBERTO Tel: 0000026285 - S/E 09/09/26 12:50:27  DIAGNOSTICO: SIN ACCESO A DATOS  HERRAMIENTAS: NO SE APLICO HER,,,,LUIS ENRIQUE RUIZ PEREZ,2222299334,,2026-09-09 11:54:06,UP,TUA - TULA,TUA0012FOF9 - 8,HGOATUA02044TUA0012F,ABIERTA,,,VSI,GABRIELA ENCINAS CASTRO
,12604739,2222419991,VALIDAR,CENTRO DE IDIOMAS SMART2BSA DE CV,PUEBLA,1,,BASICO,,,,DATOS,En diagnostico por CENTRO ATN Y SERV. PUEBLA  DIAGNOSTICADO POR: TFA: RUIZ LUIS ENRIQUE Tel: 0123456789 - S/E 09/09/26 12:23:05  DIAGNOSTICO: P/P  HERRAMIENTAS: REACT-2000,,,,MARIA LUISA RAMIREZ GARCIA,2222299332,,2026-09-09 11:53:06,UP,MAO - CT GUADALUPE (MAYORAZGO),GOS0030FOC8 - 4,PUEAZER07076GOS0030F,ABIERTA,,,VSI,ELIZABETH HERNANDEZ CASTRO
,12604762,7846880747,PENDIENTE,CFE TELECOMUNICACIONES E INTERNET PARA TODOS,POZA RICA,1,,BASICO,,,,FUERA DE SERVICIO,En diagnostico por CENTRO ATN Y SERV. PUEBLA  DIAGNOSTICADO POR: TFA: MARTINEZ PAUL Tel: 0000226262 - S/E 09/09/26 12:11:05  DIAGNOSTICO: HERRAMIENTAS: REACT-2000,,,,PAUL MARTINEZ CORDOVA,2222299345,,2026-09-09 11:56:06,DOWN,POZ - POZA RICA,,VERFKV00AL00-1001-01,CERRADA,309,CAMBIO PAR SECUNDARI,Infinitum Puro,JUDITH DIAZ LOZANO
,12604805,2299350707,VALIDAR,CIA MEX DE TRASL DE VLRS SA DE,VERACRUZ,1,,BASICO,,,,FUERA DE SERVICIO,En diagnostico por CENTRO ATN Y SERV. PUEBLA  DIAGNOSTICADO POR: TFA: SERRANO LUIS ALBERTO Tel: 0000026285 - S/E 09/09/26 12:54:14  DIAGNOSTICO: INTERMITENCIA  HERRAMIENTAS: NO SE APLICO HER,,,,PILAR FELICIA FLORES GONZALEZ,2222299312,,2026-09-09 12:02:06,UP,ALT - CT MANLIO FABIO ALTAMIRANO,VIL0006FOB7 - 4,VERHMOA09074VIL0006F,ABIERTA,,,VSI,JUDITH DIAZ LOZANO
,12604835,2734890909,VALIDAR,CFE TELECOMUNICACIONES E INTERNET PARA TODOS,VERACRUZ,1,,BASICO,,,,DATOS,En diagnostico por CENTRO ATN Y SERV. CAFETALES  DIAGNOSTICADO POR: RMA: MARQUEZ MARIANA Tel: 2115760000 - S/E 09/09/26 12:21:33  DIAGNOSTICO: DATOS/ NO ACCESA A INTERNET/  HERRAMIENTAS: NO SE APLICO HER,,,,MARIA LUISA RAMIREZ GARCIA,2222299332,,2026-09-09 12:05:06,UP,DCA - CT DOS CAMINOS,CMM0002FOE7 - 5,VERHCMM01033CMM0002F,ABIERTA,,,Infinitum Puro,JESUS CERVANTES ROBLES
,12604893,A32-1104-0451,VALIDAR,"BANCO SANTANDER MEXICO S.A., INSTITUCION DE BANCA MULTIPLE,",POZA RICA,1,PAPANTLA,ENLACES,Clle Enriquez 107-A COL Centro C.P 93400,PAPANTLA DE OLARTE,,CORTES INTERMITENTES O ERRORES,En diagnostico por CENTRO ATN Y SERV. PUEBLA  DIAGNOSTICADO POR: TFA: GUTIERREZ JUAN CARLOS Tel: 2222299355 - 26272 09/09/26 12:35:42  DIAGNOSTICO: HERRAMIENTAS: NO SE APLICO HER,,,,JUAN CARLOS HERNANDEZ MUNOZ,2222299341,,2026-09-09 12:13:06,UP,,,,,,,,PUEBLA OPERADORA TRANS
,12604964,9212482773,VALIDAR,DISTRIBUIDORA DE PERFUMERIA Y,COATZACOALCOS,1,,BASICO,AVE UNIVERSIDAD 0 - E COL. GAVIOTAS COATZACOALCOS VE C.P. 96536 ENTRE KM. 10.0 (BODEGA DIPEP,VERACRUZ,,FUERA DE SERVICIO,En diagnostico por CENTRO ATN Y SERV. PUEBLA  DIAGNOSTICADO POR: TFA: SERRANO LUIS ALBERTO Tel: 0000026285 - S/E 09/09/26 13:00:00  DIAGNOSTICO: SIN ACCESO A DATOS  HERRAMIENTAS: NO SE APLICO HER,,,,LUIS ALBERTO SERRANO CAMARILLO,2222299350,,2026-09-09 12:28:06,UP,COZ - CT COATZACOALCOS,GVA0002FOB6 - 1,VERHGVA02152GVA0002F,ABIERTA,,,VSI,ELIZABETH HERNANDEZ CASTRO
,12604994,2221290924,VALIDAR,TIENDAS CHEDRAUI,PUEBLA,1,,BASICO,CALLE CRISTOBAL COLON NUMERO 165-C COLONIA SANTA MARIA XONACATEPEC HEROICA PUEBLA DE ZARAGOZA PU,,,FUERA DE SERVICIO,En diagnostico por CENTRO ATN Y SERV. CAFETALES  DIAGNOSTICADO POR: TFA: MARQUEZ MARIANA Tel: 2115760000 - S/E 09/09/26 12:35:18  DIAGNOSTICO: FUERA DE SERVICIO/ SIN SERVICIO/  HERRAMIENTAS: NO SE APLICO HER,,,,PAUL MARTINEZ CORDOVA,2222299345,,2026-09-09 12:30:06,UP,AUC - CT AMALUCAN,XOA0002FOG3 - 3,PUEAFUR13199XOA0002F,CERRADA,326,CORDON ACOMET OPTICO,VSI,MARTHA CHAVARRIA MARTINEZ
,12605012,9212482770,PENDIENTE,DISTRIBUIDORA DE PERFUMERIA Y,COATZACOALCOS,1,,BASICO,AVE UNIVERSIDAD 0 - E COL. GAVIOTAS COATZACOALCOS VE C.P. 96536 ENTRE KM. 10.0 (BODEGA DIPEP,VERACRUZ,,FUERA DE SERVICIO,En diagnostico por CENTRO ATN Y SERV. PUEBLA  DIAGNOSTICADO POR: TFA: VIDAL CECILIA Tel: 2222222222 - S/E 09/09/26 12:42:48  DIAGNOSTICO: fs  HERRAMIENTAS: NO SE APLICO HER,,,,LUIS ENRIQUE RUIZ PEREZ,2222299334,,2026-09-09 12:34:06,DOWN,COZ - CT COATZACOALCOS,GVA0002FOB6 - 2,VERHGVA02152GVA0002F,ABIERTA,,,VSI,ELIZABETH HERNANDEZ CASTRO
,12605042,7787370144,VALIDAR,MUTUALIDAD DE PORCICULTORES ASOCIADOS,PACHUCA,1,,BASICO,,,,FUERA DE SERVICIO,En diagnostico por CENTRO ATN Y SERV. PUEBLA  DIAGNOSTICADO POR: TFA: MARTINEZ PAUL Tel: 0000226262 - S/E 09/09/26 12:40:37  DIAGNOSTICO: HERRAMIENTAS: REACT-2000,,,,MARIA LUISA RAMIREZ GARCIA,2222299332,,2026-09-09 12:36:06,UP,TUA - TULA,TXC0005FOE3 - 3,HGOHTHP01037TXC0005F,CERRADA,327,CABLE PRIN. FIBRA OP,VSI,MARIA ISABEL MEDINA MAXIL
,12605059,7787370194,VALIDAR,MUTUALIDAD DE PORCICULTORES ASOCIADOS,PACHUCA,1,,BASICO,,,,FUERA DE SERVICIO,En diagnostico por CENTRO ATN Y SERV. PUEBLA  DIAGNOSTICADO POR: TFA: RUIZ LUIS ENRIQUE Tel: 0123456789 - S/E 09/09/26 12:55:59  DIAGNOSTICO: S/S  HERRAMIENTAS: REACT-2000,,,,PAUL MARTINEZ CORDOVA,2222299345,,2026-09-09 12:38:06,UP,TUA - TULA,TXC0005FOF6 - 2,HGOHTHP01038TXC0005F,CERRADA,327,CABLE PRIN. FIBRA OP,VSI,MARIA ISABEL MEDINA MAXIL
,12605076,7747431619,PENDIENTE,INSTITUTO HIDALGUENSE DE EDUCACION PARA LOS ADULTOS,PACHUCA,1,,BASICO,,,,DATOS,En diagnostico por CENTRO ATN Y SERV. PUEBLA  DIAGNOSTICADO POR: TFA: VIDAL CECILIA Tel: 2222222222 - S/E 09/09/26 12:57:40  DIAGNOSTICO: fs  HERRAMIENTAS: NO SE APLICO HER,,,,PILAR FELICIA FLORES GONZALEZ,2222299312,,2026-09-09 12:41:06,DOWN,PAC - PACHUCA,ZTI0001A3 - 1,ZTI01-TUL2,ABIERTA,,,Infinitum Cobre,GABRIELA ENCINAS CASTRO
,12605118,9212135416,PENDIENTE,ASERTEC S A DE CV,COATZACOALCOS,1,,BASICO,,,,FUERA DE SERVICIO,En diagnostico por CENTRO ATN Y SERV. PUEBLA  DIAGNOSTICADO POR: TFA: MARTINEZ PAUL Tel: 0000226262 - S/E 09/09/26 12:55:48  DIAGNOSTICO: HERRAMIENTAS: REACT-2000,,,,LUIS ALBERTO SERRANO CAMARILLO,2222299350,,2026-09-09 12:47:06,DOWN,COZ - CT COATZACOALCOS,PMX0009FOB1 - 2,VERAPTR03038PMX0009F,ABIERTA,,,VSI,PUEBLA OPERADORA TRANS
,12605126,2222880422,PENDIENTE,PROMOTORA NACIONAL AGROPECUARI,PUEBLA,1,,BASICO,CLZ PLAZA DEL CONDE 15 COL. SAN JOSE LOS CERRITOS HEROICA PUEBLA DE ZARAGOZA PU C.P. 72014 EN,PUEBLA,,FUERA DE SERVICIO,En diagnostico por CENTRO ATN Y SERV. PUEBLA  DIAGNOSTICADO POR: TFA: RUIZ LUIS ENRIQUE Tel: 0123456789 - S/E 09/09/26 12:58:38  DIAGNOSTICO: S/S  HERRAMIENTAS: REACT-2000,,,,LUIS ENRIQUE RUIZ PEREZ,2222299334,,2026-09-09 12:48:06,DOWN,SNP - SAN PEDRO,AOT0026FOC8 - 6,PUEALPA08112AOT0026F,ABIERTA,,,VSI,PUEBLA OPERADORA TRANS
,12605144,2838740425,PENDIENTE,PARQUE CENTRAL,CORDOBA,1,,BASICO,,,,FUERA DE SERVICIO (INT),En diagnostico por CENTRO ATN Y SERV. PUEBLA  DIAGNOSTICADO POR: TFA: VIDAL CECILIA Tel: 2222222222 - S/E 09/09/26 13:04:04  DIAGNOSTICO: fs  HERRAMIENTAS: NO SE APLICO HER,,,,MARIA LUISA RAMIREZ GARCIA,2222299332,,2026-09-09 12:52:06,DOWN,LBO:CT LOMA BONITA,ISL0021FOC5 - 5,VERHISL01004ISL0021F,ABIERTA,,,VSI,MARIA ISABEL MEDINA MAXIL
,12605155,2222197314,VALIDAR,VENTO POWERSPORTS,PUEBLA,1,,BASICO,,,,FUERA DE SERVICIO,En diagnostico por CENTRO ATN Y SERV. PUEBLA  DIAGNOSTICADO POR: TFA: MARTINEZ PAUL Tel: 0000226262 - S/E 09/09/26 13:02:23  DIAGNOSTICO: HERRAMIENTAS: REACT-2000,,,,PAUL MARTINEZ CORDOVA,2222299345,,2026-09-09 12:56:06,UP,MAO - CT GUADALUPE (MAYORAZGO),MAO0103FOR7 - 8,PUEHZER12200MAO0103F,CERRADA,328,CABLE SECUN FIBRA OP,VSI,ELIZABETH HERNANDEZ CASTRO
,12605161,2313131137,PENDIENTE,MUNICIPIO DE ATEMPAN PUEBLA,JALAPA,1,,BASICO,,,,FUERA DE SERVICIO,En diagnostico por CENTRO ATN Y SERV. PUEBLA  DIAGNOSTICADO POR: TFA: FLORES PILAR FELICIA Tel: 2222222222 - S/E 09/09/26 13:13:57  DIAGNOSTICO: SIN SINCRONIA  HERRAMIENTAS: NO SE APLICO HER,,,,PILAR FELICIA FLORES GONZALEZ,2222299312,,2026-09-09 12:55:06,DOWN,TEZ - TEZIUTLAN,TTS0004FOB6 - 5,PUEATTS01010TTS0004F,ABIERTA,,,Infinitum Puro,JUDITH DIAZ LOZANO
,12605191,2299208063,VALIDAR,BANCO NACIONAL DE MEXICO,VERACRUZ,1,,BASICO,"CRT VERACRUZ - XALAPA SN, BRUNO PAGLIARI,",,,DATOS,En diagnostico por CENTRO ATN Y SERV. CAFETALES  DIAGNOSTICADO POR: TFA: MARQUEZ MARIANA Tel: 2115760000 - S/E 09/09/26 13:14:10  DIAGNOSTICO: DATOS/ NO ACCESA A INTERNET/  HERRAMIENTAS: NO SE APLICO HER,,,,PILAR FELICIA FLORES GONZALEZ,2222299312,,2026-09-09 13:00:06,UP,LER - CT LERDO,FRM0001FOC5 - 3,VERHFRM02026FRM0001F,ABIERTA,,,Infinitum Puro,RICARDO PEREZ MEZA
,12605211,2787326785,PENDIENTE,MUNICIPIO DE ZONGOLICA VER,CORDOBA,1,,BASICO,,,,VOZ,En diagnostico por CENTRO ATN Y SERV. PUEBLA  DIAGNOSTICADO POR: TFA: VIDAL CECILIA Tel: 2222222222 - S/E 09/09/26 13:13:57  DIAGNOSTICO: fs  HERRAMIENTAS: NO SE APLICO HER,,,,LUIS ALBERTO SERRANO CAMARILLO,2222299350,,2026-09-09 13:04:06,DOWN,ORI - ORIZABA,ZON0004FOA6 - 8,VERHZON01000ZON0004F,ABIERTA,,,VSI,MARIA ISABEL MEDINA MAXIL
,12605303,2838742106,VALIDAR,SEP DGETI CETIS 144,CORDOBA,1,,BASICO,,,,DATOS,En diagnostico por CENTRO ATN Y SERV. PUEBLA  DIAGNOSTICADO POR: TFA: RUIZ LUIS ENRIQUE Tel: 0123456789 - S/E 09/09/26 14:06:46  DIAGNOSTICO: S/C  HERRAMIENTAS: REACT-2000,,,,PAUL MARTINEZ CORDOVA,2222299345,,2026-09-09 13:18:06,UP,LBO - LOMA BONITA,ISL0015FOG1 - 1,VERHISL01035ISL0015F,CERRADA,326,CORDON ACOMET OPTICO,VSI,PUEBLA OPERADORA TRANS
,12605308,2226888298,VALIDAR,UNINET,PUEBLA,1,,IDN,,,,DATOS,En diagnostico por CENTRO ATN Y SERV. PUEBLA  DIAGNOSTICADO POR: RMA: HUERTA PLACIDO Tel: 8002261500 - 0000026279 09/09/26 16:33:04  DIAGNOSTICO: HERRAMIENTAS: REACT-2000,,,,PILAR FELICIA FLORES GONZALEZ,2222299312,,2026-09-09 13:21:06,UP,SNP - SAN PEDRO,LPA2005FOA6 - 2,PUEHLPA02062LPA2005F,ABIERTA,,,GPON EMPRESARIAL,JESUS CERVANTES ROBLES
,12605321,7787371092,"Origen: IN2609_014231-001 - CM PACHUCA, Descripcion: SE REALIZA MEDICION Y SE TIENE CORTE DE FO A 4.92 km HACIA LOS DTOS ATIENDE . COPE TULA",COMERCIALIZADORA FARMACEUTICA,PACHUCA,1,,BASICO,AVE DEL TRABAJO 7 COL. TLAXCOAPAN TLAXCOAPAN HG 42950,HIDALGO,TUA - TULA,DATOS,En diagnostico por CENTRO ATN Y SERV. CAFETALES  DIAGNOSTICADO POR: TFA: MARQUEZ MARIANA Tel: 2115760000 - S/E 09/09/26 13:25:00  DIAGNOSTICO: DATOS/ NO ACCESA A INTERNET/  HERRAMIENTAS: NO SE APLICO HER,,,,LUIS ALBERTO SERRANO CAMARILLO,2222299350,,2026-09-09 13:22:06,UP,TUA - TULA,TXC0001FOA7 - 7,HGOHTHP01001TXC0001F,CERRADA,327,CABLE PRIN. FIBRA OP,VSI,RICARDO PEREZ MEZA
,12605348,2838742107,VALIDAR,SECRETARIA DE EDUCACION PUBLICA,CORDOBA,1,,BASICO,,,,FUERA DE SERVICIO,En diagnostico por CENTRO ATN Y SERV. PUEBLA  DIAGNOSTICADO POR: TFA: RUIZ LUIS ENRIQUE Tel: 0123456789 - S/E 09/09/26 14:09:16  DIAGNOSTICO: S/S  HERRAMIENTAS: REACT-2000,,,,LUIS ALBERTO SERRANO CAMARILLO,2222299350,,2026-09-09 13:28:06,UP,LBO - LOMA BONITA,ISL0015FOG1 - 7,VERHISL01035ISL0015F,CERRADA,,,VSI,JUDITH DIAZ LOZANO
,12605354,2222202377,PENDIENTE,MUNICIPIO DE PUEBLA,PUEBLA,1,,BASICO,,,,DATOS,En diagnostico por CENTRO ATN Y SERV. PUEBLA  DIAGNOSTICADO POR: TFA: VIDAL CECILIA Tel: 2222222222 - S/E 09/09/26 13:33:39  DIAGNOSTICO: fs  HERRAMIENTAS: NO SE APLICO HER,,,,LUIS ENRIQUE RUIZ PEREZ,2222299334,,2026-09-09 13:28:06,DOWN,ZAR - IGNACIO ZARAGOZA,SMG0003FOB1 - 6,PUEHFUR10186SMG0003F,CERRADA,325,TERMINAL SECUN. FTTH,Infinitum Puro,PUEBLA OPERADORA TRANS
,12605379,7787824884,VALIDAR,INSTITUTO DE CAPACITACION PARA EL TRABAJO DEL ESTADO DE HIDA,PACHUCA,1,,BASICO,CLL EUSTOLIO BECERRA 1 CENTRO,,,FUERA DE SERVICIO,PEXT PENDIENTE - FAVOR DE ATENDER REPORTE,,,,MARIA LUISA RAMIREZ GARCIA,2222299332,,2026-09-09 13:38:06,UP,TUA - TULA,AJC0008FOC4 - 8,HGOHTHP01018AJC0008F,ABIERTA,,,VSI,ELIZABETH HERNANDEZ CASTRO
,12605450,7787374329,VALIDAR,MUEBLES PARA BAÑO SA DE CV,PACHUCA,1,,BASICO,,,,FUERA DE SERVICIO (INT),En diagnostico por CENTRO ATN Y SERV. PUEBLA  DIAGNOSTICADO POR: TFA: MARTINEZ PAUL Tel: 0000226262 - S/E 09/09/26 13:50:26  DIAGNOSTICO: HERRAMIENTAS: REACT-2000,,,,PILAR FELICIA FLORES GONZALEZ,2222299312,,2026-09-09 13:45:06,UP,TUA - TULA,ATA0002FOA1 - 4,HGOHTHP01008ATA0002F,CERRADA,,,VSI,PUEBLA OPERADORA TRANS
,12605457,2878753447,VALIDAR,ISQUISA,CORDOBA,1,,BASICO,,,,DATOS,En diagnostico por CENTRO ATN Y SERV. PUEBLA  DIAGNOSTICADO POR: TFA: RUIZ LUIS ENRIQUE Tel: 0123456789 - S/E 09/09/26 14:34:27  DIAGNOSTICO: S/S  HERRAMIENTAS: REACT-2000,,,,LUIS ALBERTO SERRANO CAMARILLO,2222299350,,2026-09-09 13:52:06,UP,TTP - TUXTEPEC,TTP0027FOC2 - 5,OAXATTP01175TTP0027F,ABIERTA,,,VSI,ADRIANA LEON GONZALEZ
,12605466,7787373329,VALIDAR,TELECOM,PACHUCA,1,,BASICO,AVE PRINCIPAL 0 EDIF PALACIO MUNICIPAL COL. CENTRO ATITALAQUIA HG C.P. 54275,HIDALGO,TUA-TULA,DATOS,En diagnostico por CENTRO ATN Y SERV. CAFETALES  DIAGNOSTICADO POR: TFA: MARQUEZ MARIANA Tel: 2115760000 - S/E 09/09/26 14:04:54  DIAGNOSTICO: DATOS/ NO ACCESA A INTERNET/  HERRAMIENTAS: NO SE APLICO HER,,,,LUIS ENRIQUE RUIZ PEREZ,2222299334,,2026-09-09 13:49:06,UP,TUA - TULA,ATA0002FOA5 - 2,HGOHTHP01008ATA0002F,CERRADA,,,VSI,ISRAEL CRUZ ESCOBAR
,12605486,7787371057,VALIDAR,MUNICIPIO DE TLAXCOAPAN,PACHUCA,1,,BASICO,,,,FUERA DE SERVICIO,En diagnostico por CENTRO ATN Y SERV. PUEBLA  DIAGNOSTICADO POR: TFA: VIDAL CECILIA Tel: 2222222222 - S/E 09/09/26 15:11:05  DIAGNOSTICO: FS  HERRAMIENTAS: NO SE APLICO HER,,,,LUIS ENRIQUE RUIZ PEREZ,2222299334,,2026-09-09 13:55:06,UP,TUA - TULA,TXC0001FOA3 - 1,HGOHTHP01001TXC0001F,CERRADA,327,CABLE PRIN. FIBRA OP,VSI,ELIZABETH HERNANDEZ CASTRO
,12605514,7787370035,VALIDAR,MUNICIPIO DE TLAXCOAPAN,PACHUCA,1,,BASICO,CLL PLAZA BENITO JUAREZ 16 COL. CENTRO TLAXCOAPAN HG 54275,HIDALGO,TUA - TULA,FUERA DE SERVICIO,En diagnostico por CENTRO ATN Y SERV. PUEBLA  DIAGNOSTICADO POR: TFA: FLORES PILAR FELICIA Tel: 2222222222 - S/E 09/09/26 14:09:28  DIAGNOSTICO: SIN SINCRONIA  HERRAMIENTAS: NO SE APLICO HER,,,,PAUL MARTINEZ CORDOVA,2222299345,,2026-09-09 13:58:06,UP,TUA - TULA,TXC0001FOA3 - 5,HGOHTHP01001TXC0001F,CERRADA,327,CABLE PRIN. FIBRA OP,VSI,ELIZABETH HERNANDEZ CASTRO
,12605540,7787370267,VALIDAR,MUNICIPIO DE TLAXCOAPAN,PACHUCA,1,,BASICO,,,,FUERA DE SERVICIO,En diagnostico por CENTRO ATN Y SERV. PUEBLA  DIAGNOSTICADO POR: TFA: RUIZ LUIS ENRIQUE Tel: 0123456789 - S/E 09/09/26 14:40:15  DIAGNOSTICO: S/S  HERRAMIENTAS: REACT-2000,,,,PILAR FELICIA FLORES GONZALEZ,2222299312,,2026-09-09 14:02:06,UP,TUA - TULA,TXC0001FOA3 - 6,HGOHTHP01001TXC0001F,CERRADA,327,CABLE PRIN. FIBRA OP,VSI,ELIZABETH HERNANDEZ CASTRO
,12605555,7787371175,VALIDAR,MUNICIPIO DE TLAXCOAPAN,PACHUCA,1,,BASICO,,,,FUERA DE SERVICIO,En diagnostico por CENTRO ATN Y SERV. PUEBLA  DIAGNOSTICADO POR: TFA: RUIZ LUIS ENRIQUE Tel: 0123456789 - S/E 09/09/26 14:42:09  DIAGNOSTICO: S/S  HERRAMIENTAS: REACT-2000,,,,LUIS ALBERTO SERRANO CAMARILLO,2222299350,,2026-09-09 14:06:06,UP,TUA - TULA,TXC0001FOA1 - 2,HGOHTHP01001TXC0001F,ABIERTA,,,VSI,ELIZABETH HERNANDEZ CASTRO
,12605584,2293755817,VALIDAR,TVCENLINEA.COM,VERACRUZ,1,,BASICO,"AVE PINO SUAREZ 2488, CENTRO VERACRUZ FRANCISCO CANAL HERNAN CORTES VERACRUZ CP:91700",VE,,FUERA DE SERVICIO (INT),En diagnostico por CENTRO ATN Y SERV. PUEBLA  DIAGNOSTICADO POR: TFA: FLORES PILAR FELICIA Tel: 2222222222 - S/E 09/09/26 14:31:28  DIAGNOSTICO: SIN SINCRONIA  HERRAMIENTAS: NO SE APLICO HER,,,,LUIS ENRIQUE RUIZ PEREZ,2222299334,,2026-09-09 14:13:06,UP,LER - CT LERDO,DOB0058FOA1 - 4,VERHLER01023DOB0058F,CERRADA,328,CABLE SECUN FIBRA OP,VSI,ADRIANA LEON GONZALEZ
,12605623,2291667738,VALIDAR,MECANICA TEK,VERACRUZ,1,,BASICO,CARRETERA FEDERAL VERACRUZ JALAPA SIN NUMERO KM 92+805 ENTRE ESQUINA CARRETERA SOLEDAD DE DOBLA,,,FUERA DE SERVICIO,Mod Masivo:,Cable Fibra Optica,,Vandalismo,CLAUDIA CASTRO SANCHEZ,2222299352,,2026-09-09 14:23:06,UP,LER - CT LERDO,FRM0048FOA4 - 5,VERHFRM01019FRM0048F,CERRADA,705,PROB.S/FALTA RED C/A,VSI,FERNANDO ALCARAZ ANITA
,12605634,7787824703,VALIDAR,ERIKA OROPEZA BARRERA,PACHUCA,1,,BASICO,,,,FUERA DE SERVICIO,PEXT PENDIENTE - FAVOR DE ATENDER REPORTE,,,,MARIA LUISA RAMIREZ GARCIA,2222299332,,2026-09-09 14:26:06,UP,TUA - TULA,AJC0001FOB5 - 1,HGOHTHP01021AJC0001F,ABIERTA,,,VSI,JUDITH DIAZ LOZANO
,12605655,CB2-2105-0371,,CENTRIFUGADOS MEXICANOS,CORDOBA,1,SAN JUAN DE LA PUNTA (CUITLAHUAC,ENLACES,Ctra CORDOBA LA TINAJA KM 28.5 S/N CONG MATA NARANJO C.P 94910,CUITLAHUAC,,FUERA DE SERVICIO,En diagnostico por CENTRO ATN Y SERV. PUEBLA  DIAGNOSTICADO POR: RMA: MENDOZA CARLOS MIGUEL Tel: 2222299348 - S/E 09/09/26 14:46:15  DIAGNOSTICO: HERRAMIENTAS: REACT-2000,,,,JUAN CARLOS HERNANDEZ MUNOZ,2222299341,106.13.52.167,2026-09-09 14:32:06,,,,,,,,,PUEBLA OPERADORA TRANS
,12605658,7787373991,VALIDAR,FERREPRECIOSSA DE C V,PACHUCA,1,,BASICO,CLL MELCHOR OCAMPO 0 COL. CENTRO ATITALAQUIA HG C.P. 54275 ENTRE FRAY DIEGO DE RUZ,HIDALGO,TUA-TULA,FUERA DE SERVICIO,En diagnostico por CENTRO ATN Y SERV. PUEBLA  DIAGNOSTICADO POR: TFA: RUIZ LUIS ENRIQUE Tel: 0123456789 - S/E 09/09/26 14:46:36  DIAGNOSTICO: S/S  HERRAMIENTAS: REACT-2000,,,,PILAR FELICIA FLORES GONZALEZ,2222299312,,2026-09-09 14:31:06,UP,TUA - TULA,ATA0001FOA8 - 6,HGOHTHP01012ATA0001F,CERRADA,,,VSI,PUEBLA OPERADORA TRANS
,12605663,7786882331,VALIDAR,FERREPRECIOS SA DE CV,PACHUCA,1,,BASICO,,,,FUERA DE SERVICIO,En diagnostico por CENTRO ATN Y SERV. PUEBLA  DIAGNOSTICADO POR: TFA: RUIZ LUIS ENRIQUE Tel: 0123456789 - S/E 09/09/26 14:49:04  DIAGNOSTICO: S/S  HERRAMIENTAS: REACT-2000,,,,LUIS ALBERTO SERRANO CAMARILLO,2222299350,,2026-09-09 14:32:06,UP,TUA - TULA,ATA0001FOA6 - 1,HGOHTHP01012ATA0001F,CERRADA,,,VSI,PUEBLA OPERADORA TRANS
,12605679,2222427122,VALIDAR,COPPEL,PUEBLA,1,,BASICO,8 PONIENTE #305 COL CENTRO. PUEBLA. M.,,,DATOS,CNSCH PENDIENTE - FAVOR DE ATENDER REPORTE,Cable Multipar,,Telmex,MARIA LUISA RAMIREZ GARCIA,2222299332,,2026-09-09 14:41:06,UP,ZAR - IGNACIO ZARAGOZA,REF0100FOB6 - 1,PUEHFUR01072REF0100F,CERRADA,,,VSI,PUEBLA OPERADORA TRANS
,12605707,2299200658,VALIDAR,CADENA COMERCIAL OXXO,VERACRUZ,1,,BASICO,CRT FEDERAL VERACRUZ JALAPA 0 SUBNUMERO 92-554 EDIF OXXO COL. CIUDAD INDUSTRIAL BRUNO PAGLIAI VERACRUZVE C.P. 91697,,,FUERA DE SERVICIO,En diagnostico por CENTRO ATN Y SERV. CAFETALES  DIAGNOSTICADO POR: RMA: MARQUEZ MARIANA Tel: 2115760000 - S/E 09/09/26 14:55:09  DIAGNOSTICO: FUERA DE SERVICIO/ SIN SERVICIO/  HERRAMIENTAS: NO SE APLICO HER,,,,PAUL MARTINEZ CORDOVA,2222299345,,2026-09-09 14:46:06,UP,LER - CT LERDO,FRM0048FOA4 - 7,VERHFRM01019FRM0048F,CERRADA,705,PROB.S/FALTA RED C/A,Infinitum Puro,ISRAEL EDUARDO RODRIGUEZ VILLANUEVA
,12605713,2299200608,VALIDAR,CADENA COMERCIAL OXXO,VERACRUZ,1,,BASICO,,,,FUERA DE SERVICIO,En diagnostico por CENTRO ATN Y SERV. CAFETALES  DIAGNOSTICADO POR: TFA: MARQUEZ MARIANA Tel: 2115760000 - S/E 09/09/26 14:56:50  DIAGNOSTICO: FUERA DE SERVICIO/ SIN SERVICIO/  HERRAMIENTAS: NO SE APLICO HER,,,,PILAR FELICIA FLORES GONZALEZ,2222299312,,2026-09-09 14:47:06,UP,LER - CT LERDO,FRM0048FOA4 - 2,VERHFRM01019FRM0048F,CERRADA,325,TERMINAL SECUN. FTTH,Infinitum Puro,ISRAEL EDUARDO RODRIGUEZ VILLANUEVA
,12605741,2222579206,PENDIENTE,OPERADORA DE SERVICIOS PAQUETEXPRESS,PUEBLA,1,,BASICO,,,,DATOS,PEXT PENDIENTE - FAVOR DE ATENDER REPORTE,,,,MARIA LUISA RAMIREZ GARCIA,2222299332,,2026-09-09 14:53:06,DOWN,SNP - SAN PEDRO,OPN0008FOC4 - 3,PUEALPA08055OPN0008F,ABIERTA,,,VSI,ADRIANA LEON GONZALEZ
,12605764,2888823400,VALIDAR,PODER JUDICIAL DEL ESTADO DE VERACRUZ,VERACRUZ,1,,BASICO,,,,FUERA DE SERVICIO,,,,,PAUL MARTINEZ CORDOVA,2222299345,,2026-09-09 14:59:06,UP,COS - CT COSAMALOAPAN,COS0039FOB3 - 5,VERHCOS01026COS0039F,CERRADA,326,CORDON ACOMET OPTICO,VSI,MARIA ISABEL MEDINA MAXIL
,12605765,2818721167,PENDIENTE,FELIX VASQUEZ HERNANDEZ,CORDOBA,1,,BASICO,,,,FUERA DE SERVICIO,En diagnostico por CENTRO ATN Y SERV. PUEBLA  DIAGNOSTICADO POR: TFA: FLORES PILAR FELICIA Tel: 2222222222 - S/E 09/09/26 15:14:17  DIAGNOSTICO: SIN SINCRONIA  HERRAMIENTAS: NO SE APLICO HER,,,,PILAR FELICIA FLORES GONZALEZ,2222299312,,2026-09-09 14:57:06,DOWN,LBO - LOMA BONITA,LBO0009FOG4 - 6,OAXALBO01046LBO0009F,ABIERTA,,,VSI,ADRIANA LEON GONZALEZ
,12605821,2222265188,VALIDAR,GASTRONOMICA ELCARMEN DE PUEB,PUEBLA,1,,BASICO,,,,FUERA DE SERVICIO,En diagnostico por CENTRO ATN Y SERV. PUEBLA  DIAGNOSTICADO POR: TFA: FLORES PILAR FELICIA Tel: 2222222222 - S/E 09/09/26 15:22:02  DIAGNOSTICO: CORTES  HERRAMIENTAS: NO SE APLICO HER,,,,LUIS ALBERTO SERRANO CAMARILLO,2222299350,,2026-09-09 15:13:06,UP,SNP - SAN PEDRO,LPA0098FOB1 - 4,PUEHLPA01039LPA0098F,ABIERTA,,,VSI,PUEBLA OPERADORA TRANS
,12605832,7757530026,PENDIENTE,FINANCIERA PARA EL BIENESTAR,PACHUCA,1,,BASICO,,,,FUERA DE SERVICIO,En diagnostico por CENTRO ATN Y SERV. PUEBLA  DIAGNOSTICADO POR: TFA: MARTINEZ PAUL Tel: 0000226262 - S/E 09/09/26 15:23:42  DIAGNOSTICO: HERRAMIENTAS: REACT-2000,,,,LUIS ENRIQUE RUIZ PEREZ,2222299334,,2026-09-09 15:19:06,DOWN,TUL - TULANCINGO,,,ABIERTA,,,Red de Cobre,PUEBLA OPERADORA TRANS
,12605844,7838354987,VALIDAR,ADO Y EMPRESASCOORDINADAS SA,POZA RICA,1,,BASICO,,,TPN-CT TUXPAN,DATOS,PEXT PENDIENTE - FAVOR DE ATENDER REPORTE,,,,MARIA LUISA RAMIREZ GARCIA,2222299332,,2026-09-09 15:20:06,UP,TPN - CT TUXPAN,ARM0010FOF1 - 5,VERATPN03046ARM0010F,ABIERTA,,,VSI,ADRIANA LEON GONZALEZ
,12605849,7737851736,PENDIENTE,FINAGAM SC DE AP DE RL DE CV,PACHUCA,1,,BASICO,BLV COOPERATIVISMO 0 - A COL. CENTRO SAN MIGUEL VINDHO HG C.P. 54275 ENTRE LOCAL 2,HIDALGO,,FUERA DE SERVICIO,En diagnostico por CENTRO ATN Y SERV. PUEBLA  DIAGNOSTICADO POR: TFA: FLORES PILAR FELICIA Tel: 2222222222 - S/E 09/09/26 15:23:59  DIAGNOSTICO: SIN SINCRONIA  HERRAMIENTAS: NO SE APLICO HER,,,,PAUL MARTINEZ CORDOVA,2222299345,,2026-09-09 15:22:06,DOWN,TUA - TULA,CAL0001FOC3 - 7,HGOATUA02153CAL0001F,ABIERTA,,,VSI,GABRIELA ENCINAS CASTRO
,12605864,7737851740,PENDIENTE,FINAGAM,PACHUCA,1,,BASICO,BLVD DEL COOPERATIVISMO S/N COL CENTRO SAN MIGUEL VINDHO CRUZ AZUL CP:42840,HG,,FUERA DE SERVICIO,En diagnostico por CENTRO ATN Y SERV. PUEBLA  DIAGNOSTICADO POR: TFA: VIDAL CECILIA Tel: 2222222222 - S/E 09/09/26 15:35:02  DIAGNOSTICO: FS  HERRAMIENTAS: NO SE APLICO HER,,,,PILAR FELICIA FLORES GONZALEZ,2222299312,,2026-09-09 15:30:06,DOWN,TUA - TULA,CAL0001B4 - 9,,ABIERTA,,,Red de Cobre,GABRIELA ENCINAS CASTRO
,12605867,2222335750,VALIDAR,RYC ALIMENTOS SA DE CV,PUEBLA,1,,BASICO,BLV 24 SUR 4329 LOS PILARES,,,VOZ,En diagnostico por CENTRO ATN Y SERV. PUEBLA  DIAGNOSTICADO POR: TFA: MARTINEZ PAUL Tel: 0000226262 - S/E 09/09/26 15:32:26  DIAGNOSTICO: HERRAMIENTAS: REACT-2000,,,,LUIS ALBERTO SERRANO CAMARILLO,2222299350,,2026-09-09 15:29:06,UP,AQU - CT AQUILES SERDAN,SMA0059FOA1 - 8,PUEAINS07012SMA0059F,ABIERTA,,,VSI,ELIZABETH HERNANDEZ CASTRO
,12605873,2299320060,VALIDAR,AUTOSUPER LA MONTANESA SA DE C,VERACRUZ,1,,BASICO,CLL 3 0 SUBNUMERO L-764 COL. PEDRO IGNACIO MATA VERACRUZ VE C.P. 91799,VERACRUZ,,FUERA DE SERVICIO,En diagnostico por CENTRO ATN Y SERV. PUEBLA  DIAGNOSTICADO POR: TFA: FLORES PILAR FELICIA Tel: 2222222222 - S/E 09/09/26 15:48:44  DIAGNOSTICO: SIN SINCRONIA  HERRAMIENTAS: NO SE APLICO HER,,,,LUIS ENRIQUE RUIZ PEREZ,2222299334,,2026-09-09 15:34:06,UP,ALT - CT MANLIO FABIO ALTAMIRANO,DOB0058FOA1 - 8,VERHLER01023DOB0058F,CERRADA,,,VSI,ADRIANA LEON GONZALEZ
,12605878,7898940609,VALIDAR,FARMACIA GUADALAJARA S.A. DE C,POZA RICA,1,,BASICO,AVE 5 DE MAYO 41 COL. LA BRISA TEMPOAL DE SANCHEZ VE C.P. 92063 ENTRE ESQ ROSALINO ORTEGA y,VERACRUZ,,FUERA DE SERVICIO,PEXT PENDIENTE - FAVOR DE ATENDER REPORTE,,,,MARIA LUISA RAMIREZ GARCIA,2222299332,,2026-09-09 15:35:06,UP,TPN - CT TUXPAN,TMP0006FOA6 - 6,VERHTMP01018TMP0006F,ABIERTA,,,VSI,ELIZABETH HERNANDEZ CASTRO
,12605882,2464167894,VALIDAR,USET,TLAXCALA,1,,BASICO,,,,DATOS,En diagnostico por CENTRO ATN Y SERV. PUEBLA  DIAGNOSTICADO POR: TFA: VIDAL CECILIA Tel: 2222222222 - S/E 09/09/26 15:45:48  DIAGNOSTICO: FS  HERRAMIENTAS: NO SE APLICO HER,,,,PAUL MARTINEZ CORDOVA,2222299345,,2026-09-09 15:37:06,UP,TLX - CT TLAXCALA,DTX0003FOD8 - 6,TLAHTLX02048DTX0003F,ABIERTA,,,VSI,ADRIANA LEON GONZALEZ
,12605885,7787373798,VALIDAR,TIENDAS SUPER PRECIO,PACHUCA,1,,BASICO,"AVE NORTE SN COL. CENTRO, ATITALAQUIA, HIDALGO",,,FUERA DE SERVICIO,LIQUIDAR,,476 Reaprovisionamiento VSI,,LUIS ALBERTO SERRANO CAMARILLO,2222299350,,2026-09-09 15:37:06,UP,TUA - TULA,ATA0001FOA4 - 5,HGOHTHP01012ATA0001F,ABIERTA,,,VSI,VICTOR MANUEL MENDOZA MEDOZA
,12605895,7787824767,PENDIENTE,UNINET S.A. DE C.V.,PACHUCA,1,,IDN,,,,FUERA DE SERVICIO,En diagnostico por CENTRO ATN Y SERV. PUEBLA  DIAGNOSTICADO POR: TFA: MARTINEZ PAUL Tel: 0000226262 - S/E 09/09/26 15:46:06  DIAGNOSTICO: HERRAMIENTAS: REACT-2000,,,,PILAR FELICIA FLORES GONZALEZ,2222299312,,2026-09-09 15:39:06,DOWN,TUA - TULA,AJC0008FOC4 - 7,HGOHTHP01018AJC0008F,CERRADA,327,CABLE PRIN. FIBRA OP,GPON EMPRESARIAL,PUEBLA OPERADORA TRANS
,12605912,2299200287,VALIDAR,UNINET,VERACRUZ,1,,IDN,"AVE 2, DELFINO VICTORIA (SANTA FE) VE AVE FRAMBOYANES CASETA DE VIGI VERACRUZ CP:91690",VE,,FUERA DE SERVICIO,En diagnostico por CENTRO ATN Y SERV. PUEBLA  DIAGNOSTICADO POR: TFA: REYES ISRAEL Tel: 2222299337 - S/E 09/09/26 16:33:33  DIAGNOSTICO: HERRAMIENTAS: AWS,,,,CLAUDIA CASTRO SANCHEZ,2222299352,,2026-09-09 15:46:06,UP,LER - CT LERDO,FRM0048FOA1 - 2,VERHFRM01019FRM0048F,CERRADA,812,NO HAY FACIL. DE ACC,GPON EMPRESARIAL,PUEBLA OPERADORA TRANS
,12605917,2299812215*,PENDIENTE,UNINET,VERACRUZ,1,,IDN,,,,DATOS,En diagnostico por CENTRO ATN Y SERV. PUEBLA  DIAGNOSTICADO POR: RMA: HUERTA PLACIDO Tel: 8002261500 - 0000026279 09/09/26 17:00:05  DIAGNOSTICO: HERRAMIENTAS: REACT-2000,,,,CLAUDIA CASTRO SANCHEZ,2222299352,,2026-09-09 15:46:06,DOWN,LER - CT LERDO,FRM0048FOA7 - 3,VERHFRM01019FRM0048F,CERRADA,705,PROB.S/FALTA RED C/A,GPON EMPRESARIAL,PUEBLA OPERADORA TRANS
,12605920,2826882371,PENDIENTE,CFE TELECOMUNICACIONES E INTERNET PARA TODOS,JALAPA,1,,BASICO,&%&,,,DATOS,En diagnostico por CENTRO ATN Y SERV. CAFETALES  DIAGNOSTICADO POR: TFA: PEREZ GRACIELA Tel: 0000211258 - S/E 09/09/26 15:53:30  DIAGNOSTICO: FALLA EN DATOS  HERRAMIENTAS: NO SE APLICO HER,,,,LUIS ENRIQUE RUIZ PEREZ,2222299334,,2026-09-09 15:47:06,DOWN,SBR - SAN BRUNO,ALH0003FOF3 - 4,PUEAALH01007ALH0003F,ABIERTA,,,Infinitum Puro,MIGUEL ANGEL LUGO REZA
,12606046,2288130834,VALIDAR,CAFES TOMARI SA DE CV,JALAPA,1,,BASICO,,,,FUERA DE SERVICIO,En diagnostico por CENTRO ATN Y SERV. PUEBLA  DIAGNOSTICADO POR: TFA: REYES ISRAEL Tel: 2222299337 - S/E 09/09/26 17:37:27  DIAGNOSTICO: HERRAMIENTAS: AWS,,,,PILAR FELICIA FLORES GONZALEZ,2222299312,,2026-09-09 16:31:06,UP,SBR - SAN BRUNO,XIO0004FOE7 - 4,VERACOA02051XIO0004F,ABIERTA,,,VSI,ADRIANA LEON GONZALEZ
,12606056,2296885759,PENDIENTE,OPERADORA REAL DE PASTOR,VERACRUZ,1,,BASICO,,,,FUERA DE SERVICIO,En diagnostico por CENTRO ATN Y SERV. PUEBLA  DIAGNOSTICADO POR: TFA: FLORES ISRAEL Tel: 2222222222 - S/E 09/09/26 16:54:55  DIAGNOSTICO: HERRAMIENTAS: REACT-2000,,,,LUIS ALBERTO SERRANO CAMARILLO,2222299350,,2026-09-09 16:34:06,DOWN,MOA - MOCAMBO,BRO0058FOB2 - 2,VERHBRO03077BRO0058F,ABIERTA,,,VSI,GABRIELA ENCINAS CASTRO
,12606082,9212483126,PENDIENTE,TRANSPORTES ALMS DE R L DE,COATZACOALCOS,1,,BASICO,AVE UNIVERSIDAD 10 - H COL. GAVIOTAS COATZACOALCOS VE C.P. 96536 ENTRE PZA COMERCIAL,VERACRUZ,COZ-CT COATZACOALCOS,FUERA DE SERVICIO,En diagnostico por CENTRO ATN Y SERV. PUEBLA  DIAGNOSTICADO POR: TFA: REYES ISRAEL Tel: 2222299337 - S/E 09/09/26 17:37:50  DIAGNOSTICO: HERRAMIENTAS: AWS,,,,LUIS ENRIQUE RUIZ PEREZ,2222299334,,2026-09-09 16:42:06,DOWN,COZ - CT COATZACOALCOS,GVA0050FOA8 - 7,VERHGVA01000GVA0050F,ABIERTA,,,VSI,GABRIELA ENCINAS CASTRO
,12606102,9212145867,PENDIENTE,SERVICIO FACILDEL SURESTE SA,COATZACOALCOS,1,,BASICO,,,COZ-CENTRO COZ,FUERA DE SERVICIO,PEXT PENDIENTE - FAVOR DE ATENDER REPORTE,,,,MARIA LUISA RAMIREZ GARCIA,2222299332,,2026-09-09 16:46:06,DOWN,COZ - CT COATZACOALCOS,PTR0035FOC5 - 5,VERHPTR01064PTR0035F,ABIERTA,,,VSI,PUEBLA OPERADORA TRANS
,12606109,2222951169,VALIDAR,OPERADORA PRISSA SA DE CV,PUEBLA,1,,BASICO,,,,DATOS,En diagnostico por CENTRO ATN Y SERV. PUEBLA  DIAGNOSTICADO POR: TFA: REYES ISRAEL Tel: 2222299337 - S/E 09/09/26 17:38:16  DIAGNOSTICO: HERRAMIENTAS: AWS,,,,PAUL MARTINEZ CORDOVA,2222299345,,2026-09-09 16:48:06,UP,CHO - CT CHOLULA,NRN0001FOD3 - 2,PUEAZER09077NRN0001F,ABIERTA,,,VSI,MARIA MARTINA SILVIA JARAMILLO CORTEZ
,12606122,2222539843,PENDIENTE,CALIDAD JAPONESA SA DE CV,PUEBLA,1,,BASICO,,,,FUERA DE SERVICIO,En diagnostico por CENTRO ATN Y SERV. PUEBLA  DIAGNOSTICADO POR: TFA: FLORES ISRAEL Tel: 2222222222 - S/E 09/09/26 16:57:57  DIAGNOSTICO: HERRAMIENTAS: REACT-2000,,,,PILAR FELICIA FLORES GONZALEZ,2222299312,,2026-09-09 16:52:06,DOWN,SNP - SAN PEDRO,LPA0229FOC1 - 2,PUEHLPA02121LPA0229F,ABIERTA,,,VSI,PUEBLA OPERADORA TRANS
,12606140,7737850216,PENDIENTE,UNINET,PACHUCA,1,,BASICO,CLL ZIMAPAN 0 EDIF CTL CRUZ AZUL COL. SAN MIGUEL VINDHO SAN MIGUEL VINDHOHG C.P. 42842 ENTRE TULANCINGO,,,FUERA DE SERVICIO,En diagnostico por CENTRO ATN Y SERV. PUEBLA  DIAGNOSTICADO POR: TFA: REYES ISRAEL Tel: 2222299337 - S/E 09/09/26 17:38:39  DIAGNOSTICO: HERRAMIENTAS: AWS,,,,LUIS ALBERTO SERRANO CAMARILLO,2222299350,,2026-09-09 16:58:06,DOWN,TUA - TULA,CAL0001FOC5 - 3,HGOATUA02153CAL0001F,CERRADA,301,CABLE PRIN. COBRE,Infinitum Puro,PUEBLA OPERADORA TRANS
,12606185,7828227622,PENDIENTE,NUTRISA SA DE CV,POZA RICA,1,,BASICO,BLV LAZARO CARDENAS 807 EDIF FABRICAS DE FRANCIA COL. JOSE MARIA MORELOS POZA RICA DE HIDALGO VE,VERACRUZ,POZ-POZA RICA,DATOS,En diagnostico por CENTRO ATN Y SERV. PUEBLA  DIAGNOSTICADO POR: RMA: HUERTA PLACIDO Tel: 8002261500 - 0000026279 09/09/26 17:35:27  DIAGNOSTICO: HERRAMIENTAS: REACT-2000,,,,LUIS ENRIQUE RUIZ PEREZ,2222299334,,2026-09-09 17:16:06,DOWN,POZ - POZA RICA,POZ0147FOA3 - 3,VERAPOZ03154POZ0147F,ABIERTA,,,VSI,ADRIANA LEON GONZALEZ
,12606228,2291302654,VALIDAR,LATINOAMERICANA EMPRESARIAL DE,VERACRUZ,1,,BASICO,CALLE SUR 97 NUMERO 613 COLONIA SECTOR POPULAR TEXCOCO MEXICO CP:9060,DF,,FUERA DE SERVICIO,En diagnostico por CENTRO ATN Y SERV. PUEBLA  DIAGNOSTICADO POR: TFA: FLORES ISRAEL Tel: 2222222222 - S/E 09/09/26 17:37:56  DIAGNOSTICO: HERRAMIENTAS: REACT-2000,,,,PILAR FELICIA FLORES GONZALEZ,2222299312,,2026-09-09 17:27:06,UP,MOA - MOCAMBO,NHY0006FOD6 - 2,VERAMOA07191NHY0006F,CERRADA,328,CABLE SECUN FIBRA OP,VSI,ADRIANA LEON GONZALEZ
,12606256,7787371512,VALIDAR,EMPACADORA MURGATI SA DE CV,PACHUCA,1,,BASICO,,,,FUERA DE SERVICIO,En diagnostico por CENTRO ATN Y SERV. PUEBLA  DIAGNOSTICADO POR: TFA: REYES ISRAEL Tel: 2222299337 - S/E 09/09/26 17:39:25  DIAGNOSTICO: HERRAMIENTAS: AWS,,,,LUIS ALBERTO SERRANO CAMARILLO,2222299350,,2026-09-09 17:32:06,UP,TUA - TULA,TXC0005FOE2 - 6,HGOHTHP01037TXC0005F,CERRADA,327,CABLE PRIN. FIBRA OP,VSI,MARIA MARTINA SILVIA JARAMILLO CORTEZ
,12606261,2222166179,VALIDAR,MUNICIPIO DE PUEBLA,PUEBLA,1,,BASICO,CLL BENITO JUAREZ 32 COL. SAN FELIPE HUEYOTLIPAN HEROICA PUEBLA DE ZARAGOZA PU 72030 ENTRE CUAHU,PUEBLA,,FUERA DE SERVICIO,En diagnostico por CENTRO ATN Y SERV. PUEBLA  DIAGNOSTICADO POR: RMA: HUERTA PLACIDO Tel: 8002261500 - 0000026279 09/09/26 17:52:49  DIAGNOSTICO: HERRAMIENTAS: REACT-2000,,,,CLAUDIA CASTRO SANCHEZ,2222299352,,2026-09-09 17:30:06,UP,SNP - SAN PEDRO,AJM0012FOB2 - 4,PUEALPA09158AJM0012F,CERRADA,327,CABLE PRIN. FIBRA OP,Infinitum Puro,PUEBLA OPERADORA TRANS
,12606268,7647649260,PENDIENTE,ICA CONSTRUCCION URBANA,TLAXCALA,1,,BASICO,,,,FUERA DE SERVICIO,PEXT PENDIENTE - FAVOR DE ATENDER REPORTE,,,,MARIA LUISA RAMIREZ GARCIA,2222299332,,2026-09-09 17:34:06,DOWN,HCH - CT HUAUCHINANGO,XPC0013FOB4 - 3,PUEHXPC01047XPC0013F,ABIERTA,,,VSI,PUEBLA OPERADORA TRANS
,12606272,7787371582,VALIDAR,EMPACADORA MURGATI S.A. DE C.V,PACHUCA,1,,BASICO,,,,FUERA DE SERVICIO,En diagnostico por CENTRO ATN Y SERV. PUEBLA  DIAGNOSTICADO POR: TFA: FLORES ISRAEL Tel: 2222222222 - S/E 09/09/26 17:39:16  DIAGNOSTICO: HERRAMIENTAS: REACT-2000,,,,PAUL MARTINEZ CORDOVA,2222299345,,2026-09-09 17:34:06,UP,TUA - TULA,TXC0003FOA4 - 2,HGOHTHP01019TXC0003F,ABIERTA,,,VSI,MARIA MARTINA SILVIA JARAMILLO CORTEZ
,12606274,7787370959,VALIDAR,EMPACADORA MURGATI SA DE CV,PACHUCA,1,,BASICO,CLL CONFEDERACION NACIONAL GANADERA 2 COL. TLAXCOAPAN TLAXCOAPAN HG C.P. 42950 ENTRE CONFEDER,HIDALGO,,FUERA DE SERVICIO,En diagnostico por CENTRO ATN Y SERV. PUEBLA  DIAGNOSTICADO POR: TFA: REYES ISRAEL Tel: 2222299337 - S/E 09/09/26 17:39:49  DIAGNOSTICO: HERRAMIENTAS: AWS,,,,PILAR FELICIA FLORES GONZALEZ,2222299312,,2026-09-09 17:35:06,UP,TUA - TULA,TXC0005FOH6 - 2,HGOHTHP01040TXC0005F,CERRADA,327,CABLE PRIN. FIBRA OP,VSI,MARIA MARTINA SILVIA JARAMILLO CORTEZ
,12606280,7787371242,VALIDAR,EMPACADORA MURGATI SA DE CV,PACHUCA,1,,BASICO,AVE CONFEDERACION NACIONAL GANADERA 0 COL. LA VEGA TLAXCOAPAN HG C.P. 42700 ENTRE PORCICULTOR,HIDALGO,,FUERA DE SERVICIO,En diagnostico por CENTRO ATN Y SERV. PUEBLA  DIAGNOSTICADO POR: TFA: FLORES ISRAEL Tel: 2222222222 - S/E 09/09/26 17:40:33  DIAGNOSTICO: HERRAMIENTAS: REACT-2000,,,,LUIS ALBERTO SERRANO CAMARILLO,2222299350,,2026-09-09 17:37:06,UP,TUA - TULA,TXC0005FOH6 - 3,HGOHTHP01040TXC0005F,CERRADA,327,CABLE PRIN. FIBRA OP,VSI,MARIA MARTINA SILVIA JARAMILLO CORTEZ
,12606313,2222632443,PENDIENTE,FR10145 FRACCIONAMIENTO INTERL,PUEBLA,1,,BASICO,CLL LAGO CASPIO 78 COL. INTERLAGOS RESIDENCIAL SAN FRANCISCO OCOTLAN PU ENTRE LAGO CHICO Y LAGO,PUEBLA,SNP - SAN PEDRO,FUERA DE SERVICIO,En diagnostico por CENTRO ATN Y SERV. PUEBLA  DIAGNOSTICADO POR: RMA: HUERTA PLACIDO Tel: 8002261500 - 0000026279 09/09/26 18:10:47  DIAGNOSTICO: HERRAMIENTAS: REACT-2000,,,,LUIS ENRIQUE RUIZ PEREZ,2222299334,,2026-09-09 17:48:06,DOWN,SNP - SAN PEDRO,PZA0064FOB5 - 5,TLAAPZA02040PZA0064F,ABIERTA,,,VSI,PUEBLA OPERADORA TRANS
,12606319,7786881927,VALIDAR,NUEVA WAL MART DE MEXICO,PACHUCA,1,,BASICO,"--CALLE HIDALGO NUM 30, CENTRO, ATITALAQUIA, HIDALGO",,,FUERA DE SERVICIO,CASCAF FAVOR DE VALIDAR Y LIQUIDAR,,327 Cable principal FTTH,,MARIA LUISA RAMIREZ GARCIA,2222299332,,2026-09-09 17:51:06,UP,TUA - TULA,ATA0001FOA1 - 5,HGOHTHP01012ATA0001F,CERRADA,,,VSI,ELIZABETH ARROYO BADILLO
,12606322,2222483342,VALIDAR,CASA DE SALUD SA,PUEBLA,1,,BASICO,CLL ALMOLONGA 80 COL. PUEBLA HEROICA PUEBLA DE ZARAGOZA PU C.P. 43300,PUEBLA,,VOZ,PEXT PENDIENTE - FAVOR DE ATENDER REPORTE,,,,MARIA LUISA RAMIREZ GARCIA,2222299332,,2026-09-09 17:52:06,UP,SNP - SAN PEDRO,LPA0219FOC3 - 3,PUEHLPA01126LPA0219F,ABIERTA,,,VSI,PUEBLA OPERADORA TRANS
,12606325,A02-2211-0123,VALIDAR,COPPEL,VERACRUZ,1,MOCAMBO,ENLACES,Clle RUIZ CORTINEZ 300 SN COL COSAMALOAPAN DE CARPIO CENTRO C.P 95400,COSAMALOAPAN DE CARPIO,,CORTES,En diagnostico por CENTRO ATN Y SERV. PUEBLA  DIAGNOSTICADO POR: RMA: CABRERA DELFINO Tel: 2222299382 - S/E 09/09/26 18:06:49  DIAGNOSTICO: HERRAMIENTAS: REACT-2000,,,,CRISTINA MARTINEZ SOLIS,2222299304,,2026-09-09 17:52:06,DOWN,,,,,,,,PUEBLA OPERADORA TRANS
,12606338,9226882136,FAVOR DE AGILIZAR LA ATENCIÓN DEL SERVICIO.,INSTITUTO NACIONAL ELECTORAL,COATZACOALCOS,1,,BASICO,,,,DATOS,"En diagnostico por CENTRO ATN Y SERV. METRO  DIAGNOSTICADO POR: TFA: ROMAN ISAAC Tel: 0000012454 - S/E 09/09/26 18:40:47  DIAGNOSTICO: EN LINEA  HERRAMIENTAS: AWS,PISA",,,,PAUL MARTINEZ CORDOVA,2222299345,,2026-09-09 17:57:06,DOWN,MIN - CENTRO MIN,CSQ0004FOA2 - 8,VERHCSQ01019CSQ0004F,CERRADA,,,VSI,CAROL GUADALUPE BAIZABAL VELA
,12606338,9226882136,FAVOR DE AGILIZAR LA ATENCIÓN DEL SERVICIO.,INSTITUTO NACIONAL ELECTORAL,COATZACOALCOS,1,,BASICO,,,,DATOS,"En diagnostico por CENTRO ATN Y SERV. METRO  DIAGNOSTICADO POR: TFA: ROMAN ISAAC Tel: 0000012454 - S/E 09/09/26 18:40:47  DIAGNOSTICO: EN LINEA  HERRAMIENTAS: AWS,PISA",,,,PAUL MARTINEZ CORDOVA,2222299345,,2026-09-09 17:57:06,DOWN,MIN - CENTRO MIN,CSQ0004FOA2 - 8,VERHCSQ01019CSQ0004F,CERRADA,,,VSI,CAROL GUADALUPE BAIZABAL VELA
,12606343,2383921090,PENDIENTE,GRUPO PARISINA S.A. DE C.V.,TLAXCALA,1,,BASICO,,,,FUERA DE SERVICIO,En diagnostico por CENTRO ATN Y SERV. PUEBLA  DIAGNOSTICADO POR: RMA: HUERTA PLACIDO Tel: 8002261500 - 0000026279 09/09/26 18:24:47  DIAGNOSTICO: HERRAMIENTAS: REACT-2000,,,,PILAR FELICIA FLORES GONZALEZ,2222299312,,2026-09-09 18:01:06,DOWN,TEH - CT TEHUACAN,TEH0090FOF6 - 6,PUEHINE02252TEH0090F,ABIERTA,,,VSI,ADRIANA LEON GONZALEZ
,12606350,2717517135,VALIDAR,GRUPO TORNO INDUSTRIAL SA CV,CORDOBA,1,,BASICO,,,,DATOS,En diagnostico por CENTRO ATN Y SERV. PUEBLA  DIAGNOSTICADO POR: TFA: REYES ISRAEL Tel: 2222299337 - S/E 09/09/26 18:31:44  DIAGNOSTICO: HERRAMIENTAS: AWS,,,,LUIS ALBERTO SERRANO CAMARILLO,2222299350,,2026-09-09 18:04:06,UP,PEU - PE¦UELA,COB0183FOB1 - 1,VERACOB02041COB0183F,CERRADA,,,VSI,MARIA MARTINA SILVIA JARAMILLO CORTEZ
,12606370,2816880614,VALIDAR,COMPARTAMOS SERVICIOS,CORDOBA,1,,BASICO,,,,FUERA DE SERVICIO,En diagnostico por CENTRO ATN Y SERV. PUEBLA  DIAGNOSTICADO POR: TFA: FLORES ISRAEL Tel: 2222222222 - S/E 09/09/26 18:13:33  DIAGNOSTICO: HERRAMIENTAS: REACT-2000,,,,LUIS ENRIQUE RUIZ PEREZ,2222299334,,2026-09-09 18:10:06,UP,LBO - LOMA BONITA,LBO0007FOA2 - 8,OAXALBO01011LBO0007F,CERRADA,,,Infinitum Puro,PUEBLA OPERADORA TRANS
,12606384,2221443713,PENDIENTE,TELEVIMEX,PUEBLA,1,,BASICO,"CLL ZACATLAN 42, LA PAZ PUEBLA CP: 42094 AHUACATLAN, AHUACATL CP:72160",PU,ME,FUERA DE SERVICIO,En diagnostico por CENTRO ATN Y SERV. CAFETALES  DIAGNOSTICADO POR: RMA: PEREZ GRACIELA Tel: 0000211258 - S/E 09/09/26 18:42:46  DIAGNOSTICO: FUERA DE SERVICIO  HERRAMIENTAS: NO SE APLICO HER,,,,PAUL MARTINEZ CORDOVA,2222299345,,2026-09-09 18:13:06,DOWN,SNP - SAN PEDRO,LPA0012FOA6 - 6,PUEHLPA01054LPA0012F,ABIERTA,,,INFINITUM SIMETRICO,GRACIELA PEREZ PAEZ
,12606411,2717166862,VALIDAR,GRUPO TORNO INDUSTRIAL,CORDOBA,1,,BASICO,,,,DATOS,En diagnostico por CENTRO ATN Y SERV. PUEBLA  DIAGNOSTICADO POR: TFA: REYES ISRAEL Tel: 2222299337 - S/E 09/09/26 18:32:38  DIAGNOSTICO: HERRAMIENTAS: AWS,,,,PAUL MARTINEZ CORDOVA,2222299345,,2026-09-09 18:22:06,UP,PEU - PE¦UELA,COB0183FOB1 - 5,VERACOB02041COB0183F,CERRADA,,,VSI,MARIA MARTINA SILVIA JARAMILLO CORTEZ
,12606414,2411075396,PENDIENTE,CFE TELECOMUNICACIONES E INTERNET PARA TODOS,TLAXCALA,1,,BASICO,CLL A. LOPEZ MATEOS 0 COL. CENTRO XALOZTOCTL C.P. 90460,,,FUERA DE SERVICIO (INT),En diagnostico por CENTRO ATN Y SERV. CAFETALES  DIAGNOSTICADO POR: TFA: PEREZ GRACIELA Tel: 0000211258 - S/E 09/09/26 18:53:59  DIAGNOSTICO: SIN DATOS  HERRAMIENTAS: NO SE APLICO HER,,,,PILAR FELICIA FLORES GONZALEZ,2222299312,,2026-09-09 18:25:06,DOWN,API - CT APIZACO,SCX0003FOG6 - 3,TLAHAPI01124SCX0003F,ABIERTA,,,Infinitum Puro,MARTHA CHAVARRIA MARTINEZ
,12606416,2717167352,VALIDAR,GRUPO TORNO INDUSTRIAL SA CV,CORDOBA,1,,BASICO,,,,DATOS,En diagnostico por CENTRO ATN Y SERV. PUEBLA  DIAGNOSTICADO POR: TFA: FLORES ISRAEL Tel: 2222222222 - S/E 09/09/26 18:41:41  DIAGNOSTICO: HERRAMIENTAS: REACT-2000,,,,PILAR FELICIA FLORES GONZALEZ,2222299312,,2026-09-09 18:24:06,UP,PEU - PE¦UELA,COB0183FOB1 - 4,VERACOB02041COB0183F,ABIERTA,,,VSI,MARIA MARTINA SILVIA JARAMILLO CORTEZ
,12606430,C01-2409-0305,"TCO,CNS4, VALDES PEDRO Tel: 5559016330 - S/E 03/09/26 23:58:05  SE OBSERVA EN NODO ATLPHGAT01W (ATLAPEXCO/IP:106.13.199.26) PUERTO SFP-4 ALARMA DE ""ETH-NO LINK"". FAVOR DE MANDAR PERSONAL A SITIO A REVISION DE PUERTO Y FIBRAS CON EQUIPO DE MEDICION","BANCO DEL BIENESTAR, SOCIEDAD NACIONAL DE CREDITO, INSTITUCI",PACHUCA,1,ATLAPEXCO,ENLACES,Clle VENADOS S/N S/N COL CALNALI CENTRO C.P 43230,CALNALI,,FUERA DE SERVICIO,En diagnostico por CENTRO ATN Y SERV. PUEBLA  DIAGNOSTICADO POR: RMA: CABRERA DELFINO Tel: 2222299382 - S/E 09/09/26 19:02:21  DIAGNOSTICO: HERRAMIENTAS: REACT-2000,,,,JUAN CARLOS GUTIERREZ DIAZ,2222299355,106.13.200.50,2026-09-09 18:29:06,DOWN,,,,,,,,PUEBLA OPERADORA TRANS
,12606449,7717103011,VALIDAR,ATARI SA DE CV,PACHUCA,1,,BASICO,AVE CAMINO REAL DE LA PLATA 100 PLAZA GARDENIAS SUBNUMERO 229-E COL. ZONA PLATEADA PACHUCA DE SO,HIDALGO,,FUERA DE SERVICIO,En diagnostico por CENTRO ATN Y SERV. PUEBLA  DIAGNOSTICADO POR: TFA: FLORES ISRAEL Tel: 2222222222 - S/E 09/09/26 18:43:49  DIAGNOSTICO: HERRAMIENTAS: REACT-2000,,,,LUIS ENRIQUE RUIZ PEREZ,2222299334,,2026-09-09 18:38:06,UP,PAH - PACHOACAN,AYT0008FOD1 - 6,HGOAREV04254AYT0008F,CERRADA,327,CABLE PRIN. FIBRA OP,VSI,MARIA MARTINA SILVIA JARAMILLO CORTEZ
,12606457,7711330026,PENDIENTE,OPERADORA LOB SA DE C V,PACHUCA,1,,BASICO,AVE CAMINO REAL DE LA PLATA 100 PLAZA GARDENIAS SUBNUMERO 131-C COL. ZONA PLATEADA PACHUCA DE SO,HIDALGO,PAH-PACHOACAN,FUERA DE SERVICIO,En diagnostico por CENTRO ATN Y SERV. PUEBLA  DIAGNOSTICADO POR: RMA: HUERTA PLACIDO Tel: 8002261500 - 0000026279 09/09/26 20:50:50  DIAGNOSTICO: HERRAMIENTAS: REACT-2000,,,,PAUL MARTINEZ CORDOVA,2222299345,,2026-09-09 18:39:06,DOWN,PAH - PACHOACAN,AYT0008FOD2 - 3,HGOAREV04254AYT0008F,CERRADA,471,CAMBIO DE PUERTO,VSI,PUEBLA OPERADORA TRANS
,12606458,C03-2311-0062,PENDIENTE,ORGANO DE ADMINISTRACION JUDICIAL,PACHUCA,1,PACHOACAN,ENLACES,Blvd LUIS DONALDO COLOSIO 4604 2do nivel COL PALMAR II C.P 42088,PACHUCA DE SOTO,,FUERA DE SERVICIO,En diagnostico por CENTRO ATN Y SERV. PUEBLA  DIAGNOSTICADO POR: TFA: CARRERA FERNANDO Tel: 0000026209 - S/E 09/09/26 18:57:39  DIAGNOSTICO: ..  HERRAMIENTAS: REACT-2000,,,,CECILIA VIDAL LOZADA,2222299339,106.13.102.103,2026-09-09 18:39:06,DOWN,,,,,,,,PUEBLA OPERADORA TRANS
,12606467,2411130396,PENDIENTE,COPPEL,TLAXCALA,1,,BASICO,AVE CUAUHTEMOC 1102 - 1 COL. CENTRO APIZACO TL 54275 ENTRE ACOMETIDA COPPEL,,,FUERA DE SERVICIO,En diagnostico por CENTRO ATN Y SERV. PUEBLA  DIAGNOSTICADO POR: TFA: REYES ISRAEL Tel: 2222299337 - S/E 09/09/26 18:50:30  DIAGNOSTICO: HERRAMIENTAS: AWS,,,,PILAR FELICIA FLORES GONZALEZ,2222299312,,2026-09-09 18:42:06,DOWN,API - CT APIZACO,API0036FOA4 - 2,TLAHAPI01000API0036F,ABIERTA,,,VSI,ADRIANA LEON GONZALEZ
,12606473,C05-2311-0088,VALIDAR,ORGANO DE ADMINISTRACION JUDICIAL,PACHUCA,1,PACHOACAN,ENLACES,Blvd LUIS DONALDO COLOSIO 1209 S/N COL AQUILES SERDAN C.P 42034,PACHUCA DE SOTO,,FUERA DE SERVICIO,En diagnostico por CENTRO ATN Y SERV. PUEBLA  DIAGNOSTICADO POR: RMA: ZAMBRANO JAVIER ALEJANDRO Tel: 2222299335 - S/E 09/09/26 19:15:06  DIAGNOSTICO: LUIS GRANADOS.....CNOC  HERRAMIENTAS: NO SE APLICO HER,,,,CRISTINA MARTINEZ SOLIS,2222299304,106.13.102.82,2026-09-09 18:42:06,UP,,,,,,,,PUEBLA OPERADORA TRANS
,12606479,7717103951,VALIDAR,DAVID BA OS ALVARADO,PACHUCA,1,,BASICO,AVE CAMINO REAL DE LA PLATA 100 PLAZA GARDENIAS SUBNUMERO 126 COL. ZONA PLATEADA PACHUCA DE SOTO,HIDALGO,,FUERA DE SERVICIO,En diagnostico por CENTRO ATN Y SERV. PUEBLA  DIAGNOSTICADO POR: RMA: HUERTA PLACIDO Tel: 8002261500 - 0000026279 09/09/26 20:52:00  DIAGNOSTICO: HERRAMIENTAS: REACT-2000,,,,LUIS ALBERTO SERRANO CAMARILLO,2222299350,,2026-09-09 18:45:06,UP,PAH - PACHOACAN,AYT0008FOC6 - 2,HGOAREV04253AYT0008F,CERRADA,476,REAPROVISIONA VOZ,VSI,PUEBLA OPERADORA TRANS
,12606492,CB2-2407-0156,PENDIENTE,"BANCO SANTANDER MEXICO S.A., INSTITUCION DE BANCA MULTIPLE,",JALAPA,1,LERDO DE TEJADA,ENLACES,Ctra ALVARADO - TUXTLA 180 KM 83+300 COL MAGISTERIAL C.P 95283,LERDO DE TEJADA,,FUERA DE SERVICIO,En diagnostico por CENTRO ATN Y SERV. PUEBLA  DIAGNOSTICADO POR: TFA: CARRERA FERNANDO Tel: 0000026209 - S/E 09/09/26 19:18:19  DIAGNOSTICO: ...  HERRAMIENTAS: REACT-2000,,,,JUAN CARLOS HERNANDEZ MUNOZ,2222299341,,2026-09-09 18:49:06,DOWN,,,,,,,,PUEBLA OPERADORA TRANS
,12606505,7717103943,VALIDAR,ADICTT S.A. DEC.V.,PACHUCA,1,,BASICO,,,,FUERA DE SERVICIO,En diagnostico por CENTRO ATN Y SERV. PUEBLA  DIAGNOSTICADO POR: TFA: REYES ISRAEL Tel: 2222299337 - S/E 09/09/26 18:57:29  DIAGNOSTICO: HERRAMIENTAS: AWS,,,,PAUL MARTINEZ CORDOVA,2222299345,,2026-09-09 18:55:06,UP,PAH - PACHOACAN,AYT0008FOE2 - 7,HGOAREV04255AYT0008F,CERRADA,331,RECONSTRUCCION TOTAL,VSI,ADRIANA LEON GONZALEZ
,12606506,7711330017,VALIDAR,MUEBLES DICO,PACHUCA,1,,BASICO,,,,DATOS,En diagnostico por CENTRO ATN Y SERV. METRO  DIAGNOSTICADO POR: TFA: VAZQUEZ FABIAN Tel: 0000012459 - S/E 09/09/26 19:11:24  DIAGNOSTICO: s  HERRAMIENTAS: PISA,,,,LUIS ALBERTO SERRANO CAMARILLO,2222299350,,2026-09-09 18:55:06,UP,PAH - PACHOACAN,AYT0008FOC6 - 1,HGOAREV04253AYT0008F,CERRADA,326,CORDON ACOMET OPTICO,VSI,CAROL GUADALUPE BAIZABAL VELA
,12606514,7711330442,VALIDAR,CESAR ENRIQUE CRUZ NERI,PACHUCA,1,,BASICO,CAM REAL DE LA PLATA NO 100 LOCAL 226 A SUSHI HORSE CENTRO COMERCIAL GALERIAS PACHUCA DE SOTO CP:42084,HG,,FUERA DE SERVICIO,En diagnostico por CENTRO ATN Y SERV. PUEBLA  DIAGNOSTICADO POR: RMA: HUERTA PLACIDO Tel: 8002261500 - 0000026279 09/09/26 20:54:21  DIAGNOSTICO: HERRAMIENTAS: REACT-2000,,,,PILAR FELICIA FLORES GONZALEZ,2222299312,,2026-09-09 18:57:06,UP,PAH - PACHOACAN,AYT0008FOD1 - 4,HGOAREV04254AYT0008F,CERRADA,701,REV. S/FALTA C/A P E,VSI,PUEBLA OPERADORA TRANS
,12606515,7717103380,VALIDAR,ORGANIZACI?N ROBERTS SA DE CV,PACHUCA,1,,BASICO,AVE CAMINO REAL DE LA PLATA 100 PLAZA GARDENIAS SUBNUMERO 110 COL. ZONA PLATEADA PACHUCA DE SOTO,HIDALGO,PAH-PACHOACAN,FUERA DE SERVICIO,En diagnostico por CENTRO ATN Y SERV. PUEBLA  DIAGNOSTICADO POR: TFA: FLORES ISRAEL Tel: 2222222222 - S/E 09/09/26 19:22:45  DIAGNOSTICO: HERRAMIENTAS: REACT-2000,,,,LUIS ALBERTO SERRANO CAMARILLO,2222299350,,2026-09-09 18:58:06,UP,PAH - PACHOACAN,AYT0008FOC4 - 1,HGOAREV04253AYT0008F,CERRADA,327,CABLE PRIN. FIBRA OP,VSI,PUEBLA OPERADORA TRANS
,12606517,7711383166,VALIDAR,27 MICRAS INTERNACIONAL,PACHUCA,1,,BASICO,,,,FUERA DE SERVICIO,"En diagnostico por CENTRO ATN Y SERV. METRO  DIAGNOSTICADO POR: TFA: ORTEGA JOSE BERNARDINO Tel: 0000012452 - S/E 09/09/26 19:15:29  DIAGNOSTICO: ,  HERRAMIENTAS: AWS,PISA",,,,LUIS ENRIQUE RUIZ PEREZ,2222299334,,2026-09-09 19:00:06,UP,PAH - PACHOACAN,AYT0008FOC5 - 3,HGOAREV04253AYT0008F,CERRADA,122,MODEM OPTICO (ONT),VSI,ANTONIO DOMINGUEZ NUNEZ
,12606527,2798225011,VALIDAR,ASOCIACION GANADERA LOCAL ACTOPAN VER,JALAPA,1,,BASICO,DOMICILIO CONOCIDO ACTOPAN ACTOPAN JALAPA CP:91480,VE,,FUERA DE SERVICIO,En diagnostico por CENTRO ATN Y SERV. PUEBLA  DIAGNOSTICADO POR: TFA: REYES ISRAEL Tel: 2222299337 - S/E 09/09/26 19:22:43  DIAGNOSTICO: HERRAMIENTAS: AWS,,,,LUIS ENRIQUE RUIZ PEREZ,2222299334,,2026-09-09 19:05:06,UP,CRI - CT CRISTAL,ATP0001FOE1 - 7,VERAATP01022ATP0001F,ABIERTA,,,VSI,ADRIANA LEON GONZALEZ
,12606544,7711330092,VALIDAR,VARANNI DE MEXICO SA DE CV,PACHUCA,1,,BASICO,AVE CAMINO REAL DE LA PLATA 100 PLAZA GARDENIAS SUBNUMERO 106 COL. ZONA PLATEADA PACHUCA DE SOTO,HIDALGO,PAH - PACHOACAN,FUERA DE SERVICIO,PEXT PENDIENTE - FAVOR DE ATENDER REPORTE,,,,MARIA LUISA RAMIREZ GARCIA,2222299332,,2026-09-09 19:18:06,UP,PAH - PACHOACAN,AYT0008FOD8 - 6,HGOAREV04254AYT0008F,ABIERTA,327,CABLE PRIN. FIBRA OP,VSI,ADRIANA LEON GONZALEZ
,12606554,7711330484,VALIDAR,COMERCIAL CARTUJANO S.A. DE C.,PACHUCA,1,,BASICO,AVE CAMINO REAL DE LA PLATA 100 PLAZA GARDENIAS SUBNUMERO 248 COL. ZONA PLATEADA PACHUCA DE SOTO,HIDALGO,,FUERA DE SERVICIO,En diagnostico por CENTRO ATN Y SERV. PUEBLA  DIAGNOSTICADO POR: TFA: FLORES ISRAEL Tel: 2222222222 - S/E 09/09/26 19:50:12  DIAGNOSTICO: HERRAMIENTAS: REACT-2000,,,,PAUL MARTINEZ CORDOVA,2222299345,,2026-09-09 19:25:06,UP,PAH - PACHOACAN,AYT0008FOE5 - 1,HGOAREV04255AYT0008F,CERRADA,327,CABLE PRIN. FIBRA OP,VSI,ADRIANA LEON GONZALEZ
,12606563,7786880206,VALIDAR,UNINET,PACHUCA,1,,IDN,"AVE DEL TRABAJO, PLANTA BAJA LADA ENLACES TLAXCOAPAN TXC CP: 42950 TLAXCOAPAN CP:42950",HG,UN,FUERA DE SERVICIO,En diagnostico por CENTRO ATN Y SERV. PUEBLA  DIAGNOSTICADO POR: TFA: FLORES ISRAEL Tel: 2222222222 - S/E 09/09/26 20:19:07  DIAGNOSTICO: HERRAMIENTAS: REACT-2000,,,,PILAR FELICIA FLORES GONZALEZ,2222299312,,2026-09-09 19:24:06,UP,CT TULA,TXC0001FOA5 - 3,HGOHTHP01001TXC0001F,CERRADA,326,CORDON ACOMET OPTICO,GPON EMPRESARIAL,PUEBLA OPERADORA TRANS
,12606568,2222109676,VALIDAR,NUEVA WAL MART DE MEXICO S. DE R.L. DE C.V.,PUEBLA,1,,BASICO,,,,DATOS,En diagnostico por CENTRO ATN Y SERV. CAFETALES  DIAGNOSTICADO POR: TFA: PEREZ GRACIELA Tel: 0000211258 - S/E 09/09/26 19:36:12  DIAGNOSTICO: DATOS/ NO ACCESA A INTERNET  HERRAMIENTAS: NO SE APLICO HER,,,,PAUL MARTINEZ CORDOVA,2222299345,,2026-09-09 19:26:06,UP,AUC - CT AMALUCAN,SSC0010FOC4 - 4,PUEHAMO01066SSC0010F,ABIERTA,,,VSI,MARTHA CHAVARRIA MARTINEZ
,12606590,7711330367,VALIDAR,IMAGEN COSMETICA,PACHUCA,1,,BASICO,,,,FUERA DE SERVICIO,En diagnostico por CENTRO ATN Y SERV. PUEBLA  DIAGNOSTICADO POR: TFA: REYES ISRAEL Tel: 2222299337 - S/E 09/09/26 19:36:54  DIAGNOSTICO: HERRAMIENTAS: AWS,,,,LUIS ALBERTO SERRANO CAMARILLO,2222299350,,2026-09-09 19:34:06,UP,PAH - PACHOACAN,AYT0008FOD7 - 5,HGOAREV04254AYT0008F,CERRADA,701,REV. S/FALTA C/A P E,VSI,ADRIANA LEON GONZALEZ
,12606597,CB4-2412-0049,,COMISION FEDERAL DE ELECTRICIDAD,TLAXCALA,1,TLAXCALA,ENLACES,Blvd BOULEVARD EMILIO SANCHEZ PIEDRAS ESQUINA JUSTO SIERRA S/N N/A COL TLAXCALA CENTRO C.P 90000,TLAXCALA DE XICOHTENCATL (C),,FUERA DE SERVICIO,En diagnostico por CENTRO ATN Y SERV. PUEBLA  DIAGNOSTICADO POR: RMA: ZAMBRANO JAVIER ALEJANDRO Tel: 2222299335 - S/E 09/09/26 19:50:58  DIAGNOSTICO: SE TURNA A CNS4  HERRAMIENTAS: NO SE APLICO HER,,,,JUAN CARLOS GUTIERREZ DIAZ,2222299355,,2026-09-09 19:36:06,,,,,,,,,ADRIANA LEON GONZALEZ
,12606604,7711330241,VALIDAR,AJ HELADOS S.A.DE C.V.,PACHUCA,1,,BASICO,"CAM REAL DE LA PLATA 102 SUBNUMERO 276 EDIF LOCAL COL. ZONA PLATEADA PACHUCA DE SOTO, PACHUCA D",HIDALGO,,FUERA DE SERVICIO,En diagnostico por CENTRO ATN Y SERV. PUEBLA  DIAGNOSTICADO POR: RMA: HUERTA PLACIDO Tel: 8002261500 - 0000026279 09/09/26 20:55:46  DIAGNOSTICO: HERRAMIENTAS: REACT-2000,,,,LUIS ENRIQUE RUIZ PEREZ,2222299334,,2026-09-09 19:51:06,UP,PAH - PACHOACAN,AYT0008FOE1 - 7,HGOAREV04255AYT0008F,CERRADA,327,CABLE PRIN. FIBRA OP,VSI,ADRIANA LEON GONZALEZ
,12606618,7717103591,VALIDAR,TIENDAS HEXA,PACHUCA,1,,BASICO,CAMINO REAL DE LA PLATA NUMERO 100 COLONIA ZONA PLATEADA PACHUCA DE SOTO HIDALGO.,,,FUERA DE SERVICIO,En diagnostico por CENTRO ATN Y SERV. PUEBLA  DIAGNOSTICADO POR: TFA: REYES ISRAEL Tel: 2222299337 - S/E 09/09/26 20:00:52  DIAGNOSTICO: HERRAMIENTAS: AWS,,,,PAUL MARTINEZ CORDOVA,2222299345,,2026-09-09 19:58:06,UP,PAH - PACHOACAN,AYT0008FOE1 - 4,HGOAREV04255AYT0008F,CERRADA,326,CORDON ACOMET OPTICO,VSI,MARIA MARTINA SILVIA JARAMILLO CORTEZ
,12606619,2288151758,VALIDAR,CHEDRAUI,JALAPA,1,,BASICO,,,,FUERA DE SERVICIO (INT),En diagnostico por CENTRO ATN Y SERV. CAFETALES  DIAGNOSTICADO POR: TFA: PEREZ GRACIELA Tel: 0000211258 - S/E 09/09/26 20:15:47  DIAGNOSTICO: FUERA DE SERVICIO  HERRAMIENTAS: NO SE APLICO HER,,,,LUIS ALBERTO SERRANO CAMARILLO,2222299350,,2026-09-09 19:57:06,UP,CRI - CT CRISTAL,LTL2001FOA7 - 3,VERAJAL05033LTL2001F,CERRADA,,,VSI,PEDRO CRUZ ESCOBAR
,12606651,2376880357,VALIDAR,ESC. TELESECUNDARIA ANTONIO JOSE DE SUCRE,TLAXCALA,1,,BASICO,,,,DATOS,En diagnostico por CENTRO ATN Y SERV. PUEBLA  DIAGNOSTICADO POR: TFA: REYES ISRAEL Tel: 2222299337 - S/E 09/09/26 22:11:17  DIAGNOSTICO: HERRAMIENTAS: AWS,,,,PILAR FELICIA FLORES GONZALEZ,2222299312,,2026-09-09 20:14:06,UP,TEC - TECAMACHALCO,SSY0004FOB8 - 5,PUEHSSY01003SSY0004F,CERRADA,705,PROB.S/FALTA RED C/A,VSI,MARIA MARTINA SILVIA JARAMILLO CORTEZ
,12606652,2434369935,PENDIENTE,CFE TELECOMUNICACIONES E INTERNET PARA TODOS,TLAXCALA,1,,BASICO,,,,FUERA DE SERVICIO,En diagnostico por CENTRO ATN Y SERV. CAFETALES  DIAGNOSTICADO POR: TFA: PEREZ GRACIELA Tel: 0000211258 - S/E 09/09/26 20:18:56  DIAGNOSTICO: FUERA DE SERVICIO  HERRAMIENTAS: NO SE APLICO HER,,,,LUIS ENRIQUE RUIZ PEREZ,2222299334,,2026-09-09 20:11:06,DOWN,MAA - CT IZUCAR DE MATAMOROS,MAA0046FOE1 - 3,PUEAMAA02031MAA0046F,CERRADA,332,C ACOMETIDA OPT>250M,Infinitum Puro,ELIZABETH ARROYO BADILLO
,12606662,7714899903,VALIDAR,UNINET,PACHUCA,1,,IDN,,,,FUERA DE SERVICIO,En diagnostico por CENTRO ATN Y SERV. PUEBLA  DIAGNOSTICADO POR: RMA: HUERTA PLACIDO Tel: 8002261500 - 0000026279 09/09/26 20:34:08  DIAGNOSTICO: HERRAMIENTAS: REACT-2000,,,,LUIS ALBERTO SERRANO CAMARILLO,2222299350,,2026-09-09 20:14:06,UP,PAH - PACHOACAN,AYT0008FOE2 - 6,HGOAREV04255AYT0008F,CERRADA,327,CABLE PRIN. FIBRA OP,GPON EMPRESARIAL,PUEBLA OPERADORA TRANS
,12606663,7717103270,VALIDAR,UNINET,PACHUCA,1,,IDN,,,,FUERA DE SERVICIO,"En diagnostico por CENTRO ATN Y SERV. METRO  DIAGNOSTICADO POR: TFA: RAZO CARLOS EDUARDO Tel: 1245700000 - S/E 09/09/26 20:43:55  DIAGNOSTICO: linee  HERRAMIENTAS: AWS,PISA",,,,LUIS ENRIQUE RUIZ PEREZ,2222299334,,2026-09-09 20:15:06,UP,PAH - PACHOACAN,AYT0008FOC2 - 2,HGOAREV04253AYT0008F,CERRADA,327,CABLE PRIN. FIBRA OP,GPON EMPRESARIAL,JOSE DE JESUS HERNANDEZ ZAVALA
,12606663,7717103270,VALIDAR,UNINET,PACHUCA,1,,IDN,,,,FUERA DE SERVICIO,"En diagnostico por CENTRO ATN Y SERV. METRO  DIAGNOSTICADO POR: TFA: RAZO CARLOS EDUARDO Tel: 1245700000 - S/E 09/09/26 20:43:55  DIAGNOSTICO: linee  HERRAMIENTAS: AWS,PISA",,,,LUIS ENRIQUE RUIZ PEREZ,2222299334,,2026-09-09 20:15:06,UP,PAH - PACHOACAN,AYT0008FOC2 - 2,HGOAREV04253AYT0008F,CERRADA,327,CABLE PRIN. FIBRA OP,GPON EMPRESARIAL,JOSE DE JESUS HERNANDEZ ZAVALA
,12606679,2824884863,PENDIENTE,CFE,JALAPA,1,,BASICO,,,,FUERA DE SERVICIO,PEXT PENDIENTE - FAVOR DE ATENDER REPORTE,,,,MARIA LUISA RAMIREZ GARCIA,2222299332,,2026-09-09 20:22:06,DOWN,SBR - SAN BRUNO,PEO0019FOB8 - 4,VERHPEO01010PEO0019F,ABIERTA,,,Infinitum Puro,ISRAEL EDUARDO RODRIGUEZ VILLANUEVA
,12606682,7714891101,VALIDAR,COPIZZA S DE R L DE CV,PACHUCA,1,,BASICO,,,,FUERA DE SERVICIO,En diagnostico por CENTRO ATN Y SERV. PUEBLA  DIAGNOSTICADO POR: TFA: FLORES ISRAEL Tel: 2222222222 - S/E 09/09/26 20:25:30  DIAGNOSTICO: HERRAMIENTAS: REACT-2000,,,,PAUL MARTINEZ CORDOVA,2222299345,,2026-09-09 20:22:06,UP,PAH - PACHOACAN,AYT0008FOC5 - 7,HGOAREV04253AYT0008F,CERRADA,327,CABLE PRIN. FIBRA OP,VSI,MARIA MARTINA SILVIA JARAMILLO CORTEZ
,12606687,CB2-2010-0040,PENDIENTE,"BANCO SANTANDER MEXICO S.A., INSTITUCION DE BANCA MULTIPLE,",CORDOBA,1,ESCAMELA,ENLACES,Av MADERO NORTE 1365 S/N COL ORIZABA CENTRO C.P 94300,ORIZABA,,FUERA DE SERVICIO,En diagnostico por CENTRO ATN Y SERV. PUEBLA  DIAGNOSTICADO POR: RMA: ZAMBRANO JAVIER ALEJANDRO Tel: 2222299335 - S/E 09/09/26 21:23:40  DIAGNOSTICO: SE TURNA A CNS4 PRA ATENCION  HERRAMIENTAS: NO SE APLICO HER,,,,DANIEL CHRISTIAN VIDAL LOZADA,2222299342,,2026-09-09 20:23:06,DOWN,,,,,,,,PUEBLA OPERADORA TRANS
,12606701,2492729064,VALIDAR,COCOSO FARMACEUTICA S A DE C,TLAXCALA,1,,BASICO,,,,DATOS,En diagnostico por CENTRO ATN Y SERV. PUEBLA  DIAGNOSTICADO POR: RMA: HUERTA PLACIDO Tel: 8002261500 - 0000026279 09/09/26 21:01:53  DIAGNOSTICO: HERRAMIENTAS: REACT-2000,,,,PILAR FELICIA FLORES GONZALEZ,2222299312,,2026-09-09 20:42:06,UP,TEC - TECAMACHALCO,GSS0001FOH5 - 6,PUEHTEA01096GSS0001F,CERRADA,476,REAPROVISIONA VOZ,VSI,MARIA MARTINA SILVIA JARAMILLO CORTEZ
,12606707,C1G-2109-0001,PENDIENTE,SERVICIO GEOLOGICO MEXICANO(CTRO.DE DOC.DE CIENCIAS DE LA TI,PACHUCA,1,REVOLUCION,ENLACES,Blvd FELIPE ANGELES KM 93.5 S/N EJDO VENTA PRIETA C.P 42083,PACHUCA DE SOTO,,FUERA DE SERVICIO,En diagnostico por CENTRO ATN Y SERV. PUEBLA  DIAGNOSTICADO POR: RMA: NOLASCO JORGE RAMON Tel: 0000026260 - S/E 09/09/26 20:56:09  DIAGNOSTICO: HERRAMIENTAS: NO SE APLICO HER,,,,CRISTINA MARTINEZ SOLIS,2222299304,106.13.103.34,2026-09-09 20:35:06,DOWN,,,,,,,,PUEBLA OPERADORA TRANS
,12606712,7717159642,VALIDAR,GASTRONOMIA AVANZADA PASTELERI,PACHUCA,1,,BASICO,AVE CAMINO REAL DE LA PLATA 100 PLAZA GARDENIAS SUBNUMERO 102 COL. ZONA PLATEADA PACHUCA DE SOTO,HIDALGO,PAH-PACHOACAN,FUERA DE SERVICIO,En diagnostico por CENTRO ATN Y SERV. CAFETALES  DIAGNOSTICADO POR: TFA: PEREZ GRACIELA Tel: 0000211258 - S/E 09/09/26 20:51:23  DIAGNOSTICO: FUERA DE SERVICIO  HERRAMIENTAS: NO SE APLICO HER,,,,PAUL MARTINEZ CORDOVA,2222299345,,2026-09-09 20:39:06,UP,PAH - PACHOACAN,AYT0008FOC5 - 4,HGOAREV04253AYT0008F,CERRADA,327,CABLE PRIN. FIBRA OP,VSI,ELIZABETH ARROYO BADILLO
,12606719,2494221109,PENDIENTE,CFE TELECOMUNICACIONES E INTERNET PARA TODOS,TLAXCALA,1,,BASICO,,,,DATOS,En diagnostico por CENTRO ATN Y SERV. CAFETALES  DIAGNOSTICADO POR: TFA: PEREZ GRACIELA Tel: 0000211258 - S/E 09/09/26 20:52:17  DIAGNOSTICO: FALLA EN DATOS UNICAMENTE  HERRAMIENTAS: NO SE APLICO HER,,,,PILAR FELICIA FLORES GONZALEZ,2222299312,,2026-09-09 20:44:06,DOWN,TEC - TECAMACHALCO,TEA0006FOH6 - 1,PUEHTEA01086TEA0006F,ABIERTA,,,Infinitum Puro,RICARDO PEREZ MEZA
,12606720,2496884644,PENDIENTE,CFE TELECOMUNICACIONES E INTERNET PARA TODOS,TLAXCALA,1,,BASICO,"CALLE 3 SUR SN, CHECHOLAC, FRANCISCO I MADERO, PUEBLA",,,DATOS,En diagnostico por CENTRO ATN Y SERV. CAFETALES  DIAGNOSTICADO POR: RMA: PEREZ GRACIELA Tel: 0000211258 - S/E 09/09/26 20:56:22  DIAGNOSTICO: FALLA EN DATOS UNICAMENTE  HERRAMIENTAS: NO SE APLICO HER,,,,LUIS ALBERTO SERRANO CAMARILLO,2222299350,,2026-09-09 20:47:06,DOWN,TEC - TECAMACHALCO,QUK0003FOC4 - 8,PUEHQUK01016QUK0003F,ABIERTA,,,Infinitum Puro,RICARDO PEREZ MEZA
,12606726,2464161654,PENDIENTE,INTERNET PARA TODOS CFE TELECO,TLAXCALA,1,,BASICO,,,,FUERA DE SERVICIO (INT),En diagnostico por CENTRO ATN Y SERV. CAFETALES  DIAGNOSTICADO POR: RMA: PEREZ GRACIELA Tel: 0000211258 - S/E 09/09/26 20:58:25  DIAGNOSTICO: SIN DATOS  HERRAMIENTAS: NO SE APLICO HER,,,,LUIS ENRIQUE RUIZ PEREZ,2222299334,,2026-09-09 20:49:06,DOWN,TLX - CT TLAXCALA,NAT0003FOC2 - 8,TLAHZAT01114NAT0003F,ABIERTA,,,Infinitum Puro,ELIANA LAGUNA FLORES
,12606732,7717103988,VALIDAR,NUTRISA S.A. DEC.V.,PACHUCA,1,,BASICO,AVE CAMINO REAL DE LA PLATA 100 PLAZA GARDENIAS EDIF PLANTA BAJA COL. ZONA PLATEADA PACHUCA DE S,HIDALGO,PAH-PACHOACAN,DATOS,En diagnostico por CENTRO ATN Y SERV. PUEBLA  DIAGNOSTICADO POR: RMA: HUERTA PLACIDO Tel: 8002261500 - 0000026279 09/09/26 20:57:25  DIAGNOSTICO: HERRAMIENTAS: REACT-2000,,,,LUIS ALBERTO SERRANO CAMARILLO,2222299350,,2026-09-09 20:54:06,UP,PAH - PACHOACAN,AYT0008FOE7 - 5,HGOAREV04255AYT0008F,CERRADA,114,CORDON OPTICO INTERI,VSI,MARIA MARTINA SILVIA JARAMILLO CORTEZ
,12606742,7717159904,VALIDAR,MAXIVA SA DE CV,PACHUCA,1,,BASICO,AVE CAMINO REAL DE LA PLATA 100 PLAZA GARDENIAS SUBNUMERO 211-B COL. ZONA PLATEADA PACHUCA DE SO,HIDALGO,PAH-PACHOACAN,FUERA DE SERVICIO,En diagnostico por CENTRO ATN Y SERV. PUEBLA  DIAGNOSTICADO POR: TFA: FLORES ISRAEL Tel: 2222222222 - S/E 09/09/26 21:13:52  DIAGNOSTICO: HERRAMIENTAS: REACT-2000,,,,LUIS ENRIQUE RUIZ PEREZ,2222299334,,2026-09-09 21:05:06,UP,PAH - PACHOACAN,AYT0008FOE3 - 5,HGOAREV04255AYT0008F,CERRADA,326,CORDON ACOMET OPTICO,VSI,MARIA MARTINA SILVIA JARAMILLO CORTEZ
,12606747,7714892681,VALIDAR,GRUPO GUESS,PACHUCA,1,,BASICO,"CRT MEXICO PACHUCA 6201, SAN ANTONIO EL DESMONTE PACHUC PLAZA EXPLANADA PACHUCA CP: 4 PACHUCA DE SOTO, PAC CP:42083",HG,,FUERA DE SERVICIO,PEXT PENDIENTE - FAVOR DE ATENDER REPORTE,,,,MARIA LUISA RAMIREZ GARCIA,2222299332,,2026-09-09 21:07:06,UP,PAH - PACHOACAN,IEO0016FOB7 - 6,HGOAPAH01090IEO0016F,ABIERTA,,,VSI,MARIA MARTINA SILVIA JARAMILLO CORTEZ
,12606751,7714892724,VALIDAR,BASECO,PACHUCA,1,,BASICO,"CRT MEXICO PACHUCA 6201, SAN ANTONIO EL DESMONTE PACHUC FRACCION IV DE PARCELAS 52-Z-1 PACHUCA DE SOTO, PAC CP:42083",HG,,FUERA DE SERVICIO,En diagnostico por CENTRO ATN Y SERV. PUEBLA  DIAGNOSTICADO POR: TFA: FLORES ISRAEL Tel: 2222222222 - S/E 09/09/26 21:15:24  DIAGNOSTICO: HERRAMIENTAS: REACT-2000,,,,PAUL MARTINEZ CORDOVA,2222299345,,2026-09-09 21:09:06,UP,PAH - PACHOACAN,IEO0016FOB5 - 6,HGOAPAH01090IEO0016F,ABIERTA,,,VSI,MARIA MARTINA SILVIA JARAMILLO CORTEZ
,12606753,TKS-0902-0292,,SECRETARIA DE GOBERNACION,COATZACOALCOS,1,PETROLERA,ENLACES,Ctra HEROES DE LA MARINA KM 0 500 PB COL LAS AMERICAS C.P 96480,COATZACOALCOS,,FUERA DE SERVICIO,En diagnostico por CENTRO ATN Y SERV. PUEBLA  DIAGNOSTICADO POR: RMA: ZAMBRANO JAVIER ALEJANDRO Tel: 2222299335 - S/E 09/09/26 22:24:30  DIAGNOSTICO: se turna a cm coatzacoalcos para atencion  HERRAMIENTAS: NO SE APLICO HER,,,,DANIEL CHRISTIAN VIDAL LOZADA,2222299342,,2026-09-09 21:10:06,,,,,,,,,PUEBLA OPERADORA TRANS
,12606763,2787135877,PENDIENTE,CFE TELECOMUNICACIONES E INTERNET PARA TODOS,CORDOBA,1,,BASICO,,,,FUERA DE SERVICIO,En diagnostico por CENTRO ATN Y SERV. PUEBLA  DIAGNOSTICADO POR: RMA: HUERTA PLACIDO Tel: 8002261500 - 0000026279 09/09/26 21:26:25  DIAGNOSTICO: HERRAMIENTAS: REACT-2000,,,,PILAR FELICIA FLORES GONZALEZ,2222299312,,2026-09-09 21:17:06,DOWN,TBL - TIERRA BLANCA,TIJ0003FOA3 - 1,VERATIJ01001TIJ0003F,ABIERTA,,,Infinitum Puro,MARIA MARTINA SILVIA JARAMILLO CORTEZ
,12606766,2846882521,VALIDAR,COORDINADOS DE MEXICO ORIENTE,VERACRUZ,1,,BASICO,,,,FUERA DE SERVICIO,En diagnostico por CENTRO ATN Y SERV. PUEBLA  DIAGNOSTICADO POR: TFA: FLORES ISRAEL Tel: 2222222222 - S/E 09/09/26 21:21:58  DIAGNOSTICO: HERRAMIENTAS: REACT-2000,,,,LUIS ALBERTO SERRANO CAMARILLO,2222299350,,2026-09-09 21:17:06,UP,MOA - MOCAMBO,LTE0002FOD8 - 5,VERHLTE01017LTE0002F,ABIERTA,,,VSI,PUEBLA OPERADORA TRANS
,12606771,2754328287,VALIDAR,ELEKTRA DEL MILENIO,TLAXCALA,1,,IDN,,,,FUERA DE SERVICIO,En diagnostico por CENTRO ATN Y SERV. PUEBLA  DIAGNOSTICADO POR: TFA: REYES ISRAEL Tel: 2222299337 - S/E 09/09/26 22:12:38  DIAGNOSTICO: HERRAMIENTAS: AWS,,,,LUIS ENRIQUE RUIZ PEREZ,2222299334,,2026-09-09 21:23:06,UP,MAA - CT IZUCAR DE MATAMOROS,TUV0001FOC8 - 5,PUEATUV01040TUV0001F,CERRADA,424,HARDWARE CTL C/FALLA,GPON EMPRESARIAL,PUEBLA OPERADORA TRANS
,12606809,TKS-1504-0508,,SECRETARIA DE GOBERNACION,JALAPA,1,PEROTE,ENLACES,Av REFORMA 27 PBLO PEROTE C.P 91270,PEROTE,,FUERA DE SERVICIO,En diagnostico por CENTRO ATN Y SERV. PUEBLA  DIAGNOSTICADO POR: RMA: CABRERA DELFINO Tel: 2222299382 - S/E 09/09/26 22:22:26  DIAGNOSTICO: HERRAMIENTAS: REACT-2000,,,,CRISTINA MARTINEZ SOLIS,2222299304,,2026-09-09 21:58:06,,,,,,,,,PUEBLA OPERADORA TRANS
,12606818,7711330010,VALIDAR,NUTRISA S A DE C V,PACHUCA,1,,BASICO,AVE CAMINO REAL DE LA PLATA 100 PLAZA GARDENIAS SUBNUMERO 115 COL. ZONA PLATEADA PACHUCA DE SOTO,HIDALGO,,DATOS,En diagnostico por CENTRO ATN Y SERV. PUEBLA  DIAGNOSTICADO POR: TFA: REYES ISRAEL Tel: 2222299337 - S/E 09/09/26 22:51:52  DIAGNOSTICO: HERRAMIENTAS: AWS,,,,PAUL MARTINEZ CORDOVA,2222299345,,2026-09-09 22:04:06,UP,PAH - PACHOACAN,AYT0008FOC4 - 4,HGOAREV04253AYT0008F,CERRADA,476,REAPROVISIONA VOZ,VSI,MARIA MARTINA SILVIA JARAMILLO CORTEZ
,12606825,2754412333,VALIDAR,TELMEX,TLAXCALA,1,,IDN,,,,FUERA DE SERVICIO,En diagnostico por CENTRO ATN Y SERV. PUEBLA  DIAGNOSTICADO POR: TFA: REYES ISRAEL Tel: 2222299337 - S/E 09/09/26 22:52:29  DIAGNOSTICO: HERRAMIENTAS: AWS,,,,PILAR FELICIA FLORES GONZALEZ,2222299312,,2026-09-09 22:04:06,UP,MAA - CT IZUCAR DE MATAMOROS,TMT0001FOC6 - 2,PUEATMT01003TMT0001F,CERRADA,331,RECONSTRUCCION TOTAL,GPON EMPRESARIAL,PUEBLA OPERADORA TRANS
,12606827,C02-2203-0063,CM VERACRUZ | PENDIENTE POR MEDICIONES,SISTEMAS Y SERVICIOS DE COMUNICACION,VERACRUZ,1,MOCAMBO,ENLACES,Ctra VERACRUZ MEDELLIN KM 1 BODEGA 2 COL LORENZO BARCELATA C.P 91966,VERACRUZ,,FUERA DE SERVICIO,En diagnostico por CENTRO ATN Y SERV. PUEBLA  DIAGNOSTICADO POR: RMA: ZAMBRANO JAVIER ALEJANDRO Tel: 2222299335 - S/E 09/09/26 22:26:10  DIAGNOSTICO: se turna a cns4 y cm veracruz  HERRAMIENTAS: NO SE APLICO HER,,,,JUAN CARLOS HERNANDEZ MUNOZ,2222299341,106.12.200.12,2026-09-09 22:07:06,DOWN,,,,,,,,PUEBLA OPERADORA TRANS
,12606828,7717103448,VALIDAR,PROMOTORA MUSICAL,PACHUCA,1,,BASICO,"AVE CAMINO REAL DE LA PLATA NUM 100, ZONA PLATEADA, PACHUCA DE SOTO",,,DATOS,En diagnostico por CENTRO ATN Y SERV. CAFETALES  DIAGNOSTICADO POR: TFA: PEREZ RICARDO Tel: 0000211122 - S/E 09/09/26 22:21:44  DIAGNOSTICO: FALLA EN DATOS  HERRAMIENTAS: NO SE APLICO HER,,,,PAUL MARTINEZ CORDOVA,2222299345,,2026-09-09 22:09:06,UP,PAH - PACHOACAN,AYT0008FOD6 - 5,HGOAREV04254AYT0008F,CERRADA,308,CAMBIO PAR PRINCIPAL,VSI,RICARDO PEREZ MEZA
,12606872,2754329721,VALIDAR,UNINET,TLAXCALA,1,,IDN,,,,FUERA DE SERVICIO (INT),En diagnostico por CENTRO ATN Y SERV. PUEBLA  DIAGNOSTICADO POR: RMA: HUERTA PLACIDO Tel: 8002261500 - 0000026279 09/09/26 22:54:47  DIAGNOSTICO: HERRAMIENTAS: REACT-2000,,,,LUIS ENRIQUE RUIZ PEREZ,2222299334,,2026-09-09 22:50:06,UP,MAA - CT IZUCAR DE MATAMOROS,TUV0002FOA1 - 1,PUEATUV01007TUV0002F,CERRADA,326,CORDON ACOMET OPTICO,GPON EMPRESARIAL,PUEBLA OPERADORA TRANS
,12606897,CB2-2604-0631,VALIDAR,"BBVA MEXICO, S.A., INSTITUCION DE BANCA MULTIPLE, GRUPO FINA",POZA RICA,1,,ENLACES,Clle GALEANA S/N S/N PBLO CHONTLA C.P 92200,CHONTLA,,FUERA DE SERVICIO,CNS4 LO TIENE EN DIAGNOSTICO.,,,,CECILIA VIDAL LOZADA,2222299339,,2026-09-09 23:41:06,UP,,,,,,,,PUEBLA OPERADORA TRANS
,12606898,C00-2412-0084,VALIDAR,NIETO DEL CENTRO,VERACRUZ,1,FRAMBOYANES,ENLACES,Ctra LIBRAMIENTO VERACRUZ KM 23 170 COL VERACRUZ CENTRO C.P 91700,VERACRUZ,,FUERA DE SERVICIO,CNS4 LO TIENE EN DIAGNOSTICO.,,,,CRISTINA MARTINEZ SOLIS,2222299304,,2026-09-09 23:45:06,UP,,,,,,,,PUEBLA OPERADORA TRANS
,12606921,2222350149,VALIDAR,MUNICIPIO DE PUEBLA,PUEBLA,0,,BASICO,,,,FUERA DE SERVICIO,PLEX.,,,,MARIA LUISA RAMIREZ GARCIA,2222299332,,2026-09-10 00:57:06,UP,ZAR - IGNACIO ZARAGOZA,FUR0158FOA1 - 7,PUEHFUR10028FUR0158F,ABIERTA,,,Infinitum Puro,JULIAN FERN ILLESCAS LOPEZ
,12606923,A32-1709-0070,VALIDAR,BANCO NACIONAL DEL EJERCITO FUERZA AEREA Y ARMADA,VERACRUZ,0,VERACRUZ,ENLACES,Av PLAYA DEL ESTE SN sn PBLO ANTON LIZARDO C.P 95269,ANTON LIZARDO,,FUERA DE SERVICIO,PLEX.,,,,JUAN CARLOS GUTIERREZ DIAZ,2222299355,,2026-09-10 01:10:06,UP,,,,,,,,PUEBLA OPERADORA TRANS
,12606928,C05-2402-0014,VALIDAR,AZUCARERA SAN JOSE DE ABAJO. S.A. DE C.V.,CORDOBA,0,OMEALCA,ENLACES,Clle PRINCIPAL S/N RRIA SAN JOSE DE ABAJO C.P 94905,OMEALCA,,FUERA DE SERVICIO,CNS4 LO TIENE EN DIAGNOSTICO.,,,,DANIEL CHRISTIAN VIDAL LOZADA,2222299342,,2026-09-10 02:06:06,UP,,,,,,,,PUEBLA OPERADORA TRANS
,12606932,2888871110,VALIDAR,UNINET.,VERACRUZ,0,,IDN,,,,FUERA DE SERVICIO,CNS CH LO TIENE EN DIAGNOSTICO.,,,,PAUL MARTINEZ CORDOVA,2222299345,,2026-09-10 02:10:06,UP,COS - CT COSAMALOAPAN,NOP0001FOB3 - 3,VERANOP01002NOP0001F,CERRADA,705,PROB.S/FALTA RED C/A,GPON EMPRESARIAL,PUEBLA OPERADORA TRANS
,12606934,7737322804,PENDIENTE,INSTITUTO MEXICANO DEL PETROLEO,PACHUCA,0,,IDN,*-*-*,,,FUERA DE SERVICIO,PLEX.,,,,PILAR FELICIA FLORES GONZALEZ,2222299312,,2026-09-10 02:13:06,DOWN,TUA:CT TULA,ITU0002FOC1 - 1,HGOATUA02081ITU0002F,ABIERTA,,,GPON EMPRESARIAL,PUEBLA OPERADORA TRANS
,12606939,C01-2309-0202,PENDIENTE,LAS CERVEZAS MODELO EN HIDALGO,PACHUCA,0,TULA,ENLACES,Ctra TULA REFINERIA KM 4 5 COL EL LLANO 2A SECCION C.P 42803,TULA DE ALLENDE,,FUERA DE SERVICIO,CNS4 LO TIENE EN DIAGNOSTICO.,,,,CRISTINA MARTINEZ SOLIS,2222299304,106.13.166.128,2026-09-10 02:18:06,DOWN,,,,,,,,PUEBLA OPERADORA TRANS
,12606944,C03-2312-0042,PENDIENTE,ORGANO DE ADMINISTRACION JUDICIAL,PACHUCA,0,PACHUCA,ENLACES,Blvd LUIS DONALDO COLOSIO 4604 2do nivel COL PALMAR II C.P 42088,PACHUCA DE SOTO,,FUERA DE SERVICIO,CNS4 LO TIENE EN DIAGNOSTICO.,,,,JUAN CARLOS HERNANDEZ MUNOZ,2222299341,,2026-09-10 02:26:06,DOWN,,,,,,,,PUEBLA OPERADORA TRANS
,12606945,C30-2411-0088,PENDIENTE,UNIVERSIDAD AUTONOMA DE PUEBLA,POZA RICA,0,ESTACION SAN DIEGO,ENLACES,Clle DOMICILIO CONOCIDO S/N VLLA VILLA LAZARO CARDENAS C.P 73049,VENUSTIANO CARRANZA,,FUERA DE SERVICIO,CNS4 LO TIENE EN DIAGNOSTICO.,,,,JUAN CARLOS GUTIERREZ DIAZ,2222299355,,2026-09-10 02:26:06,UP,,,,,,,,PUEBLA OPERADORA TRANS
,12606946,C03-2312-0062,PENDIENTE,ORGANO DE ADMINISTRACION JUDICIAL,PACHUCA,0,REVOLUCION,ENLACES,Blvd LUIS DONALDO COLOSIO 4604 2do nivel COL PALMAR II C.P 42088,PACHUCA DE SOTO,,FUERA DE SERVICIO,CNS4 LO TIENE EN DIAGNOSTICO.,,,,DANIEL CHRISTIAN VIDAL LOZADA,2222299342,,2026-09-10 02:28:06,DOWN,,,,,,,,PUEBLA OPERADORA TRANS
,12606949,C50-2510-0164,PENDIENTE,PETROLEOS MEXICANOS,MEXICO,0,,ENLACES,Av MARINA NACIONAL 329 S/N COL VERONICA ANZURES C.P 11300,MEXICO D.F.,,FUERA DE SERVICIO,CNS4 LO TIENE EN DIAGNOSTICO.,,,,RAFAEL ALBERTO GALAN TELLEZ,2222299353,,2026-09-10 02:32:06,DOWN,,,,,,,,CAFETALES OPERADORA INTERNET
,12606953,C05-2510-0267,PENDIENTE,PETROLEOS MEXICANOS,PACHUCA,0,,ENLACES,Ctra JOROBAS TULA 26.5 26.5 COL CENTRO C.P 42800,TULA DE ALLENDE,,FUERA DE SERVICIO,CNS4 LO TIENE EN DIAGNOSTICO.,,,,RAFAEL ALBERTO GALAN TELLEZ,2222299353,,2026-09-10 02:38:06,DOWN,,,,,,,,PUEBLA OPERADORA TRANS
,12606957,C02-2506-2359,VALIDAR,REFRESCOS VICTORIA DEL CENTRO,PACHUCA,0,,ENLACES,Ctra IXMIQUILPAN SN . COL SAN MATEO C.P 42403,HUICHAPAN,,FUERA DE SERVICIO,CNS4 LO TIENE EN DIAGNOSTICO.,,,,CRISTINA MARTINEZ SOLIS,2222299304,,2026-09-10 02:45:06,UP,,,,,,,,PUEBLA OPERADORA TRANS
,12606960,D32-1206-0566,VALIDAR,COMISION NACIONAL DEL AGUA,PACHUCA,0,IXMIQUILPAN,ENLACES,Av FELIPE ANGELES 9 S/N COL IXMIQUILPAN CENTRO C.P 42300,IXMIQUILPAN,,FUERA DE SERVICIO,PLEX.,,,,DANIEL CHRISTIAN VIDAL LOZADA,2222299342,,2026-09-10 02:50:06,UP,,,,,,,,PUEBLA OPERADORA TRANS
,12606963,C02-2302-0018,VALIDAR,INSTITUTO NACIONAL ELECTORAL,PACHUCA,0,TULA,ENLACES,Blvd BOULEVARD TULA-ITURBE 126 COL ITURBE C.P 42803,TULA DE ALLENDE,,FUERA DE SERVICIO,POR FAVOR APOYARNOS A CHECAR EL SERVICIO.,,,,JUAN CARLOS GUTIERREZ DIAZ,2222299355,10.15.168.144,2026-09-10 02:53:06,UP,,,,,,,,PUEBLA OPERADORA TRANS
,12606964,A32-1510-1332,VALIDAR,NUEVA WAL MART DE MEXICO,PACHUCA,0,JILOTEPEC,ENLACES,Av ANDRES MOLINA ENRIQUEZ 194 PB PBLO JILOTEPEC DE MOLINA ENRIQUEZ C.P 54240,JILOTEPEC DE MOLINA ENRIQUEZ,,FUERA DE SERVICIO,PLEX.,,,,DANIEL CHRISTIAN VIDAL LOZADA,2222299342,,2026-09-10 02:53:06,UP,,,,,,,,PUEBLA OPERADORA TRANS
,12606971,C02-2409-0124,VALIDAR,CORPORATIVO BIMBO,PACHUCA,0,ZIMAPAN,ENLACES,Ctra LIBRAMIENTO S/N S/N COL CENTRO C.P 42330,ZIMAPAN,,FUERA DE SERVICIO,CNS4 LO TIENE EN DIAGNOSTICO.,,,,CECILIA VIDAL LOZADA,2222299339,106.13.163.41,2026-09-10 03:05:06,UP,,,,,,,,PUEBLA OPERADORA TRANS
,12606981,A32-1907-0002,CT MOA / WATSON V. PEND REVISIÓN DEL COBRE. ESCALACIÓN VÍA WHATS.,BANCO NACIONAL DEL EJERCITO FUERZA AEREA Y ARMADA,VERACRUZ,0,ANTON LIZARIO,ENLACES,Clle PLAYA DEL ESTE SN ESCUELA DE ELECTRONICA NAVAL MPIO D S/N S/N CONG LA PIEDRA C.P 95263,ALVARADO,,FUERA DE SERVICIO,PLEX.,,,,CRISTINA MARTINEZ SOLIS,2222299304,,2026-09-10 03:13:06,UP,,,,,,,,PUEBLA OPERADORA TRANS
,12606988,A04-1011-0062,PENDIENTE,KALTEX SERVICIOS,PACHUCA,0,SANTIAGO TLAUTLA,ENLACES,Ctra ANTIGUA CARRETERA MEXICO QUERETARO No. Ext. KM 5 km5 n/a COL TLAXINACALPAN C.P 42855,SANTIAGO TLAUTLA,,FUERA DE SERVICIO,PLIN-PLEX.,,,,JUAN CARLOS GUTIERREZ DIAZ,2222299355,,2026-09-10 03:22:06,DOWN,,,,,,,,PUEBLA OPERADORA TRANS
,12607000,2221444663,PENDIENTE,GOBIERNO DEL ESTADO DE PUEBLA,PUEBLA,0,,IDN,,,,FUERA DE SERVICIO,PLEX.,,,,LUIS ALBERTO SERRANO CAMARILLO,2222299350,,2026-09-10 03:46:06,DOWN,IZR - CT IGNACIO ZARAGOZA,REF0193FOA1 - 7,PUEHFUR01097REF0193F,ABIERTA,,,GPON EMPRESARIAL,JULIAN FERN ILLESCAS LOPEZ
,12607010,7848872406,IN2609_015175 Inicio: 2026-09-10 00:07:29 Falla Reportada: [TX] 3 EQUIPOS ALARMADOS DE AREA POZA RICACON AFECTACION DE 677 INFINITUMS. VER BITACORA PARA MAS INFORMACION.,UNINET,POZA RICA,0,,IDN,CLL INDEPENDENCIA 0 SUBNUMERO EDIF COL. CENTRO Lote: * COYUTLAVE C.P. 93140 ENTRE NIÑO ARTILLERO,,,FUERA DE SERVICIO,PLIN.,,,,CLAUDIA CASTRO SANCHEZ,2222299352,,2026-09-10 04:09:06,DOWN,POZ - POZA RICA,CYA0001FOK8 - 6,VERACYA01015CYA0001F,CERRADA,331,RECONSTRUCCION TOTAL,GPON EMPRESARIAL,PUEBLA OPERADORA TRANS
,12607013,A04-1710-0619,PENDIENTE,"BANCO SANTANDER MEXICO S.A., INSTITUCION DE BANCA MULTIPLE,",COATZACOALCOS,0,SOTEAPAN,ENLACES,Clle MIGUEL HIDALGO 334 EJDO SOTEAPAN C.P 95900,SOTEAPAN,,FUERA DE SERVICIO,PLIN-PLEX.,,,,CRISTINA MARTINEZ SOLIS,2222299304,,2026-09-10 04:12:06,DOWN,,,,,,,,PUEBLA OPERADORA TRANS
,12607018,CB2-2110-0595,PENDIENTE,"BANCO SANTANDER MEXICO S.A., INSTITUCION DE BANCA MULTIPLE,",CORDOBA,0,OMEALCA,ENLACES,Av HIDALGO 1 PBLO OMEALCA C.P 94900,OMEALCA,,FUERA DE SERVICIO,CNS4 LO TIENE EN DIAGNOSTICO.,,,,JUAN CARLOS HERNANDEZ MUNOZ,2222299341,106.13.56.251,2026-09-10 04:19:06,DOWN,,,,,,,,PUEBLA OPERADORA TRANS
,12607025,7734882989,PENDIENTE,UNINET,PACHUCA,0,,BASICO,,,,FUERA DE SERVICIO,IN2609_015261,,327 Cable principal FTTH,,CLAUDIA CASTRO SANCHEZ,2222299352,,2026-09-10 04:31:06,DOWN,TUA - TULA,GPM0002FOF7 - 5,HGOAGPM01011GPM0002F,CERRADA,326,CORDON ACOMET OPTICO,Infinitum Puro,PUEBLA OPERADORA TRANS
,12607055,A32-1401-0761,VALIDAR,"BANCO DEL BIENESTAR, SOCIEDAD NACIONAL DE CREDITO, INSTITUCI",PACHUCA,0,CHILCUAUTLA,ENLACES,Av HIDALGO 4 S/N COL CHILCUAUTLA CENTRO C.P 42750,CHILCUAUTLA,,FUERA DE SERVICIO,En diagnostico por CENTRO ATN Y SERV. PUEBLA  DIAGNOSTICADO POR: TFA: GUTIERREZ JUAN CARLOS Tel: 2222299355 - 26272 10/09/26 09:08:16  DIAGNOSTICO: HERRAMIENTAS:,,,,JUAN CARLOS GUTIERREZ DIAZ,2222299355,,2026-09-10 05:02:06,DOWN,ACTOPAN,,,,,,,PUEBLA OPERADORA TRANS
,12607083,2756880869,LIQUIDADO,UNINET SA DE CV SISTEMA COOPER,TLAXCALA,0,,BASICO,,,,FUERA DE SERVICIO,En diagnostico por CENTRO ATN Y SERV. PUEBLA  DIAGNOSTICADO POR: TFA: SERRANO LUIS ALBERTO Tel: 0000026285 - S/E 10/09/26 07:20:14  DIAGNOSTICO: SIN SERVICIO  HERRAMIENTAS: NO SE APLICO HER,,,,PAUL MARTINEZ CORDOVA,2222299345,,2026-09-10 05:31:06,DOWN,MAA - CT IZUCAR DE MATAMOROS,,,,,,,PUEBLA OPERADORA TRANS
,12607128,A01-1704-0212,VALIDAR,BANCO MERCANTIL DEL NORTE SA INSTITUCION DE BANCA MULTIPLE G,PACHUCA,0,TULA,ENLACES,Cllj DE LA CRUZ 100 S/N FRAC EL SALITRE C.P 42808,TULA DE ALLENDE,,FUERA DE SERVICIO,En diagnostico por CENTRO ATN Y SERV. PUEBLA  DIAGNOSTICADO POR: RMA: MARTINEZ CRISTINA Tel: 2222299304 - S/E 10/09/26 07:09:22  DIAGNOSTICO: f/s  HERRAMIENTAS: NO SE APLICO HER,,,,RAFAEL ALBERTO GALAN TELLEZ,2222299353,,2026-09-10 06:18:06,UP,,,,,,,,PUEBLA OPERADORA TRANS
,12607136,C03-2409-0041,VALIDAR,LALA ADMINISTRACION Y CONTROL,PACHUCA,0,PARQUENDUSTRIAL TULA,ENLACES,Ctra TULA JOROBAS KM 6 S/N EJDO TULA (ARRIBA DEL PARQUE ECOLOGICO) C.P 42816,TULA DE ALLENDE,,FUERA DE SERVICIO,En diagnostico por CENTRO ATN Y SERV. PUEBLA  DIAGNOSTICADO POR: TFA: MARTINEZ CRISTINA Tel: 2222299304 - S/E 10/09/26 07:02:52  DIAGNOSTICO: f/s  HERRAMIENTAS: NO SE APLICO HER,,,,CRISTINA MARTINEZ SOLIS,2222299304,,2026-09-10 06:24:06,UP,,,,,,,,CASMEX2 OPERADORA INTERNET
,12607138,A04-0911-0033,PENDIENTE,GHO COORDINADORA,PACHUCA,0,JILOTEPEC,ENLACES,Ctra Soyaniquilpan S/N PB COL Libramiento C.P 54240,JILOTEPEC DE MOLINA ENRIQUEZ,,FUERA DE SERVICIO,En diagnostico por CENTRO ATN Y SERV. PUEBLA  DIAGNOSTICADO POR: TFA: MARTINEZ CRISTINA Tel: 2222299304 - S/E 10/09/26 07:21:02  DIAGNOSTICO: f/s  HERRAMIENTAS: NO SE APLICO HER,,,,JUAN CARLOS GUTIERREZ DIAZ,2222299355,,2026-09-10 06:26:06,UP,,,,,,,,PUEBLA OPERADORA TRANS
,12607140,C01-2503-0084,LIQUIDAR | CASPUE,"BANCO DEL BIENESTAR, SOCIEDAD NACIONAL DE CREDITO, INSTITUCI",CORDOBA,0,NIGROMANTE,ENLACES,Clle CHUAPAN S/N S/N PBLO XOCHIAPAN C.P 95630,ZAPOTITLAN,,FUERA DE SERVICIO,En diagnostico por CENTRO ATN Y SERV. PUEBLA  DIAGNOSTICADO POR: RMA: MARTINEZ CRISTINA Tel: 2222299304 - S/E 10/09/26 07:07:15  DIAGNOSTICO: f/s  HERRAMIENTAS: NO SE APLICO HER,,,,DANIEL CHRISTIAN VIDAL LOZADA,2222299342,106.13.57.141,2026-09-10 06:26:06,DOWN,,,,,,,,PUEBLA OPERADORA TRANS
,12607143,C01-2203-0074,PENDIENTE,SALES DEL ISTMO,COATZACOALCOS,0,NANCHITAL,ENLACES,Ctra IXHUATLAN DEL SURESTE NANCHITAL S/N S/N EJDO EJIDO IXHUATLAN C.P 96365,IXHUATLAN DEL SURESTE,,FUERA DE SERVICIO,En diagnostico por CENTRO ATN Y SERV. PUEBLA  DIAGNOSTICADO POR: TFA: MARTINEZ CRISTINA Tel: 2222299304 - S/E 10/09/26 07:05:42  DIAGNOSTICO: f/s  HERRAMIENTAS: NO SE APLICO HER,,,,CECILIA VIDAL LOZADA,2222299339,106.24.197.21,2026-09-10 06:30:06,DOWN,,,,,,,,CASMEX2 OPERADORA INTERNET
,12607146,C03-2203-0006,PENDIENTE,SALES DEL ISTMO,COATZACOALCOS,0,IXHUATLAN DEL SURESTE,ENLACES,Ctra IXHUATLAN DEL SURESTE NANCHITAL S/N S/N EJDO EJIDO IXHUATLAN C.P 96365,IXHUATLAN DEL SURESTE,,FUERA DE SERVICIO,En diagnostico por CENTRO ATN Y SERV. PUEBLA  DIAGNOSTICADO POR: RMA: MARTINEZ CRISTINA Tel: 2222299304 - S/E 10/09/26 07:12:16  DIAGNOSTICO: f/s  HERRAMIENTAS: NO SE APLICO HER,,,,CRISTINA MARTINEZ SOLIS,2222299304,,2026-09-10 06:32:06,DOWN,,,,,,,,CASMEX2 OPERADORA INTERNET
,12607148,CB2-2110-0235,PENDIENTE,"BANCO SANTANDER MEXICO S.A., INSTITUCION DE BANCA MULTIPLE,",JALAPA,0,COATEPEC,ENLACES,Clle COATEPEC U LAS PUENTES KM1 KM 1 S/N FRAC LA TRINIDAD C.P 91583,COATEPEC,,FUERA DE SERVICIO,En diagnostico por CENTRO ATN Y SERV. PUEBLA  DIAGNOSTICADO POR: TFA: MARTINEZ CRISTINA Tel: 2222299304 - S/E 10/09/26 07:11:06  DIAGNOSTICO: f/s  HERRAMIENTAS: NO SE APLICO HER,,,,JUAN CARLOS HERNANDEZ MUNOZ,2222299341,,2026-09-10 06:36:06,DOWN,,,,,,,,PUEBLA OPERADORA TRANS
,12607155,C30-2310-0005,PENDIENTE,CFE TELECOMUNICACIONES E INTERNET PARA TODOS,TLAXCALA,0,GUADALUPE VICTORIA,ENLACES,Clle SIN NOMBRE S/N S/N RRIA LA TRINIDAD C.P 75070,"TRINIDAD, LA",,FUERA DE SERVICIO,En diagnostico por CENTRO ATN Y SERV. PUEBLA  DIAGNOSTICADO POR: RMA: MARTINEZ CRISTINA Tel: 2222299304 - S/E 10/09/26 07:22:02  DIAGNOSTICO: f/s  HERRAMIENTAS: NO SE APLICO HER,,,,CRISTINA MARTINEZ SOLIS,2222299304,,2026-09-10 06:49:06,DOWN,,,,,,,,PUEBLA OPERADORA TRANS
,12607166,2263182481,PENDIENTE,CFE TELECOMUNICACIONES E INTERNET PARA TODOS,JALAPA,0,,BASICO,,,,FUERA DE SERVICIO,En diagnostico por CENTRO ATN Y SERV. CAFETALES  DIAGNOSTICADO POR: TFA: SEGUIN SERGIO BRUNO Tel: 2115780000 - S/E 10/09/26 07:18:32  DIAGNOSTICO: FUERA DE SERVICIO  HERRAMIENTAS: PISA,,,,PILAR FELICIA FLORES GONZALEZ,2222299312,,2026-09-10 07:07:06,DOWN,TEZ - TEZIUTLAN,JAC0005FOD1 - 1,VERAJAC01030JAC0005F,ABIERTA,906,REFERIDO A COMERCIAL,Infinitum Puro,SERGIO BRUNO SEGUIN GONZALEZ
,12607170,2416887998,PENDIENTE,CFE,TLAXCALA,0,,BASICO,,,,FUERA DE SERVICIO,En diagnostico por CENTRO ATN Y SERV. CAFETALES  DIAGNOSTICADO POR: RMA: SEGUIN SERGIO BRUNO Tel: 2115780000 - S/E 10/09/26 07:22:40  DIAGNOSTICO: FUERA DE SERVICIO  HERRAMIENTAS: PISA,,,,LUIS ALBERTO SERRANO CAMARILLO,2222299350,,2026-09-10 07:09:06,DOWN,API - CT APIZACO,XIE0001FOD1 - 8,TLAHXIE01004XIE0001F,CERRADA,328,CABLE SECUN FIBRA OP,Infinitum Puro,SERGIO BRUNO SEGUIN GONZALEZ
,12607177,2281555697,PENDIENTE,UNINET,JALAPA,0,,IDN,,,,FUERA DE SERVICIO,En diagnostico por CENTRO ATN Y SERV. PUEBLA  DIAGNOSTICADO POR: TFA: SERRANO LUIS ALBERTO Tel: 0000026285 - S/E 10/09/26 08:09:34  DIAGNOSTICO: SIN SERVICIO  HERRAMIENTAS: NO SE APLICO HER,,,,LUIS ALBERTO SERRANO CAMARILLO,2222299350,,2026-09-10 07:15:06,DOWN,SBR - SAN BRUNO,ESZ0005FOA1 - 7,VERAJAL06102ESZ0005F,ABIERTA,,,GPON EMPRESARIAL,PUEBLA OPERADORA TRANS
,12607188,C00-2307-0059,VALIDAR,UNIVERSIDAD AUTONOMA DEL ESTADO DE HIDALGO,PACHUCA,0,ACTOPAN,ENLACES,Clle EL DAXTHA S/N 1 COL CENTRO C.P 42500,ACTOPAN,,FUERA DE SERVICIO,En diagnostico por CENTRO ATN Y SERV. PUEBLA  DIAGNOSTICADO POR: RMA: MARTINEZ CRISTINA Tel: 2222299304 - S/E 10/09/26 07:52:03  DIAGNOSTICO: F/S  HERRAMIENTAS: NO SE APLICO HER,,,,CRISTINA MARTINEZ SOLIS,2222299304,,2026-09-10 07:21:06,UP,,,,,,,,PUEBLA OPERADORA TRANS
,12607210,7617820713,PENDIENTE,FERROCARRIL MEXICANO,PACHUCA,0,,BASICO,,,,FUERA DE SERVICIO,En diagnostico por CENTRO ATN Y SERV. PUEBLA  DIAGNOSTICADO POR: TFA: SERRANO LUIS ALBERTO Tel: 0000026285 - S/E 10/09/26 08:12:16  DIAGNOSTICO: SIN ACCESO A DATOS  HERRAMIENTAS: NO SE APLICO HER,,,,LUIS ALBERTO SERRANO CAMARILLO,2222299350,,2026-09-10 07:31:06,DOWN,TUA - TULA,HUN0014FOA5 - 7,HGOHHUN01004HUN0014F,ABIERTA,,,VSI,MARIA ISABEL MEDINA MAXIL
,12607221,7617821160,PENDIENTE,COBAEH 02,PACHUCA,0,,BASICO,,,,FUERA DE SERVICIO (INT),En diagnostico por CENTRO ATN Y SERV. PUEBLA  DIAGNOSTICADO POR: TFA: SERRANO LUIS ALBERTO Tel: 0000026285 - S/E 10/09/26 08:13:31  DIAGNOSTICO: SIN SERVICIO  HERRAMIENTAS: NO SE APLICO HER,,,,LUIS ALBERTO SERRANO CAMARILLO,2222299350,,2026-09-10 07:39:06,DOWN,TUA - TULA,NPA0002FOA6 - 8,HGOAMVL01001NPA0002F,CERRADA,101,EQ TELEFONICO DE CTE,VSI,MARIA ISABEL MEDINA MAXIL
,12607226,9212139500,VALIDAR,I P M JOHN J SPARK SC,COATZACOALCOS,0,,BASICO,,,,FUERA DE SERVICIO,En diagnostico por CENTRO ATN Y SERV. PUEBLA  DIAGNOSTICADO POR: TFA: SERRANO LUIS ALBERTO Tel: 0000026285 - S/E 10/09/26 08:16:06  DIAGNOSTICO: SIN ACCESO A DATOS  HERRAMIENTAS: NO SE APLICO HER,,,,LUIS ALBERTO SERRANO CAMARILLO,2222299350,,2026-09-10 07:44:06,UP,COZ - CT COATZACOALCOS,PTR0030FOB8 - 4,VERHPTR01001PTR0030F,ABIERTA,,,VSI,PUEBLA OPERADORA TRANS
,12607228,9212136376,VALIDAR,IP M JOHN J SPARK SC,COATZACOALCOS,0,,BASICO,,,,FUERA DE SERVICIO,En diagnostico por CENTRO ATN Y SERV. PUEBLA  DIAGNOSTICADO POR: TFA: SERRANO LUIS ALBERTO Tel: 0000026285 - S/E 10/09/26 08:22:49  DIAGNOSTICO: SIN ACCESO A DATOS  HERRAMIENTAS: NO SE APLICO HER,,,,LUIS ALBERTO SERRANO CAMARILLO,2222299350,,2026-09-10 07:46:06,UP,COZ - CT COATZACOALCOS,PTR0030FOB8 - 7,VERHPTR01001PTR0030F,ABIERTA,,,VSI,PUEBLA OPERADORA TRANS
,12607230,9212139501,VALIDAR,IP M JOHN SPA RK SC,COATZACOALCOS,0,,BASICO,,,,FUERA DE SERVICIO,En diagnostico por CENTRO ATN Y SERV. PUEBLA  DIAGNOSTICADO POR: TFA: SERRANO LUIS ALBERTO Tel: 0000026285 - S/E 10/09/26 08:34:24  DIAGNOSTICO: SIN ACCESO A DATOS  HERRAMIENTAS: NO SE APLICO HER,,,,LUIS ALBERTO SERRANO CAMARILLO,2222299350,,2026-09-10 07:47:06,UP,COZ - CT COATZACOALCOS,PTR0030FOB8 - 5,VERHPTR01001PTR0030F,ABIERTA,,,VSI,PUEBLA OPERADORA TRANS
,12607269,2881033342,PENDIENTE,COMERCIALIZADORA FARMACEUTICA DIZMOR,VERACRUZ,0,,BASICO,"<><> CLL FRANCISCO I MADERO 405, COL. COSAMALOAPAN, COSAMALOAPAN VE C.P. 95400",,,DATOS,En diagnostico por CENTRO ATN Y SERV. CAFETALES  DIAGNOSTICADO POR: TFA: CHAVARRIA MARTHA Tel: 0000211185 - S/E 10/09/26 08:18:22  DIAGNOSTICO: DATOS/ NO ACCESA A INTERNET/  HERRAMIENTAS: NO SE APLICO HER,,,,PAUL MARTINEZ CORDOVA,2222299345,,2026-09-10 08:14:06,DOWN,COS - CT COSAMALOAPAN,COS0007FOD4 - 8,VERHCOS01094COS0007F,ABIERTA,,,VSI,MARTHA CHAVARRIA MARTINEZ
,12607275,7617822507,PENDIENTE,SYSTEMTECH SISTEMAS TECNOLOGICOS,PACHUCA,0,,BASICO,,,,FUERA DE SERVICIO,En diagnostico por CENTRO ATN Y SERV. PUEBLA  DIAGNOSTICADO POR: TFA: RUIZ LUIS ENRIQUE Tel: 0123456789 - S/E 10/09/26 08:59:54  DIAGNOSTICO: N/N  HERRAMIENTAS: REACT-2000,,,,CLAUDIA CASTRO SANCHEZ,2222299352,,2026-09-10 08:13:06,DOWN,TUA - TULA,HUN0001FOH3 - 5,HGOHHUN01032HUN0001F,ABIERTA,,,VSI,ELIZABETH HERNANDEZ CASTRO
,12607289,2836880144,PENDIENTE,"UNINET,",CORDOBA,0,,IDN,"AVE ADOLFO LOPEZ MATEOS 0 SUBNUMERO EDIF COL. CENTRO ABASOLO DEL VALLE, PLAYA VICENTEVE C.P. 95620 ENTRE IGNACIO ZARAGOZ",,,FUERA DE SERVICIO,CNSCH PENDIENTE - FAVOR DE ATENDER REPORTE,,,,MARIA LUISA RAMIREZ GARCIA,2222299332,,2026-09-10 08:15:06,DOWN,LBO - LOMA BONITA,ADV0001FOB1 - 1,VERAADV01003ADV0001F,CERRADA,331,RECONSTRUCCION TOTAL,GPON EMPRESARIAL,PUEBLA OPERADORA TRANS
,12607290,7896880630,PENDIENTE,MUNICIPIO DE PLATON SANCHEZ,POZA RICA,0,,BASICO,,,,FUERA DE SERVICIO (INT),En diagnostico por CENTRO ATN Y SERV. PUEBLA  DIAGNOSTICADO POR: TFA: SERRANO LUIS ALBERTO Tel: 0000026285 - S/E 10/09/26 08:37:54  DIAGNOSTICO: SIN SERVICIO  HERRAMIENTAS: NO SE APLICO HER,,,,LUIS ALBERTO SERRANO CAMARILLO,2222299350,,2026-09-10 08:17:06,DOWN,TPN - CT TUXPAN,PSA0005D4 - 4,VER-PLATONSANCHEZ-4,ABIERTA,,,Infinitum Puro,MARIA ISABEL MEDINA MAXIL
,12607311,2722016454,VALIDAR,SECRETARIA DE EDUCACION,CORDOBA,0,,BASICO,,,,DATOS,En diagnostico por CENTRO ATN Y SERV. PUEBLA  DIAGNOSTICADO POR: TFA: SERRANO LUIS ALBERTO Tel: 0000026285 - S/E 10/09/26 08:46:41  DIAGNOSTICO: SIN ACCESO A DATOS  HERRAMIENTAS: NO SE APLICO HER,,,,LUIS ALBERTO SERRANO CAMARILLO,2222299350,,2026-09-10 08:27:06,UP,ORI - ORIZABA,FKI0006FOD3 - 4,VERHORI02215FKI0006F,,,,VSI,ELIZABETH HERNANDEZ CASTRO
,12607314,2414121126,VALIDAR,ASOCIACION DE PADRES DE FAMILIA CBTIS 212,TLAXCALA,0,,BASICO,,,,FUERA DE SERVICIO,En diagnostico por CENTRO ATN Y SERV. PUEBLA  DIAGNOSTICADO POR: TFA: RUIZ LUIS ENRIQUE Tel: 0123456789 - S/E 10/09/26 09:02:00  DIAGNOSTICO: N/N  HERRAMIENTAS: REACT-2000,,,,LUIS ENRIQUE RUIZ PEREZ,2222299334,,2026-09-10 08:25:06,UP,API - CT APIZACO,APZ0005FOC4 - 6,TLAHAPI02113APZ0005F,ABIERTA,,,VSI,JUDITH DIAZ LOZANO
,12607325,7846880808,VALIDAR,UNINET,POZA RICA,0,,IDN,,,,DATOS,,,,,PAUL MARTINEZ CORDOVA,2222299345,,2026-09-10 08:27:06,UP,POZ - POZA RICA,PAP0013FOA1 - 4,VERHPAP01009PAP0013F,CERRADA,311,TERMINAL SECUN COBRE,GPON EMPRESARIAL,CAROL GUADALUPE BAIZABAL VELA
,12607338,7617820443,PENDIENTE,HOTEL POSADA DE HIDALGO SA DE CV,PACHUCA,0,,BASICO,,,,FUERA DE SERVICIO,En diagnostico por CENTRO ATN Y SERV. PUEBLA  DIAGNOSTICADO POR: TFA: MARTINEZ PAUL Tel: 0000226262 - S/E 10/09/26 08:38:44  DIAGNOSTICO: HERRAMIENTAS: REACT-2000,,,,PAUL MARTINEZ CORDOVA,2222299345,,2026-09-10 08:31:06,DOWN,TUA - TULA,HUN0001FOE1 - 6,HGOHHUN01024HUN0001F,ABIERTA,,,VSI,PUEBLA OPERADORA TRANS
,12607344,7848422233,VALIDAR,COMERCIALIZADORA FARMACEUTICA,POZA RICA,0,,BASICO,CALLE JUAN DE LA LUZ ENRIQUEZ NUMERO 101 COLONIA CENTRO PAPANTLA DE OLARTE VERACRUZ C.P. 93400.,VERACRUZ,POZ-POZA RICA,FUERA DE SERVICIO,"En diagnostico por CENTRO ATN Y SERV. CAFETALES  DIAGNOSTICADO POR: TFA: POMPA XOCHITL Tel: 0000211173 - S/E 10/09/26 08:35:48  DIAGNOSTICO: SIN VOZ, SIN DATOS  HERRAMIENTAS: NO SE APLICO HER",,,,CLAUDIA CASTRO SANCHEZ,2222299352,,2026-09-10 08:33:06,UP,POZ - POZA RICA,PAP0007FOA8 - 1,VERHPAP02049PAP0007F,CERRADA,,,VSI,XOCHITL POMPA MONCADA
,12607347,A04-1201-0021,,FERROCARRIL MEXICANO,PACHUCA,0,CELAYA,ENLACES,Av COLON S/N S/N RCIA ALAMEDA C.P 38050,CELAYA,,FUERA DE SERVICIO,SEGUIMIENTO CASPUE,,,,ALFONSO JIMENEZ ROJO,---,,2026-09-10 08:33:06,,,,,,,,,QUERETARO OPERADORA TRANS
,12607353,2434360809,PENDIENTE,SECRETARIA DE EDUCACION PUBLICA,TLAXCALA,0,,BASICO,,,,FUERA DE SERVICIO (INT),PEXT PENDIENTE - FAVOR DE ATENDER REPORTE,,,,MARIA LUISA RAMIREZ GARCIA,2222299332,,2026-09-10 08:35:06,DOWN,MAA - CT IZUCAR DE MATAMOROS,MAA0014FOA7 - 8,PUEAMAA02074MAA0014F,ABIERTA,,,VSI,MARIA ISABEL MEDINA MAXIL
,12607358,C00-2206-0087,VALIDAR,"BBVA MEXICO, S.A., INSTITUCION DE BANCA MULTIPLE, GRUPO FINA",POZA RICA,0,PAPANTLA,ENLACES,Clle JUAN ENRIQUEZ 109 COL PAPANTLA CENTRO C.P 93400,PAPANTLA DE OLARTE,,FUERA DE SERVICIO,En diagnostico por CENTRO ATN Y SERV. PUEBLA  DIAGNOSTICADO POR: TFA: SERRANO LUIS ALBERTO Tel: 0000026285 - S/E 10/09/26 09:36:44  DIAGNOSTICO: SIN SERVICIO  HERRAMIENTAS: NO SE APLICO HER,,,,LUIS ALBERTO SERRANO CAMARILLO,2222299350,,2026-09-10 08:34:06,UP,,,,,,,,PUEBLA OPERADORA TRANS
,12607362,C01-2112-0228,VALIDAR,"BBVA MEXICO, S.A., INSTITUCION DE BANCA MULTIPLE, GRUPO FINA",JALAPA,0,GUTIERREZ ZAMORA,ENLACES,Av AVILA CAMACHO 34 COL GUTIERREZ ZAMORA CENTRO C.P 93556,GUTIERREZ ZAMORA,,FUERA DE SERVICIO,En diagnostico por CENTRO ATN Y SERV. PUEBLA  DIAGNOSTICADO POR: TFA: VIDAL DANIEL CHRISTIAN Tel: 0000026259 - S/E 10/09/26 09:16:32  DIAGNOSTICO: HERRAMIENTAS: REACT-2000,,,,DANIEL CHRISTIAN VIDAL LOZADA,2222299342,106.13.196.56,2026-09-10 08:35:06,UP,,,,,,,,PUEBLA OPERADORA TRANS
,12607373,9212183792,VALIDAR,HOTELERA DUPORT,COATZACOALCOS,0,,BASICO,,,,DATOS,En diagnostico por CENTRO ATN Y SERV. PUEBLA  DIAGNOSTICADO POR: TFA: SERRANO LUIS ALBERTO Tel: 0000026285 - S/E 10/09/26 08:55:12  DIAGNOSTICO: INTERMITENCIA  HERRAMIENTAS: NO SE APLICO HER,,,,LUIS ALBERTO SERRANO CAMARILLO,2222299350,,2026-09-10 08:37:06,UP,COZ - CT COATZACOALCOS,SIB0026FOA7 - 3,VERHGVA02176SIB0026F,CERRADA,,,VSI,PUEBLA OPERADORA TRANS
,12607381,C00-2208-0083,,"BBVA MEXICO, S.A., INSTITUCION DE BANCA MULTIPLE, GRUPO FINA",JALAPA,0,GUTIERREZ ZAMORA,ENLACES,Av AVILA CAMACHO 34 COL GUTIERREZ ZAMORA CENTRO C.P 93556,GUTIERREZ ZAMORA,,FUERA DE SERVICIO,En diagnostico por CENTRO ATN Y SERV. PUEBLA  DIAGNOSTICADO POR: TFA: GUTIERREZ JUAN CARLOS Tel: 2222299355 - 26272 10/09/26 08:57:11  DIAGNOSTICO: HERRAMIENTAS: NO SE APLICO HER,,,,JUAN CARLOS GUTIERREZ DIAZ,2222299355,,2026-09-10 08:39:06,,,,,,,,,PUEBLA OPERADORA TRANS
,12607391,9212136414,LIQUIDAR | CASPUE,TELMEX CENTRALES INTERNET,COATZACOALCOS,0,,BASICO,,,,FUERA DE SERVICIO (INT),En diagnostico por CENTRO ATN Y SERV. PUEBLA  DIAGNOSTICADO POR: TFA: MARTINEZ PAUL Tel: 0000226262 - S/E 10/09/26 08:46:18  DIAGNOSTICO: HERRAMIENTAS: REACT-2000,,,,PAUL MARTINEZ CORDOVA,2222299345,,2026-09-10 08:40:06,UP,COZ - CT COATZACOALCOS,PTR0022FOB3 - 5,VERHPTR01072PTR0022F,CERRADA,,,VSI,MARIA ISABEL MEDINA MAXIL
,12607397,7617820196,PENDIENTE,SECRETARIA DE DRP Y ALIMENTACI,PACHUCA,0,,BASICO,,,,DATOS,PEXT PENDIENTE - FAVOR DE ATENDER REPORTE,,,,MARIA LUISA RAMIREZ GARCIA,2222299332,,2026-09-10 08:43:06,DOWN,TUA - TULA,HUN0014FOA3 - 7,HGOHHUN01004HUN0014F,ABIERTA,,,VSI,PUEBLA OPERADORA TRANS
,12607401,C05-2510-0221,VALIDAR,PETROLEOS MEXICANOS,POZA RICA,0,,ENLACES,Clle INTERIOR DEL CAMPO PEMEX S/N PB COL HERRADURA C.P 93370,POZA RICA DE HIDALGO,,FUERA DE SERVICIO,En diagnostico por CENTRO ATN Y SERV. PUEBLA  DIAGNOSTICADO POR: RMA: MARTINEZ CRISTINA Tel: 2222299304 - S/E 10/09/26 10:25:47  DIAGNOSTICO: F/S  HERRAMIENTAS: NO SE APLICO HER,,,,CRISTINA MARTINEZ SOLIS,2222299304,,2026-09-10 08:41:06,UP,,,,,,,,PUEBLA OPERADORA TRANS
,12607405,7848422473,VALIDAR,COMERCIAL PAPELERA LA GRAN BE,POZA RICA,0,,BASICO,,,,FUERA DE SERVICIO,En diagnostico por CENTRO ATN Y SERV. PUEBLA  DIAGNOSTICADO POR: TFA: RUIZ LUIS ENRIQUE Tel: 0123456789 - S/E 10/09/26 09:05:57  DIAGNOSTICO: S/S  HERRAMIENTAS: REACT-2000,,,,CLAUDIA CASTRO SANCHEZ,2222299352,,2026-09-10 08:45:06,UP,POZ - POZA RICA,PAP0043FOD1 - 6,VERHPAP01037PAP0043F,CERRADA,,,VSI,ELIZABETH HERNANDEZ CASTRO
,12607423,7848423468,VALIDAR,TELMEX,POZA RICA,0,,BASICO,,,,FUERA DE SERVICIO,En diagnostico por CENTRO ATN Y SERV. PUEBLA  DIAGNOSTICADO POR: TFA: MARTINEZ PAUL Tel: 0000226262 - S/E 10/09/26 09:02:28  DIAGNOSTICO: HERRAMIENTAS: REACT-2000,,,,PAUL MARTINEZ CORDOVA,2222299345,,2026-09-10 08:48:06,UP,POZ - POZA RICA,PAP0007FOB3 - 8,VERHPAP02050PAP0007F,CERRADA,,,VSI,ELIZABETH HERNANDEZ CASTRO
,12607425,7617821885,PENDIENTE,MUNICIPIO DE HUICHAPAN,PACHUCA,0,,BASICO,,,7617821885,FUERA DE SERVICIO,En diagnostico por CENTRO ATN Y SERV. PUEBLA  DIAGNOSTICADO POR: TFA: SERRANO LUIS ALBERTO Tel: 0000026285 - S/E 10/09/26 09:06:00  DIAGNOSTICO: SIN SERVICIO  HERRAMIENTAS: NO SE APLICO HER,,,,LUIS ALBERTO SERRANO CAMARILLO,2222299350,,2026-09-10 08:48:06,DOWN,TUA - TULA,HUN0014FOA3 - 1,HGOHHUN01004HUN0014F,CERRADA,,,VSI,MARIA ISABEL MEDINA MAXIL
,12607431,2787321504,PENDIENTE,GRUPO JIAU SA DE CV,CORDOBA,0,,BASICO,,,,FUERA DE SERVICIO (INT),PEXT PENDIENTE - FAVOR DE ATENDER REPORTE,,,,MARIA LUISA RAMIREZ GARCIA,2222299332,,2026-09-10 08:50:06,DOWN,PEU - PE¦UELA,SJP0009FOE7 - 4,VERHSJP01007SJP0009F,ABIERTA,,,VSI,PUEBLA OPERADORA TRANS
,12607443,2299315995,PENDIENTE,OFIX SA DE CV,VERACRUZ,0,,BASICO,,,,DATOS,En diagnostico por CENTRO ATN Y SERV. PUEBLA  DIAGNOSTICADO POR: TFA: RUIZ LUIS ENRIQUE Tel: 0123456789 - S/E 10/09/26 09:07:45  DIAGNOSTICO: S/S  HERRAMIENTAS: REACT-2000,,,,CLAUDIA CASTRO SANCHEZ,2222299352,,2026-09-10 08:51:06,DOWN,ALT - CT MANLIO FABIO ALTAMIRANO,DOB0064FOA8 - 7,VERHLER06137DOB0064F,ABIERTA,,,VSI,PUEBLA OPERADORA TRANS
,12607453,7617821013,PENDIENTE,MUNICIPIO DE HUICHAPAN,PACHUCA,0,,BASICO,,,,FUERA DE SERVICIO,En diagnostico por CENTRO ATN Y SERV. PUEBLA  DIAGNOSTICADO POR: TFA: SERRANO LUIS ALBERTO Tel: 0000026285 - S/E 10/09/26 09:11:49  DIAGNOSTICO: SIN SERVICIO  HERRAMIENTAS: NO SE APLICO HER,,,,LUIS ALBERTO SERRANO CAMARILLO,2222299350,,2026-09-10 08:52:06,DOWN,TUA - TULA,HUN0001FOG6 - 5,,CERRADA,,,,MARIA ISABEL MEDINA MAXIL
,12607458,2222114132,VALIDAR,COMERCIALIZADORA FARMACEUTICA DE CHIAPAS,PUEBLA,0,,BASICO,"CLL 31 ORIENTE 21 COL. EL CARMEN HUEXOTITLA, PUEBLA.",,,FUERA DE SERVICIO,En diagnostico por CENTRO ATN Y SERV. CAFETALES  DIAGNOSTICADO POR: TFA: ALCARAZ FERNANDO Tel: 1110511284 - S/E 10/09/26 08:57:16  DIAGNOSTICO: HERRAMIENTAS: NO SE APLICO HER,,,,LUIS ALBERTO SERRANO CAMARILLO,2222299350,,2026-09-10 08:53:06,UP,AQU - CT AQUILES SERDAN,INS0148FOA7 - 5,PUEHINS10078INS0148F,CERRADA,,,VSI,FERNANDO ALCARAZ ANITA
,12607459,7617821271,PENDIENTE,MUNICIPIO DE HUICHAPAN,PACHUCA,0,,BASICO,,,,FUERA DE SERVICIO (INT),En diagnostico por CENTRO ATN Y SERV. PUEBLA  DIAGNOSTICADO POR: TFA: MARTINEZ PAUL Tel: 0000226262 - S/E 10/09/26 09:05:37  DIAGNOSTICO: HERRAMIENTAS: REACT-2000,,,,PAUL MARTINEZ CORDOVA,2222299345,,2026-09-10 08:53:06,DOWN,TUA - TULA,HUN0001FOH2 - 1,HGOHHUN01032HUN0001F,ABIERTA,,,VSI,MARIA ISABEL MEDINA MAXIL
,12607462,7617821796,PENDIENTE,MUNICIPIO DE HUICHAPAN,PACHUCA,0,,BASICO,"AVE MIGUEL HIDALGO 1 - . COL. CENTRO HUICHAPA, JALTOCAN HG C.P. 72000 ENTRE PRESIDENCIA",HIDALGO,TUA-TULA,FUERA DE SERVICIO (INT),PEXT PENDIENTE - FAVOR DE ATENDER REPORTE,,,,MARIA LUISA RAMIREZ GARCIA,2222299332,,2026-09-10 08:53:06,DOWN,TUA - TULA,HUN0010FOG1 - 1,HGOHHUN01031HUN0010F,ABIERTA,,,VSI,MARIA ISABEL MEDINA MAXIL
,12607464,7617821782,PENDIENTE,MUNICIPIO DE HUICHAPAN,PACHUCA,0,,BASICO,"AVE HIDALGO 1 COL. CENTRO HUICHAPA, JALTOCAN HG 54275",HIDALGO,,FUERA DE SERVICIO (INT),En diagnostico por CENTRO ATN Y SERV. PUEBLA  DIAGNOSTICADO POR: TFA: RUIZ LUIS ENRIQUE Tel: 0123456789 - S/E 10/09/26 09:09:46  DIAGNOSTICO: N/N  HERRAMIENTAS: REACT-2000,,,,CLAUDIA CASTRO SANCHEZ,2222299352,,2026-09-10 08:54:06,DOWN,TUA - TULA,HUN0001FOG5 - 4,HGOHHUN01029HUN0001F,ABIERTA,,,VSI,MARIA ISABEL MEDINA MAXIL
,12607465,7617821802,PENDIENTE,MUNICIPIO DE HUICHAPAN,PACHUCA,0,,BASICO,"AVE JULIAN VILLAGRAN 2, HUICHAPAN HUICHAPAN ESQ ROJO LUGO CP: 42400 HUICHAPA, JALTOCAN CP:42400",HG,,FUERA DE SERVICIO (INT),En diagnostico por CENTRO ATN Y SERV. PUEBLA  DIAGNOSTICADO POR: TFA: SERRANO LUIS ALBERTO Tel: 0000026285 - S/E 10/09/26 09:20:12  DIAGNOSTICO: SIN SERVICIO  HERRAMIENTAS: NO SE APLICO HER,,,,LUIS ALBERTO SERRANO CAMARILLO,2222299350,,2026-09-10 08:54:06,DOWN,TUA - TULA,HUN0011FOC4 - 2,HGOHHUN01035HUN0011F,CERRADA,,,VSI,MARIA ISABEL MEDINA MAXIL
,12607470,7786882141,PENDIENTE,MOTA-ENGIL MEXICO SAPI DE CV,PACHUCA,0,,BASICO,,,,FUERA DE SERVICIO,En diagnostico por CENTRO ATN Y SERV. PUEBLA  DIAGNOSTICADO POR: TFA: RUIZ LUIS ENRIQUE Tel: 0123456789 - S/E 10/09/26 09:11:46  DIAGNOSTICO: S/S  HERRAMIENTAS: REACT-2000,,,,LUIS ENRIQUE RUIZ PEREZ,2222299334,,2026-09-10 08:56:06,DOWN,TUA - TULA,ITU0005FOE1 - 3,HGOATUA02156ITU0005F,ABIERTA,,,VSI,PUEBLA OPERADORA TRANS
,12607476,7848428157,VALIDAR,UNINET,POZA RICA,0,,IDN,,,,FUERA DE SERVICIO,CNSCH PENDIENTE - FAVOR DE ATENDER REPORTE,,,,MARIA LUISA RAMIREZ GARCIA,2222299332,,2026-09-10 08:56:06,UP,POZ - POZA RICA,EHT0001FOA1 - 4,VERHPAP01025EHT0001F,CERRADA,326,CORDON ACOMET OPTICO,GPON EMPRESARIAL,CASPUE OPERADORA INTERNET
,12607488,7617821980,PENDIENTE,SEPOMEX,PACHUCA,0,,BASICO,"CLL MANUEL PAZ 18 COL. CENTRO HUICHAPA, JALTOCAN HG C.P. 54275",HIDALGO,TUA-TULA,FUERA DE SERVICIO,"En diagnostico por CENTRO ATN Y SERV. METRO  DIAGNOSTICADO POR: TFA: ORTEGA JOSE BERNARDINO Tel: 0000012452 - S/E 10/09/26 09:27:59  DIAGNOSTICO: .  HERRAMIENTAS: AWS,PISA",,,,LUIS ALBERTO SERRANO CAMARILLO,2222299350,,2026-09-10 08:58:06,DOWN,TUA - TULA,HUN0001FOE7 - 2,HGOHHUN01024HUN0001F,CERRADA,,,VSI,JOSE ALFREDO AVILA TREJO
,12607500,7786882142,PENDIENTE,MOTA ENGIL MEXICO S.A.P.I. DE C.V,PACHUCA,0,,BASICO,,,,FUERA DE SERVICIO,En diagnostico por CENTRO ATN Y SERV. PUEBLA  DIAGNOSTICADO POR: TFA: FLORES PILAR FELICIA Tel: 2222222222 - S/E 10/09/26 09:16:17  DIAGNOSTICO: SIN SIMCRONIA  HERRAMIENTAS: NO SE APLICO HER,,,,PILAR FELICIA FLORES GONZALEZ,2222299312,,2026-09-10 09:01:06,DOWN,TUA - TULA,ITU0005FOE1 - 4,HGOATUA02156ITU0005F,ABIERTA,,,VSI,PUEBLA OPERADORA TRANS
,12607503,2291941101,PENDIENTE,SUPER SMART DE VERACRUZ,VERACRUZ,0,,BASICO,,,,DATOS,PEXT PENDIENTE - FAVOR DE ATENDER REPORTE,,,,MARIA LUISA RAMIREZ GARCIA,2222299332,,2026-09-10 09:02:06,DOWN,LER - CT LERDO,VVG0006FOC4 - 4,VERHLER06107VVG0006F,ABIERTA,,,VSI,PUEBLA OPERADORA TRANS
,12607504,7848428544,VALIDAR,"CAJA POPULAR MEXICANA, S.C. DE",POZA RICA,0,,BASICO,BLV ANTONIO CARDENAS 2741 - C COL. LOURDES SALTILLO CU C.P. 25070 ENTRE AVE 16 y AVE 20,COAHUILA,7848428544,FUERA DE SERVICIO,En diagnostico por CENTRO ATN Y SERV. PUEBLA  DIAGNOSTICADO POR: TFA: SERRANO LUIS ALBERTO Tel: 0000026285 - S/E 10/09/26 09:25:03  DIAGNOSTICO: SIN SERVICIO  HERRAMIENTAS: NO SE APLICO HER,,,,LUIS ALBERTO SERRANO CAMARILLO,2222299350,,2026-09-10 09:04:06,UP,POZ - POZA RICA,PAP0015FOE6 - 5,VERHPAP01024PAP0015F,CERRADA,,,VSI,JUDITH DIAZ LOZANO
,12607507,2464685474,VALIDAR,"FINANCIERA INDEPENDENCIA S.A.B. DE C.V., SOFOM, E.N.R.",TLAXCALA,0,,BASICO,BLV GUILLERMO VALLE 166 CENTRO,,,DATOS,En diagnostico por CENTRO ATN Y SERV. PUEBLA  DIAGNOSTICADO POR: TFA: RUIZ LUIS ENRIQUE Tel: 0123456789 - S/E 10/09/26 09:13:51  DIAGNOSTICO: S/S  HERRAMIENTAS: REACT-2000,,,,LUIS ENRIQUE RUIZ PEREZ,2222299334,,2026-09-10 09:03:06,UP,TLX - CT TLAXCALA,TLX0016FOD2 - 8,TLAHTLX01049TLX0016F,ABIERTA,,,Infinitum Puro,PUEBLA OPERADORA TRANS
,12607513,7714892980,VALIDAR,"FINANCIERA INDEPENDENCIA S.A.B. DE C.V., SOFOM, E.N.R.",PACHUCA,0,,BASICO,,,,DATOS,En diagnostico por CENTRO ATN Y SERV. PUEBLA  DIAGNOSTICADO POR: TFA: FLORES PILAR FELICIA Tel: 2222222222 - S/E 10/09/26 09:34:20  DIAGNOSTICO: POTENCIA ATENUADA  HERRAMIENTAS: NO SE APLICO HER,,,,PILAR FELICIA FLORES GONZALEZ,2222299312,,2026-09-10 09:05:06,UP,PAC - PACHUCA,UNV0036FOC6 - 6,HGOHREV03098UNV0036F,ABIERTA,,,Infinitum Puro,PUEBLA OPERADORA TRANS
,12607514,7848427226,VALIDAR,CAJA POPULAR MEXICANA,POZA RICA,0,,BASICO,,,,FUERA DE SERVICIO,En diagnostico por CENTRO ATN Y SERV. PUEBLA  DIAGNOSTICADO POR: TFA: MARTINEZ PAUL Tel: 0000226262 - S/E 10/09/26 09:27:37  DIAGNOSTICO: HERRAMIENTAS: REACT-2000,,,,PAUL MARTINEZ CORDOVA,2222299345,,2026-09-10 09:06:06,UP,POZ - POZA RICA,PAP0015FOE6 - 4,VERHPAP01024PAP0015F,CERRADA,,,VSI,JUDITH DIAZ LOZANO
,12607527,7617822000,PENDIENTE,CAJA POPULAR APASEO EL ALTO,PACHUCA,0,,BASICO,,,,FUERA DE SERVICIO,PEXT PENDIENTE - FAVOR DE ATENDER REPORTE,,,,MARIA LUISA RAMIREZ GARCIA,2222299332,,2026-09-10 09:11:06,DOWN,TUA - TULA,HUN0001FOC7 - 8,HGOHHUN01022HUN0001F,ABIERTA,,,VSI,PUEBLA OPERADORA TRANS
,12607534,7846880888,PENDIENTE,DHL EXPRESS MEXICO,POZA RICA,0,,BASICO,,,,FUERA DE SERVICIO (INT),En diagnostico por CENTRO ATN Y SERV. CAFETALES  DIAGNOSTICADO POR: TFA: MARQUEZ MARIANA Tel: 2115760000 - S/E 10/09/26 09:13:44  DIAGNOSTICO: FUERA DE SERVICIO (INT)/ /  HERRAMIENTAS: NO SE APLICO HER,,,,LUIS ALBERTO SERRANO CAMARILLO,2222299350,,2026-09-10 09:12:06,DOWN,POZ - POZA RICA,PAP0002FOD2 - 7,VERHPAP01063PAP0002F,CERRADA,,,VSI,SERGIO BRUNO SEGUIN GONZALEZ
,12607539,TKS-1507-0202,,NUEVA WAL MART DE MEXICO,PACHUCA,0,TULA,ENLACES,Clle PONIENTE CUATRO 10 N/A P.IN TEPEJI C.P 42884,TEPEJI DE OCAMPO (TEPEJI DEL R,,FUERA DE SERVICIO,En diagnostico por CENTRO ATN Y SERV. PUEBLA  DIAGNOSTICADO POR: TFA: VIDAL DANIEL CHRISTIAN Tel: 0000026259 - S/E 10/09/26 09:30:11  DIAGNOSTICO: HERRAMIENTAS: REACT-2000,,,,DANIEL CHRISTIAN VIDAL LOZADA,2222299342,,2026-09-10 09:13:06,,,,,,,,,JUDITH DIAZ LOZANO
,12607540,C05-2303-0235,VALIDAR,INSTITUTO NACIONAL ELECTORAL,POZA RICA,0,PAPANTLA,ENLACES,Crda MONTE ALBAN 203 COL DOCTORES C.P 93440,PAPANTLA DE OLARTE,,FUERA DE SERVICIO,En diagnostico por CENTRO ATN Y SERV. PUEBLA  DIAGNOSTICADO POR: TFA: VIDAL CECILIA Tel: 2222222222 - S/E 10/09/26 09:52:17  DIAGNOSTICO: FS  HERRAMIENTAS: NO SE APLICO HER,,,,CECILIA VIDAL LOZADA,2222299339,,2026-09-10 09:11:06,UP,,,,,,,,PUEBLA OPERADORA TRANS
,12607562,A04-1706-0654,PENDIENTE,"BBVA MEXICO, S.A., INSTITUCION DE BANCA MULTIPLE, GRUPO FINA",PACHUCA,0,JILOTEPEC,ENLACES,Av VICENTE GUERRERO 147 0 PBLO JILOTEPEC DE MOLINA ENRIQUEZ C.P 54240,JILOTEPEC DE MOLINA ENRIQUEZ,,FUERA DE SERVICIO,En diagnostico por CENTRO ATN Y SERV. PUEBLA  DIAGNOSTICADO POR: TFA: GUTIERREZ JUAN CARLOS Tel: 2222299355 - 26272 10/09/26 09:55:49  DIAGNOSTICO: HERRAMIENTAS: NO SE APLICO HER,,,,JUAN CARLOS GUTIERREZ DIAZ,2222299355,,2026-09-10 09:14:06,DOWN,,,,,,,,PUEBLA OPERADORA TRANS
,12607576,7617821960,PENDIENTE,MUNICIPIO DE HUICHAPAN,PACHUCA,0,,BASICO,,,,FUERA DE SERVICIO,En diagnostico por CENTRO ATN Y SERV. PUEBLA  DIAGNOSTICADO POR: TFA: FLORES PILAR FELICIA Tel: 2222222222 - S/E 10/09/26 09:36:07  DIAGNOSTICO: CORTES  HERRAMIENTAS: NO SE APLICO HER,,,,PILAR FELICIA FLORES GONZALEZ,2222299312,,2026-09-10 09:19:06,DOWN,TUA - TULA,HUN0001FOD4 - 8,HGOHHUN01023HUN0001F,ABIERTA,,,VSI,PUEBLA OPERADORA TRANS
,12607577,2221290589,PENDIENTE,TELEVIMEX S ADE CV,PUEBLA,0,,BASICO,CLL ZACATLAN 42 COL LA PAZ PUEBLA,,,DATOS,En diagnostico por CENTRO ATN Y SERV. CAFETALES  DIAGNOSTICADO POR: RMA: MARQUEZ MARIANA Tel: 2115760000 - S/E 10/09/26 09:26:42  DIAGNOSTICO: DATOS/ NO ACCESA A INTERNET/  HERRAMIENTAS: NO SE APLICO HER,,,,PILAR FELICIA FLORES GONZALEZ,2222299312,,2026-09-10 09:18:06,DOWN,SNP - SAN PEDRO,LPA0012FOA6 - 4,PUEHLPA01054LPA0012F,ABIERTA,,,VSI,XOCHITL POMPA MONCADA
,12607598,7848425733,VALIDAR,PODR JUDICIAL DEL ESTADO DE VE,POZA RICA,0,,BASICO,CLL DIVINA MORALES 0 COL. UNIDAD DEPORTIVA PAPANTLA DE OLARTE VE C.P. 73080 ENTRE IXTACU y F,VERACRUZ,,DATOS,En diagnostico por CENTRO ATN Y SERV. PUEBLA  DIAGNOSTICADO POR: TFA: MARTINEZ PAUL Tel: 0000226262 - S/E 10/09/26 09:25:09  DIAGNOSTICO: HERRAMIENTAS: REACT-2000,,,,PAUL MARTINEZ CORDOVA,2222299345,,2026-09-10 09:23:06,UP,POZ - POZA RICA,PAP0040FOA1 - 8,VERHPAP01005PAP0040F,CERRADA,,,VSI,ADRIANA LEON GONZALEZ
,12607608,9222642832,VALIDAR,ELEKTRA,COATZACOALCOS,0,,BASICO,CRT . TRANSISTMICA NUM 932 COL. DEPORTIVA JALTIPAN DE MORELOS VER .,,,DATOS,En diagnostico por CENTRO ATN Y SERV. CAFETALES  DIAGNOSTICADO POR: TFA: MARQUEZ MARIANA Tel: 2115760000 - S/E 10/09/26 09:34:25  DIAGNOSTICO: DATOS/ LENTITUD / PERDIDA DE PAQUETES/  HERRAMIENTAS: NO SE APLICO HER,,,,LUIS ALBERTO SERRANO CAMARILLO,2222299350,,2026-09-10 09:26:06,UP,MIN - CENTRO MIN,JAT0005E4 - 1,VER-JALTIPAN-5,ABIERTA,,,Infinitum VDSL,ISRAEL EDUARDO RODRIGUEZ VILLANUEVA
,12607612,2471023123,VALIDAR,GRUPO AZULEJERO DE MAYORISTAS,TLAXCALA,0,,BASICO,,,,FUERA DE SERVICIO (INT),PEXT PENDIENTE - FAVOR DE ATENDER REPORTE,,,,MARIA LUISA RAMIREZ GARCIA,2222299332,,2026-09-10 09:24:06,UP,HUM - HUAMANTLA,LXN0004FOB4 - 8,TLAHHUM01055LXN0004F,ABIERTA,,,VSI,PUEBLA OPERADORA TRANS
,12607613,C04-2606-0006,FAVOR DE REVISAR EL MEDIO DE TRANSMISIÓN.,INSTITUTO MEXICANO DEL SEGURO SOCIAL,POZA RICA,0,ATLAPEXCO,ENLACES,Clle SIN NOMBRE S/N S/N RRIA TECOLOTITLA C.P 43060,ATLALTIPA TECOLOTITLA,,FUERA DE SERVICIO,En diagnostico por CENTRO ATN Y SERV. PUEBLA  DIAGNOSTICADO POR: TFA: MARTINEZ CRISTINA Tel: 2222299304 - S/E 10/09/26 10:25:45  DIAGNOSTICO: F/S  HERRAMIENTAS: NO SE APLICO HER,,,,CRISTINA MARTINEZ SOLIS,2222299304,106.13.201.6,2026-09-10 09:23:06,DOWN,,,,,,,,PUEBLA OPERADORA TRANS
,12607616,7848421839,VALIDAR,MUNICIPIO DE PAPANTLA,POZA RICA,0,,BASICO,CRT RECLUSORIO REGIONAL 0 COL. UNIDAD Y TRABAJO PAPANTLA DE OLARTE VE 92734,VERACRUZ,,FUERA DE SERVICIO,En diagnostico por CENTRO ATN Y SERV. PUEBLA  DIAGNOSTICADO POR: TFA: RUIZ LUIS ENRIQUE Tel: 0123456789 - S/E 10/09/26 09:29:13  DIAGNOSTICO: S/S  HERRAMIENTAS: REACT-2000,,,,CLAUDIA CASTRO SANCHEZ,2222299352,,2026-09-10 09:25:06,UP,POZ - POZA RICA,PAP0040FOF3 - 8,VERHPAP02137PAP0040F,CERRADA,,,VSI,ADRIANA LEON GONZALEZ
,12607624,2221966445,PENDIENTE,GOBIERNO DEL ESTADO DE PUEBLA,PUEBLA,0,,BASICO,,,,FUERA DE SERVICIO,En diagnostico por CENTRO ATN Y SERV. PUEBLA  DIAGNOSTICADO POR: TFA: SERRANO LUIS ALBERTO Tel: 0000026285 - S/E 10/09/26 10:11:24  DIAGNOSTICO: SIN SERVICIO  HERRAMIENTAS: NO SE APLICO HER,,,,LUIS ALBERTO SERRANO CAMARILLO,2222299350,,2026-09-10 09:26:06,DOWN,IZR - CT IGNACIO ZARAGOZA,REF0040FOA8 - 6,PUEHFUR01082REF0040F,ABIERTA,,,Infinitum Puro,JUDITH DIAZ LOZANO
,12607625,TKS-9801-0080,,UNIVERSIDAD TECNOLOGICA DE TULA TEPEJI,PACHUCA,0,TULA,ENLACES,Ctra TULA TEPEJI KM. 8.5 S/N PBLO EL CARMEN C.P 42830,TULA DE ALLENDE,,FUERA DE SERVICIO,En diagnostico por CENTRO ATN Y SERV. PUEBLA  DIAGNOSTICADO POR: TFA: HERNANDEZ JUAN CARLOS Tel: 2222226258 - S/E 10/09/26 10:06:36  DIAGNOSTICO: a  HERRAMIENTAS: REACT-2000,,,,JUAN CARLOS HERNANDEZ MUNOZ,2222299341,,2026-09-10 09:26:06,,,,,,,,,PUEBLA OPERADORA TRANS
,12607644,7848420606,VALIDAR,FERRETERA TELLERIA,POZA RICA,0,,BASICO,"AVE 5 DE MAYO 634, * PAPANTLA PAPANTLA CP: 93400 PAPANTLA DE OLARTE CP:93400",VE,,FUERA DE SERVICIO (INT),CNSCH PENDIENTE - FAVOR DE ATENDER REPORTE,,,,MARIA LUISA RAMIREZ GARCIA,2222299332,,2026-09-10 09:28:06,UP,POZ - POZA RICA,PAP0005FOF8 - 8,VERHPAP02068PAP0005F,CERRADA,,,VSI,MARIA ISABEL MEDINA MAXIL
,12607649,A04-1710-0131,VALIDAR,"BANCO SANTANDER MEXICO S.A., INSTITUCION DE BANCA MULTIPLE,",PACHUCA,0,CHILCUAUTLA,ENLACES,Clle PALACIO MUNICIPAL S/N COL CHILCUAUTLA CENTRO C.P 42750,CHILCUAUTLA,,FUERA DE SERVICIO,En diagnostico por CENTRO ATN Y SERV. PUEBLA  DIAGNOSTICADO POR: TFA: VIDAL CECILIA Tel: 2222222222 - S/E 10/09/26 10:11:54  DIAGNOSTICO: FS  HERRAMIENTAS: NO SE APLICO HER,,,,RAFAEL ALBERTO GALAN TELLEZ,2222299353,,2026-09-10 09:28:06,UP,ACTOPAN,,,,,,,PUEBLA OPERADORA TRANS
,12607657,7848421515,VALIDAR,FERRETERA TELLERIA SA DE CV,POZA RICA,0,,BASICO,,,,FUERA DE SERVICIO (INT),En diagnostico por CENTRO ATN Y SERV. PUEBLA  DIAGNOSTICADO POR: TFA: RUIZ LUIS ENRIQUE Tel: 0123456789 - S/E 10/09/26 09:33:07  DIAGNOSTICO: S/S  HERRAMIENTAS: REACT-2000,,,,CLAUDIA CASTRO SANCHEZ,2222299352,,2026-09-10 09:28:06,UP,POZ - POZA RICA,PAP0005FOF8 - 7,VERHPAP02068PAP0005F,CERRADA,,,VSI,MARIA ISABEL MEDINA MAXIL
,12607659,7848422288,VALIDAR,FERRETERA TELLERIA SA DE CV,POZA RICA,0,,BASICO,,,,FUERA DE SERVICIO (INT),En diagnostico por CENTRO ATN Y SERV. PUEBLA  DIAGNOSTICADO POR: TFA: FLORES PILAR FELICIA Tel: 2222222222 - S/E 10/09/26 09:39:30  DIAGNOSTICO: SIN EDO OPE  HERRAMIENTAS: NO SE APLICO HER,,,,PILAR FELICIA FLORES GONZALEZ,2222299312,,2026-09-10 09:29:06,UP,POZ - POZA RICA,PAP0005FOF8 - 6,VERHPAP02068PAP0005F,CERRADA,,,VSI,MARIA ISABEL MEDINA MAXIL
,12607662,2291303765,VALIDAR,"""DISTRIBUIDORA DE INSUMOS AGROVETERINARIOS LA POTRANCA""",VERACRUZ,0,,BASICO,"CLL LAZARO CARDENAS 15 COL EJIDO 1ERO DE MAYO NORTE ANTONIO CARLON Y ALMANZA BOCA DEL RIO, VER. CP:94297",VE,,DATOS,En diagnostico por CENTRO ATN Y SERV. PUEBLA  DIAGNOSTICADO POR: TFA: MARTINEZ PAUL Tel: 0000226262 - S/E 10/09/26 09:39:20  DIAGNOSTICO: HERRAMIENTAS: REACT-2000,,,,PAUL MARTINEZ CORDOVA,2222299345,,2026-09-10 09:33:06,UP,MOA - MOCAMBO,MOA0012FOC6 - 8,VERAMOA04081MOA0012F,ABIERTA,,,VSI,JUDITH DIAZ LOZANO
,12607669,2231020077,VALIDAR,MUEBLES PARA BA#O SA DE CV,TLAXCALA,0,,BASICO,,,,DATOS,PEXT PENDIENTE - FAVOR DE ATENDER REPORTE,,,,MARIA LUISA RAMIREZ GARCIA,2222299332,,2026-09-10 09:33:06,UP,TEC - TECAMACHALCO,TEE0029FOB5 - 2,PUEHTEE02060TEE0029F,ABIERTA,,,VSI,PUEBLA OPERADORA TRANS
,12607696,2299370882,PENDIENTE,VITALIZADORA MODERNA SA,VERACRUZ,0,,BASICO,,,,FUERA DE SERVICIO,En diagnostico por CENTRO ATN Y SERV. PUEBLA  DIAGNOSTICADO POR: TFA: FLORES PILAR FELICIA Tel: 2222222222 - S/E 10/09/26 09:46:07  DIAGNOSTICO: SIN SINCRONIA  HERRAMIENTAS: NO SE APLICO HER,,,,PILAR FELICIA FLORES GONZALEZ,2222299312,,2026-09-10 09:37:06,DOWN,ALT - CT MANLIO FABIO ALTAMIRANO,VIL0028FOB3 - 3,VERHMOA09048VIL0028F,ABIERTA,,,VSI,PUEBLA OPERADORA TRANS
,12607712,2222423689,PENDIENTE,SINTETICOS ROMEN,PUEBLA,0,,BASICO,"CLL 7 NORTE 1601, CENTRO PUEBLA AVE 18 PONIENTE AVE 16 PONIENT HEROICA PUEBLA DE ZA CP:72000",PU,,FUERA DE SERVICIO,En diagnostico por CENTRO ATN Y SERV. PUEBLA  DIAGNOSTICADO POR: TFA: MARTINEZ PAUL Tel: 0000226262 - S/E 10/09/26 09:42:40  DIAGNOSTICO: HERRAMIENTAS: REACT-2000,,,,PAUL MARTINEZ CORDOVA,2222299345,,2026-09-10 09:38:06,DOWN,ZAR - IGNACIO ZARAGOZA,REF0193FOC1 - 6,PUEHFUR05127REF0193F,ABIERTA,,,VSI,ADRIANA LEON GONZALEZ
,12607715,7617822259,PENDIENTE,"NUEVA WALMART DE MEXICO, S. DE R.L. DE C.V.",PACHUCA,0,,BASICO,"CLL JAVIER ROJO GOMEZ 230 INTER EDIF NUEVA WALMART COL. SANTA BARBARA HUICHAPA, JALTOCA",,,DATOS,En diagnostico por CENTRO ATN Y SERV. CAFETALES  DIAGNOSTICADO POR: TFA: MARQUEZ MARIANA Tel: 2115760000 - S/E 10/09/26 09:49:49  DIAGNOSTICO: DATOS/ NO ACCESA A INTERNET/  HERRAMIENTAS: NO SE APLICO HER,,,,PILAR FELICIA FLORES GONZALEZ,2222299312,,2026-09-10 09:39:06,DOWN,TUA - TULA,HUN0010FOA5 - 1,HGOHHUN01001HUN0010F,ABIERTA,,,VSI,GRACIELA PEREZ PAEZ
,12607723,7617822489,PENDIENTE,MUNICIPIO DE HUICHAPAN HGO.,PACHUCA,0,,BASICO,,,,FUERA DE SERVICIO,En diagnostico por CENTRO ATN Y SERV. PUEBLA  DIAGNOSTICADO POR: TFA: RUIZ LUIS ENRIQUE Tel: 0123456789 - S/E 10/09/26 10:15:39  DIAGNOSTICO: N/N  HERRAMIENTAS: REACT-2000,,,,CLAUDIA CASTRO SANCHEZ,2222299352,,2026-09-10 09:40:06,DOWN,TUA - TULA,HUN0010FOF4 - 7,HGOHHUN01021HUN0010F,CERRADA,,,VSI,PUEBLA OPERADORA TRANS
,12607730,7617822559,PENDIENTE,SERVICIOS DE SALUD DE HIDALGO,PACHUCA,0,,BASICO,"CLL JOSE MARIA RIVERA, SAN MATEO HUICHAPAN ESQ SOSTENES VEGA CP: 42854 HUICHAPA, JALTOCAN CP:42400",HG,,FUERA DE SERVICIO (INT),En diagnostico por CENTRO ATN Y SERV. PUEBLA  DIAGNOSTICADO POR: TFA: SERRANO LUIS ALBERTO Tel: 0000026285 - S/E 10/09/26 10:30:58  DIAGNOSTICO: SIN ACCESO A DATOS  HERRAMIENTAS: NO SE APLICO HER,,,,LUIS ALBERTO SERRANO CAMARILLO,2222299350,,2026-09-10 09:42:06,DOWN,TUA - TULA,HUN0013FOA5 - 6,HGOHHUN01020HUN0013F,ABIERTA,,,VSI,MARIA ISABEL MEDINA MAXIL
,12607732,2222468535,PENDIENTE,SINTETICOS ROMEN,PUEBLA,0,,BASICO,"CLL 7 NORTE 1601, CENTRO PUEBLA AVE 18 PONIENTE AVE 16 PONIENT HEROICA PUEBLA DE ZA CP:72000",PU,,FUERA DE SERVICIO,PEXT PENDIENTE - FAVOR DE ATENDER REPORTE,,,,MARIA LUISA RAMIREZ GARCIA,2222299332,,2026-09-10 09:41:06,DOWN,ZAR - IGNACIO ZARAGOZA,REF0193FOC1 - 8,PUEHFUR05127REF0193F,ABIERTA,,,VSI,ADRIANA LEON GONZALEZ
,12607739,7617821771,PENDIENTE,MUNICIPIO DE HUICHAPAN DIF,PACHUCA,0,,BASICO,,,,FUERA DE SERVICIO,En diagnostico por CENTRO ATN Y SERV. PUEBLA  DIAGNOSTICADO POR: TFA: FLORES PILAR FELICIA Tel: 2222222222 - S/E 10/09/26 09:58:29  DIAGNOSTICO: CORTES  HERRAMIENTAS: NO SE APLICO HER,,,,PILAR FELICIA FLORES GONZALEZ,2222299312,,2026-09-10 09:42:06,DOWN,TUA - TULA,HUN0011FOC2 - 2,HGOHHUN01035HUN0011F,ABIERTA,,,VSI,PUEBLA OPERADORA TRANS
,12607747,7617821635,PENDIENTE,CENTRO DE SALUD B,PACHUCA,0,,BASICO,,,,FUERA DE SERVICIO (INT),En diagnostico por CENTRO ATN Y SERV. PUEBLA  DIAGNOSTICADO POR: TFA: MARTINEZ PAUL Tel: 0000226262 - S/E 10/09/26 09:49:14  DIAGNOSTICO: HERRAMIENTAS: REACT-2000,,,,PAUL MARTINEZ CORDOVA,2222299345,,2026-09-10 09:43:06,DOWN,TUA - TULA,HUN0013FOA5 - 7,HGOHHUN01020HUN0013F,ABIERTA,,,VSI,MARIA ISABEL MEDINA MAXIL
,12607751,7617820693,PENDIENTE,MUNICIPIO DE HUICHAPAN,PACHUCA,0,,BASICO,,,,FUERA DE SERVICIO,PEXT PENDIENTE - FAVOR DE ATENDER REPORTE,,,,MARIA LUISA RAMIREZ GARCIA,2222299332,,2026-09-10 09:44:06,DOWN,TUA - TULA,HUN0001FOG6 - 8,HGOHHUN01029HUN0001F,ABIERTA,,,VSI,PUEBLA OPERADORA TRANS
,12607757,2291553300,PENDIENTE,ALUMINIO Y VIDRIO DE VER SA CV,VERACRUZ,0,,BASICO,AVE CUAUHTEMOC 3285 COL. CENTRO VERACRUZ VE 54275 ENTRE HERNAN CORTES,VERACRUZ,,FUERA DE SERVICIO,En diagnostico por CENTRO ATN Y SERV. PUEBLA  DIAGNOSTICADO POR: TFA: RUIZ LUIS ENRIQUE Tel: 0123456789 - S/E 10/09/26 10:18:55  DIAGNOSTICO: S/S  HERRAMIENTAS: REACT-2000,,,,LUIS ENRIQUE RUIZ PEREZ,2222299334,,2026-09-10 09:45:06,DOWN,LER - CT LERDO,LER0071FOA5 - 8,VERHLER01060LER0071F,ABIERTA,,,VSI,MARIA ISABEL MEDINA MAXIL
,12607758,2383820374,VALIDAR,SECRETARIA DE EDUC PUB SICOM,TLAXCALA,0,,BASICO,,,TEH-CT TEHUACAN,FUERA DE SERVICIO,En diagnostico por CENTRO ATN Y SERV. PUEBLA  DIAGNOSTICADO POR: TFA: SERRANO LUIS ALBERTO Tel: 0000026285 - S/E 10/09/26 10:35:49  DIAGNOSTICO: INTERMITENCIA  HERRAMIENTAS: NO SE APLICO HER,,,,LUIS ALBERTO SERRANO CAMARILLO,2222299350,,2026-09-10 09:46:06,UP,TEH - CT TEHUACAN,TEH0008FOA2 - 8,PUEHINE02128TEH0008F,ABIERTA,,,VSI,PUEBLA OPERADORA TRANS
,12607783,7757703027,PENDIENTE,MUNICIPIO DE CUAUTEPEC DE HINOJOSA,PACHUCA,0,,BASICO,,,,FUERA DE SERVICIO (INT),,,,,ROXANNE LIZETTE HERNANDEZ UITZIL,---,,2026-09-10 09:51:06,DOWN,TUL - TULANCINGO,CTE0002FOA7 - 1,HGOACTE01010CTE0002F,CERRADA,,,VSI,KAREN HEIDI GARCIA RUBIO
,12607787,7617248073,PENDIENTE,INSTITUTO HIDALGUENSE DE EDUCACION,PACHUCA,0,,BASICO,,,,FUERA DE SERVICIO,PEXT PENDIENTE - FAVOR DE ATENDER REPORTE,,,,MARIA LUISA RAMIREZ GARCIA,2222299332,,2026-09-10 09:54:06,DOWN,TUA - TULA,,,ABIERTA,,,Red de Cobre,PUEBLA OPERADORA TRANS
,12607790,2949420269,VALIDAR,PISOS AZULEJOS Y SANITARIOS DEL GOLFO S.A. DE C.V.,VERACRUZ,0,,BASICO,,,,FUERA DE SERVICIO,En diagnostico por CENTRO ATN Y SERV. PUEBLA  DIAGNOSTICADO POR: TFA: RUIZ LUIS ENRIQUE Tel: 0123456789 - S/E 10/09/26 10:22:41  DIAGNOSTICO: S/S  HERRAMIENTAS: REACT-2000,,,,LUIS ENRIQUE RUIZ PEREZ,2222299334,,2026-09-10 09:55:06,UP,SAX - SAN ANDRES TUXTLA,SAX0011FOF6 - 8,VERASAX01056SAX0011F,ABIERTA,,,VSI,ELIZABETH HERNANDEZ CASTRO
,12607795,C02-2210-0016,,IFUSAL,PACHUCA,0,PARQUENDUSTRIAL TULA,ENLACES,Ctra TULA JOROBAS KM 24 5 S/N BARR TLAMACO C.P 42970,ATITALAQUIA,,FUERA DE SERVICIO,En diagnostico por CENTRO ATN Y SERV. PUEBLA  DIAGNOSTICADO POR: TFA: VIDAL DANIEL CHRISTIAN Tel: 0000026259 - S/E 10/09/26 10:13:02  DIAGNOSTICO: HERRAMIENTAS: REACT-2000,,,,DANIEL CHRISTIAN VIDAL LOZADA,2222299342,,2026-09-10 09:54:06,,,,,,,,,PUEBLA OPERADORA TRANS
,12607796,9212153403,PENDIENTE,FARMACIAS DE SIMILARES S.A. DE,COATZACOALCOS,0,,BASICO,CLL JOHN SPARK 1301 - 4 COL. PLAYAS DEL SOL COATZACOALCOS VE 95264,VERACRUZ,,FUERA DE SERVICIO,En diagnostico por CENTRO ATN Y SERV. PUEBLA  DIAGNOSTICADO POR: TFA: SERRANO LUIS ALBERTO Tel: 0000026285 - S/E 10/09/26 10:40:19  DIAGNOSTICO: SIN SERVICIO  HERRAMIENTAS: NO SE APLICO HER,,,,LUIS ALBERTO SERRANO CAMARILLO,2222299350,,2026-09-10 09:56:06,DOWN,COZ - CT COATZACOALCOS,PTR0120FOB4 - 2,VERHPTR01069PTR0120F,ABIERTA,,,VSI,PUEBLA OPERADORA TRANS
,12607802,7644890490,PENDIENTE,UNINET,TLAXCALA,0,,BASICO,AVE PLAZA DE LA CONSTITUCION NORTE 115 SUBNUMERO EDIF COL. CENTRO XICOTEPEC DE JUAREZPU C.P. 73080 ENTRE HIDALGO y OFELI,,,DATOS,En diagnostico por CENTRO ATN Y SERV. PUEBLA  DIAGNOSTICADO POR: TFA: FLORES PILAR FELICIA Tel: 2222222222 - S/E 10/09/26 10:05:58  DIAGNOSTICO: HERRAMIENTAS: NO SE APLICO HER,,,,PILAR FELICIA FLORES GONZALEZ,2222299312,,2026-09-10 09:57:06,DOWN,HCH - CT HUAUCHINANGO,XPC0004FOD7 - 1,PUEHXPC01029XPC0004F,CERRADA,,,Infinitum Puro,PUEBLA OPERADORA TRANS
,12607807,CB2-1802-0062,,CONCESIONARIA AUTOPISTA CARDEL - POZA RICA,POZA RICA,0,PAPANTLA,ENLACES,Aut TOTOMOXTLE KM 185+300 S/N COL PAPANTLA CENTRO C.P 93400,PAPANTLA DE OLARTE,,FUERA DE SERVICIO,En diagnostico por CENTRO ATN Y SERV. PUEBLA  DIAGNOSTICADO POR: TFA: GUTIERREZ JUAN CARLOS Tel: 2222299355 - 26272 10/09/26 10:16:56  DIAGNOSTICO: HERRAMIENTAS: NO SE APLICO HER,,,,JUAN CARLOS GUTIERREZ DIAZ,2222299355,10.12.144.135,2026-09-10 09:56:06,,,,,,,,,PUEBLA OPERADORA TRANS
,12607826,7666880004,VALIDAR,UNINET COMISION FEDERAL DE ELECT SA DE CV,POZA RICA,0,,IDN,,,,FUERA DE SERVICIO,En diagnostico por CENTRO ATN Y SERV. PUEBLA  DIAGNOSTICADO POR: TFA: MARTINEZ PAUL Tel: 0000226262 - S/E 10/09/26 10:07:57  DIAGNOSTICO: HERRAMIENTAS: REACT-2000,,,,PAUL MARTINEZ CORDOVA,2222299345,,2026-09-10 10:00:06,UP,POZ - POZA RICA,GZA0019FOA1 - 2,VERAGZA01002GZA0019F,CERRADA,,,GPON EMPRESARIAL,PUEBLA OPERADORA TRANS
,12607875,2888827094,PENDIENTE,TIENDAS LORES,VERACRUZ,0,,BASICO,,,,FUERA DE SERVICIO,PEXT PENDIENTE - FAVOR DE ATENDER REPORTE,,,,MARIA LUISA RAMIREZ GARCIA,2222299332,,2026-09-10 10:11:06,DOWN,COS - CT COSAMALOAPAN,ACS0007FOC8 - 1,VERHCOS01048ACS0007F,ABIERTA,,,VSI,JUDITH DIAZ LOZANO
,12607880,2878710757,VALIDAR,COMERCIALIZADORA FARMACEUTICA,CORDOBA,0,,BASICO,BLV BENITO JUAREZ 680 COL. LA PIRAGUA SAN JUAN BAUTISTA TUXTEPEC OA 68310 ENTRE 5 DE MAYO Y 20 D,OAXACA,TTP - TUXTEPEC,DATOS,En diagnostico por CENTRO ATN Y SERV. CAFETALES  DIAGNOSTICADO POR: RMA: MARQUEZ MARIANA Tel: 2115760000 - S/E 10/09/26 10:37:36  DIAGNOSTICO: DATOS/ NO ACCESA A INTERNET/  HERRAMIENTAS: NO SE APLICO HER,,,,LUIS ENRIQUE RUIZ PEREZ,2222299334,,2026-09-10 10:12:06,UP,TTP - TUXTEPEC,TTP0027FOC1 - 8,OAXATTP01175TTP0027F,ABIERTA,,,VSI,ALFONSO CRUZ ESCOBAR
,12607881,7717103293,PENDIENTE,TYPHOON SPORTS COALITION S.A.P,PACHUCA,0,,BASICO,,,,FUERA DE SERVICIO,En diagnostico por CENTRO ATN Y SERV. PUEBLA  DIAGNOSTICADO POR: TFA: SERRANO LUIS ALBERTO Tel: 0000026285 - S/E 10/09/26 10:42:55  DIAGNOSTICO: SIN SERVICIO  HERRAMIENTAS: NO SE APLICO HER,,,,LUIS ALBERTO SERRANO CAMARILLO,2222299350,,2026-09-10 10:13:06,DOWN,PAH - PACHOACAN,AYT0008FOC5 - 1,HGOAREV04253AYT0008F,ABIERTA,,,VSI,GABRIELA ENCINAS CASTRO
,12607890,2717511189,VALIDAR,TIENDAS LORES SA DE CV,CORDOBA,0,,BASICO,,,,FUERA DE SERVICIO,En diagnostico por CENTRO ATN Y SERV. PUEBLA  DIAGNOSTICADO POR: TFA: RUIZ LUIS ENRIQUE Tel: 0123456789 - S/E 10/09/26 10:24:28  DIAGNOSTICO: S/S  HERRAMIENTAS: REACT-2000,,,,LUIS ENRIQUE RUIZ PEREZ,2222299334,,2026-09-10 10:13:06,UP,DCA - CT DOS CAMINOS,AMN0011FOB2 - 2,VERACOB02060AMN0011F,ABIERTA,,,VSI,JUDITH DIAZ LOZANO
,12607906,7617822153,PENDIENTE,KENWORTH DEL SUR,PACHUCA,0,,BASICO,,,,FUERA DE SERVICIO (INT),En diagnostico por CENTRO ATN Y SERV. CAFETALES  DIAGNOSTICADO POR: TFA: MARQUEZ MARIANA Tel: 2115760000 - S/E 10/09/26 10:40:54  DIAGNOSTICO: 7617822153  HERRAMIENTAS: NO SE APLICO HER,,,,LUIS ALBERTO SERRANO CAMARILLO,2222299350,,2026-09-10 10:22:06,DOWN,TUA - TULA,HUN0005FOA3 - 1,HGOHHUN01026HUN0005F,,,,VSI,GERARDO SALVADOR NAVARRO VAZQUEZ
,12607907,2416885247,VALIDAR,TELMEX,TLAXCALA,0,,BASICO,,,,DATOS,En diagnostico por CENTRO ATN Y SERV. PUEBLA  DIAGNOSTICADO POR: TFA: FLORES PILAR FELICIA Tel: 2222222222 - S/E 10/09/26 10:45:50  DIAGNOSTICO: HERRAMIENTAS: NO SE APLICO HER,,,,PILAR FELICIA FLORES GONZALEZ,2222299312,,2026-09-10 10:17:06,UP,API - CT APIZACO,API0014FOA5 - 7,TLAHAPI02163API0014F,CERRADA,,,Infinitum Puro,PUEBLA OPERADORA TRANS
,12607912,2222824638,VALIDAR,USET-JARDIN DE NIÑOS OVID IO DECROLY,PUEBLA,0,,BASICO,,,,FUERA DE SERVICIO,En diagnostico por CENTRO ATN Y SERV. PUEBLA  DIAGNOSTICADO POR: TFA: MARTINEZ PAUL Tel: 0000226262 - S/E 10/09/26 10:26:46  DIAGNOSTICO: HERRAMIENTAS: REACT-2000,,,,PAUL MARTINEZ CORDOVA,2222299345,,2026-09-10 10:20:06,UP,ZAR - IGNACIO ZARAGOZA,VGR0017FOB8 - 4,PUEHFUR05213VGR0017F,ABIERTA,,,VSI,ELIZABETH HERNANDEZ CASTRO
,12607914,2222822929,VALIDAR,CAPILLA PIEDRASBEATRIZ AYME,PUEBLA,0,,BASICO,,,,DATOS,,,,,JUAN CARLOS RAGOITIA VEGA,---,,2026-09-10 10:22:06,UP,ZAR - IGNACIO ZARAGOZA,VGR0004FOF6 - 6,PUEHFUR06211VGR0004F,CERRADA,,,VSI,CARLOS JAIR EUAN GARRIDO
,12607918,2299221341,PENDIENTE,NOREVO MEXICO,VERACRUZ,0,,BASICO,,,,FUERA DE SERVICIO,En diagnostico por CENTRO ATN Y SERV. PUEBLA  DIAGNOSTICADO POR: TFA: RUIZ LUIS ENRIQUE Tel: 0123456789 - S/E 10/09/26 10:41:27  DIAGNOSTICO: S/S  HERRAMIENTAS: REACT-2000,,,,LUIS ENRIQUE RUIZ PEREZ,2222299334,,2026-09-10 10:27:06,DOWN,MOA - MOCAMBO,FRM0042FOA7 - 4,VERHFRM01045FRM0042F,ABIERTA,,,VSI,ADRIANA LEON GONZALEZ
,12607921,2288168579,VALIDAR,CTO SUPERIOR DE EDUCACION TURISTICA Y GASTRONOMICA S.C.,JALAPA,0,,BASICO,,,,FUERA DE SERVICIO,PEXT PENDIENTE - FAVOR DE ATENDER REPORTE,,,,MARIA LUISA RAMIREZ GARCIA,2222299332,,2026-09-10 10:20:06,UP,SBR - SAN BRUNO,BRN0003FOA1 - 6,VERAJAL09196BRN0003F,ABIERTA,,,VSI,MARIA ISABEL MEDINA MAXIL
,12607948,2222811555,PENDIENTE,DARANJO MEXICO SA DE CV,PUEBLA,0,,BASICO,,,,FUERA DE SERVICIO (INT),En diagnostico por CENTRO ATN Y SERV. PUEBLA  DIAGNOSTICADO POR: TFA: SERRANO LUIS ALBERTO Tel: 0000026285 - S/E 10/09/26 10:45:23  DIAGNOSTICO: SIN SERVICIO  HERRAMIENTAS: NO SE APLICO HER,,,,LUIS ALBERTO SERRANO CAMARILLO,2222299350,,2026-09-10 10:27:06,DOWN,SNP - SAN PEDRO,PZA0002FOD8 - 6,TLAHPZA01059PZA0002F,ABIERTA,,,VSI,PUEBLA OPERADORA TRANS
,12607951,C01-2309-0232,VALIDAR,LAS CERVEZAS MODELO DEL NORESTE,POZA RICA,0,POZA RICA,ENLACES,Clle VENUSTIANO CARRANZA S/N S/N COL PAPANTLA CENTRO C.P 93400,PAPANTLA DE OLARTE,,FUERA DE SERVICIO,En diagnostico por CENTRO ATN Y SERV. PUEBLA  DIAGNOSTICADO POR: RMA: MARTINEZ CRISTINA Tel: 2222299304 - S/E 10/09/26 10:44:53  DIAGNOSTICO: f/s  HERRAMIENTAS: NO SE APLICO HER,,,,CRISTINA MARTINEZ SOLIS,2222299304,,2026-09-10 10:25:06,UP,,,,,,,,PUEBLA OPERADORA TRANS
,12607953,TKS-0903-0452,,ZAGIS,PACHUCA,0,TEPEJI DEL RIO,ENLACES,Ctra ANTIGUA CARRETERA MEXICO CUAUTITLAN KM 70 74 ED A RRIA SAN MATEO SEGUNDA SECCION C.P 42853,TEPEJI DE OCAMPO (TEPEJI DEL R,,FUERA DE SERVICIO,En diagnostico por CENTRO ATN Y SERV. PUEBLA  DIAGNOSTICADO POR: TFA: HERNANDEZ JUAN CARLOS Tel: 2222226258 - S/E 10/09/26 10:39:40  DIAGNOSTICO: A  HERRAMIENTAS: REACT-2000,,,,JUAN CARLOS HERNANDEZ MUNOZ,2222299341,,2026-09-10 10:26:06,,,,,,,,,PUEBLA OPERADORA TRANS
,12607966,2221954946,VALIDAR,GRUAS FAMRO PUEBLA,PUEBLA,0,,BASICO,,,,DATOS,En diagnostico por CENTRO ATN Y SERV. PUEBLA  DIAGNOSTICADO POR: TFA: FLORES PILAR FELICIA Tel: 2222222222 - S/E 10/09/26 10:56:56  DIAGNOSTICO: HERRAMIENTAS: NO SE APLICO HER,,,,PILAR FELICIA FLORES GONZALEZ,2222299312,,2026-09-10 10:28:06,UP,SNP - SAN PEDRO,OPN0003FOD1 - 2,PUEALPA06073OPN0003F,ABIERTA,,,VSI,PUEBLA OPERADORA TRANS
,12607967,7848425672,VALIDAR,FINANCIERA MEXICANA PARA EL DE,POZA RICA,0,,BASICO,CLL PINO SUAREZ 212 COL. PAPANTLA PAPANTLA DE OLARTE VE C.P. 93400,VERACRUZ,POZ-POZA RICA,FUERA DE SERVICIO,En diagnostico por CENTRO ATN Y SERV. PUEBLA  DIAGNOSTICADO POR: TFA: MARTINEZ PAUL Tel: 0000226262 - S/E 10/09/26 10:35:26  DIAGNOSTICO: HERRAMIENTAS: REACT-2000,,,,PAUL MARTINEZ CORDOVA,2222299345,,2026-09-10 10:29:06,UP,POZ - POZA RICA,PAP0003FOC5 - 4,VERHPAP02002PAP0003F,CERRADA,,,VSI,ADRIANA LEON GONZALEZ
,12607970,7468812228,PENDIENTE,MUNICIPIO DE VENUSTIANO CARRANZA PUEBLA,POZA RICA,0,,BASICO,,,,FUERA DE SERVICIO,PEXT PENDIENTE - FAVOR DE ATENDER REPORTE,,,,MARIA LUISA RAMIREZ GARCIA,2222299332,,2026-09-10 10:34:06,DOWN,POZ - POZA RICA,VRN1001FOD6 - 1,PUEAESD01021VRN1001F,ABIERTA,,,VSI,ELIZABETH HERNANDEZ CASTRO
,12607993,C25-2201-0016,VALIDAR,DOWELL SCHLUMBERGER DE MEXICO,VERACRUZ,0,FRAMBOYANES,ENLACES,Clle ACACIAS 214 NA ZIND BRUNO PAGLIAI C.P 91697,VERACRUZ,,FUERA DE SERVICIO (INT),En diagnostico por CENTRO ATN Y SERV. PUEBLA  DIAGNOSTICADO POR: TFA: GUTIERREZ JUAN CARLOS Tel: 2222299355 - 26272 10/09/26 10:58:20  DIAGNOSTICO: HERRAMIENTAS: NO SE APLICO HER,,,,JUAN CARLOS GUTIERREZ DIAZ,2222299355,,2026-09-10 10:33:06,UP,,,,,,,,PUEBLA OPERADORA TRANS
,12608020,A01-1006-0661,PENDIENTE,"BBVA MEXICO, S.A., INSTITUCION DE BANCA MULTIPLE, GRUPO FINA",COATZACOALCOS,0,COSOLEACAQUE,ENLACES,Ctra COSTERA DEL GOLFO 39 400 S/N EJDO LA OAXAQUEÑA C.P 96344,COSOLEACAQUE,,FUERA DE SERVICIO,En diagnostico por CENTRO ATN Y SERV. PUEBLA  DIAGNOSTICADO POR: TFA: HERNANDEZ JUAN CARLOS Tel: 2222226258 - S/E 10/09/26 11:04:50  DIAGNOSTICO: A  HERRAMIENTAS: REACT-2000,,,,JUAN CARLOS HERNANDEZ MUNOZ,2222299341,,2026-09-10 10:41:06,DOWN,,,,,,,,PUEBLA OPERADORA TRANS
,12608022,7617822804,PENDIENTE,PRESTA DINERO SA DE CV,PACHUCA,0,,BASICO,,,,FUERA DE SERVICIO,En diagnostico por CENTRO ATN Y SERV. PUEBLA  DIAGNOSTICADO POR: TFA: FLORES PILAR FELICIA Tel: 2222222222 - S/E 10/09/26 11:01:36  DIAGNOSTICO: MASIVO  HERRAMIENTAS: NO SE APLICO HER,,,,PILAR FELICIA FLORES GONZALEZ,2222299312,,2026-09-10 10:46:06,DOWN,TUA - TULA,HUN0001FOB6 - 4,HGOHHUN01002HUN0001F,CERRADA,,,VSI,ELIZABETH HERNANDEZ CASTRO
,12608024,C02-2303-0191,PENDIENTE,INSTITUTO NACIONAL ELECTORAL,TLAXCALA,0,SANTA ANA CHIAUTEMPAN,ENLACES,Ctra A OCOTLAN SANTA ANA KM 2.5 PB PBLO OCOTLAN C.P 90100,TLAXCALA DE XICOHTENCATL (C),,FUERA DE SERVICIO,En diagnostico por CENTRO ATN Y SERV. PUEBLA  DIAGNOSTICADO POR: TFA: VIDAL DANIEL CHRISTIAN Tel: 0000026259 - S/E 10/09/26 10:53:07  DIAGNOSTICO: HERRAMIENTAS: REACT-2000,,,,DANIEL CHRISTIAN VIDAL LOZADA,2222299342,,2026-09-10 10:42:06,DOWN,,,,,,,,PUEBLA OPERADORA TRANS
,12608032,TKS-2008-0058,,CONCESIONES INTEGRALES,PUEBLA,0,CHOLULA,ENLACES,AER A LA CARCAÑA 2404 FRAC EX-HACIENDA DE SANTA TERESA C.P 72813,SAN ANDRES CHOLULA,,FUERA DE SERVICIO,En diagnostico por CENTRO ATN Y SERV. PUEBLA  DIAGNOSTICADO POR: TFA: VIDAL CECILIA Tel: 2222222222 - S/E 10/09/26 10:49:07  DIAGNOSTICO: FS  HERRAMIENTAS: NO SE APLICO HER,,,,CECILIA VIDAL LOZADA,2222299339,,2026-09-10 10:44:06,,,,,,,,,PUEBLA OPERADORA TRANS
,12608039,7848421994,VALIDAR,CRYSTAL EJECUTIVO,POZA RICA,0,,BASICO,PRV ANTONIO CHEDRAUI CARAM S N COL ENCINAL JALAPA VER JALAPA CP:81180,VE,,DATOS,En diagnostico por CENTRO ATN Y SERV. CAFETALES  DIAGNOSTICADO POR: RMA: MARQUEZ MARIANA Tel: 2115760000 - S/E 10/09/26 11:03:25  DIAGNOSTICO: DATOS/ NO ACCESA A INTERNET/  HERRAMIENTAS: NO SE APLICO HER,,,,LUIS ALBERTO SERRANO CAMARILLO,2222299350,,2026-09-10 10:46:06,UP,POZ - POZA RICA,PAP0001FOE8 - 8,VERHPAP02035PAP0001F,CERRADA,,,VSI,MARTHA CHAVARRIA MARTINEZ
,12608047,7979734034,VALIDAR,ERNESTO MARTINEZ PEREZ BA,TLAXCALA,0,,BASICO,,,,VOZ,PEXT PENDIENTE - FAVOR DE ATENDER REPORTE,,,,MARIA LUISA RAMIREZ GARCIA,2222299332,,2026-09-10 10:50:06,UP,HCH - CT HUAUCHINANGO,ZIJ0001FOF5 - 7,PUEHZTN01027ZIJ0001F,ABIERTA,,,VSI,GABRIELA ENCINAS CASTRO
,12608049,2299554047,PENDIENTE,RESTAURANTES POLLO LE?ERO DEL GOLFO,VERACRUZ,0,,BASICO,,,,DATOS,En diagnostico por CENTRO ATN Y SERV. PUEBLA  DIAGNOSTICADO POR: TFA: MARTINEZ PAUL Tel: 0000226262 - S/E 10/09/26 10:55:04  DIAGNOSTICO: HERRAMIENTAS: REACT-2000,,,,PAUL MARTINEZ CORDOVA,2222299345,,2026-09-10 10:48:06,DOWN,MOA - MOCAMBO,PYV0003FOA1 - 2,VERHBRO04032PYV0003F,,,,VSI,JUDITH DIAZ LOZANO
,12608052,7848422305,VALIDAR,OPERADORA DE NEGOCIOS CRUCERO,POZA RICA,0,,BASICO,CLL JUAN DE LA LUZ ENRIQUEZ 0 SUBNUMERO EDIF COL. CENTRO Manzana: ... PAPANTLA DE OLARTEVE C.P. 93400 ENTRE QUINTANA ROO,,,FUERA DE SERVICIO,En diagnostico por CENTRO ATN Y SERV. CAFETALES  DIAGNOSTICADO POR: TFA: MARQUEZ MARIANA Tel: 2115760000 - S/E 10/09/26 11:07:25  DIAGNOSTICO: FUERA DE SERVICIO/ SIN SERVICIO/  HERRAMIENTAS: NO SE APLICO HER,,,,PAUL MARTINEZ CORDOVA,2222299345,,2026-09-10 10:48:06,UP,POZ - POZA RICA,PAP0001FOE8 - 2,VERHPAP02035PAP0001F,CERRADA,,,VSI,MARTHA CHAVARRIA MARTINEZ
,12608053,2299550212,PENDIENTE,TIENDAS CHEDRAUI,VERACRUZ,0,,BASICO,,,,FUERA DE SERVICIO,PEXT PENDIENTE - FAVOR DE ATENDER REPORTE,,,,MARIA LUISA RAMIREZ GARCIA,2222299332,,2026-09-10 10:49:06,DOWN,ALT - CT MANLIO FABIO ALTAMIRANO,DOB0094FOB4 - 3,VERHLER05073DOB0094F,ABIERTA,,,VSI,SERGIO BRUNO SEGUIN GONZALEZ
,12608078,7617820398,PENDIENTE,EZPAWN MANAGEMENT MEXICO,PACHUCA,0,,BASICO,,,,FUERA DE SERVICIO,En diagnostico por CENTRO ATN Y SERV. PUEBLA  DIAGNOSTICADO POR: TFA: RUIZ LUIS ENRIQUE Tel: 0123456789 - S/E 10/09/26 11:22:19  DIAGNOSTICO: S/S  HERRAMIENTAS: REACT-2000,,,,CLAUDIA CASTRO SANCHEZ,2222299352,,2026-09-10 10:53:06,DOWN,TUA - TULA,HUN0001FOB6 - 8,HGOHHUN01002HUN0001F,CERRADA,,,VSI,ELIZABETH HERNANDEZ CASTRO
,12608087,7848422526,PENDIENTE,OPERADORA DE NEGOCIOS CRUCERO S.A. DE C.V.,POZA RICA,0,,BASICO,,,,DATOS,En diagnostico por CENTRO ATN Y SERV. CAFETALES  DIAGNOSTICADO POR: TFA: MARQUEZ MARIANA Tel: 2115760000 - S/E 10/09/26 11:09:29  DIAGNOSTICO: DATOS/ NO ACCESA A INTERNET/  HERRAMIENTAS: NO SE APLICO HER,,,,LUIS ALBERTO SERRANO CAMARILLO,2222299350,,2026-09-10 10:52:06,DOWN,POZ - POZA RICA,PAP0001FOE8 - 1,VERHPAP02035PAP0001F,CERRADA,,,VSI,MARTHA CHAVARRIA MARTINEZ
,12608093,7836882735,PENDIENTE,TIENDAS TRES B,POZA RICA,0,,BASICO,,,,FUERA DE SERVICIO,En diagnostico por CENTRO ATN Y SERV. PUEBLA  DIAGNOSTICADO POR: TFA: SERRANO LUIS ALBERTO Tel: 0000026285 - S/E 10/09/26 11:30:20  DIAGNOSTICO: SIN SERVICIO  HERRAMIENTAS: NO SE APLICO HER,,,,LUIS ALBERTO SERRANO CAMARILLO,2222299350,,2026-09-10 10:54:06,DOWN,TPN - CT TUXPAN,TPN2000FOA8 - 2,VERHTPN01010TPN2000F,,,,Infinitum Puro,JUDITH DIAZ LOZANO
,12608109,7848426028,VALIDAR,TIENDAS CHEDRAUI,POZA RICA,0,,BASICO,,,,FUERA DE SERVICIO,PEXT PENDIENTE - FAVOR DE ATENDER REPORTE,,,,MARIA LUISA RAMIREZ GARCIA,2222299332,,2026-09-10 10:56:06,UP,POZ - POZA RICA,PAP0001FOC3 - 2,VERHPAP01041PAP0001F,,,,VSI,MARTHA CHAVARRIA MARTINEZ
,12608115,2464623947,PENDIENTE,TIENDAS TRES B S A DE C V,TLAXCALA,0,,BASICO,,,,FUERA DE SERVICIO (INT),En diagnostico por CENTRO ATN Y SERV. PUEBLA  DIAGNOSTICADO POR: TFA: FLORES PILAR FELICIA Tel: 2222222222 - S/E 10/09/26 11:05:35  DIAGNOSTICO: SIN SINCRONIA  HERRAMIENTAS: NO SE APLICO HER,,,,PILAR FELICIA FLORES GONZALEZ,2222299312,,2026-09-10 10:56:06,DOWN,TLX - CT TLAXCALA,TLX0005FOA7 - 2,TLAHTLX02115TLX0005F,,,,Infinitum Puro,MARIA ISABEL MEDINA MAXIL
,12608119,7848420662,VALIDAR,TIENDAS CHEDRAUI S.A. DE C.V.,POZA RICA,0,,BASICO,CALLE JUAN DE LA LUZ ENRIQUEZ NUMERO 101- C ENTRE BENITO JUAREZ Y 20 DE NOVIEMBRE COLONIA CENTRO,,,FUERA DE SERVICIO,En diagnostico por CENTRO ATN Y SERV. CAFETALES  DIAGNOSTICADO POR: TFA: MARQUEZ MARIANA Tel: 2115760000 - S/E 10/09/26 11:15:02  DIAGNOSTICO: FUERA DE SERVICIO/ SIN SERVICIO/  HERRAMIENTAS: NO SE APLICO HER,,,,LUIS ENRIQUE RUIZ PEREZ,2222299334,,2026-09-10 10:57:06,UP,POZ - POZA RICA,PAP0001FOE6 - 2,VERHPAP02035PAP0001F,,,,VSI,MARTHA CHAVARRIA MARTINEZ
,12608122,2791013052,VALIDAR,ABARROTES FASTI,JALAPA,0,,BASICO,,,,DATOS,En diagnostico por CENTRO ATN Y SERV. PUEBLA  DIAGNOSTICADO POR: TFA: MARTINEZ PAUL Tel: 0000226262 - S/E 10/09/26 11:18:35  DIAGNOSTICO: HERRAMIENTAS: REACT-2000,,,,PAUL MARTINEZ CORDOVA,2222299345,,2026-09-10 11:00:06,UP,SBR - SAN BRUNO,NLI0004FOJ4 - 1,VERANLI01020NLI0004F,,,,VSI,JUDITH DIAZ LOZANO
,12608123,2291002491,VALIDAR,SANTANDER BANCO,VERACRUZ,0,,BASICO,,,,DATOS,En diagnostico por CENTRO ATN Y SERV. CAFETALES  DIAGNOSTICADO POR: RMA: MARQUEZ MARIANA Tel: 2115760000 - S/E 10/09/26 11:15:53  DIAGNOSTICO: DATOS/ NO ACCESA A INTERNET/  HERRAMIENTAS: NO SE APLICO HER,,,,LUIS ALBERTO SERRANO CAMARILLO,2222299350,,2026-09-10 10:58:06,UP,ALT - CT MANLIO FABIO ALTAMIRANO,VIL0057FOA1 - 8,VERHMOA08073VIL0057F,,,,VSI,XOCHITL POMPA MONCADA
,12608137,7617822792,PENDIENTE,EZPAWN MANAGEMENT MEXICO S DE RL DE CV*,PACHUCA,0,,BASICO,,,,FUERA DE SERVICIO,Posible da¦o masivo en el distrito HUN0001FO,,,,MARIA LUISA RAMIREZ GARCIA,2222299332,,2026-09-10 11:00:06,DOWN,TUA - TULA,HUN0001FOB6 - 3,HGOHHUN01002HUN0001F,,,,VSI,ELIZABETH HERNANDEZ CASTRO
,12608150,9216884881,PENDIENTE,HARINERA DE VERACRUZ,COATZACOALCOS,0,,BASICO,,,,FUERA DE SERVICIO (INT),En diagnostico por CENTRO ATN Y SERV. PUEBLA  DIAGNOSTICADO POR: TFA: RUIZ LUIS ENRIQUE Tel: 0123456789 - S/E 10/09/26 11:27:57  DIAGNOSTICO: S/S  HERRAMIENTAS: REACT-2000,,,,LUIS ENRIQUE RUIZ PEREZ,2222299334,,2026-09-10 11:02:06,DOWN,COZ - CT COATZACOALCOS,GVA0050FOA8 - 6,VERHGVA01000GVA0050F,,,,VSI,MARIA ISABEL MEDINA MAXIL
,12608163,7848425739,VALIDAR,FUNDACIÓN RAFAEL DONDÉ I A P,POZA RICA,0,,BASICO,CLL 16 DE SEPTIEMBRE 301 TIENDA 497 SUBNUMERO 3 COL. CENTRO PAPANTLA DE OLARTE VE C.P. 54275,VERACRUZ,,FUERA DE SERVICIO,En diagnostico por CENTRO ATN Y SERV. PUEBLA  DIAGNOSTICADO POR: TFA: FLORES PILAR FELICIA Tel: 2222222222 - S/E 10/09/26 11:10:04  DIAGNOSTICO: SIN EDO OPE  HERRAMIENTAS: NO SE APLICO HER,,,,PILAR FELICIA FLORES GONZALEZ,2222299312,,2026-09-10 11:05:06,UP,POZ - POZA RICA,PAP0010FOC3 - 4,VERHPAP01018PAP0010F,,,,VSI,PUEBLA OPERADORA TRANS
,12608166,7714894604,PENDIENTE,GOB DEL EDO DE HGO FUERZAS BAS,PACHUCA,0,,IDN,,,,FUERA DE SERVICIO,SE COMPARTE CON LA ENTIDAD DE CASE PUEBLA,,,,PAUL MARTINEZ CORDOVA,2222299345,,2026-09-10 11:07:06,DOWN,PAH - PACHOACAN,PAH0010E1 - 7,HGO-PACHOACAN-14,,,,GPON EMPRESARIAL,RICARDO RUIZ MELO
,12608169,TKS-1009-0001,,INMUEBLES DEL GOLFO,COATZACOALCOS,0,RIO,ENLACES,Ctra TRANSISTMICA KM 711 S/N COL NUEVA MINA C.P 96760,MINATITLAN,,CORTES,,,,,ALFONSO VIVAS CHAVEZ,---,,2026-09-10 11:10:06,,,,,,,,,GUADALAJARA OPERADORA TRANS
,12608190,7617821800,PENDIENTE,BRADESCARD MEXICO S DE RL,PACHUCA,0,,BASICO,,,,DATOS,En diagnostico por CENTRO ATN Y SERV. PUEBLA  DIAGNOSTICADO POR: TFA: RUIZ LUIS ENRIQUE Tel: 0123456789 - S/E 10/09/26 11:24:25  DIAGNOSTICO: N/N  HERRAMIENTAS: REACT-2000,,,,CLAUDIA CASTRO SANCHEZ,2222299352,,2026-09-10 11:09:06,DOWN,TUA - TULA,HUN0010FOC6 - 6,HGOHHUN01010HUN0010F,,,,VSI,GABRIELA ENCINAS CASTRO
,12608192,2414185238,VALIDAR,SOCIEDAD DE INVERSION,TLAXCALA,0,,BASICO,,,,DATOS,En diagnostico por CENTRO ATN Y SERV. PUEBLA  DIAGNOSTICADO POR: TFA: FLORES PILAR FELICIA Tel: 2222222222 - S/E 10/09/26 11:18:36  DIAGNOSTICO: CORTES  HERRAMIENTAS: NO SE APLICO HER,,,,PILAR FELICIA FLORES GONZALEZ,2222299312,,2026-09-10 11:10:06,UP,API - CT APIZACO,API0069FOD6 - 2,TLAHAPI04059API0069F,,,,INFINITUM SIMETRICO,PUEBLA OPERADORA TRANS
,12608202,2254880216,VALIDAR,GAS MARIA SA DE CV,JALAPA,0,,BASICO,,,,DATOS,En diagnostico por CENTRO ATN Y SERV. PUEBLA  DIAGNOSTICADO POR: TFA: MARTINEZ PAUL Tel: 0000226262 - S/E 10/09/26 11:23:48  DIAGNOSTICO: HERRAMIENTAS: REACT-2000,,,,PAUL MARTINEZ CORDOVA,2222299345,,2026-09-10 11:13:06,UP,CT MARTINEZ DE LA TORRE,LIY0001FOJ7 - 6,VERAMTZ02126LIY0001F,,,,VSI,MARIA MARTINA SILVIA JARAMILLO CORTEZ
,12608251,7617822642,PENDIENTE,FINAGAM SC DE AP DE RL DECV,PACHUCA,0,,BASICO,"CLL NICOLAS ROMERO 8 COL. BARRIO LA CAMPANA HUICHAPA, JALTOCAN HG 42405",HIDALGO,,FUERA DE SERVICIO,En diagnostico por CENTRO ATN Y SERV. PUEBLA  DIAGNOSTICADO POR: TFA: FLORES PILAR FELICIA Tel: 2222222222 - S/E 10/09/26 11:21:55  DIAGNOSTICO: MASIVO  HERRAMIENTAS: NO SE APLICO HER,,,,PILAR FELICIA FLORES GONZALEZ,2222299312,,2026-09-10 11:19:06,DOWN,TUA - TULA,HUN0014FOE4 - 8,HGOHHUN01008HUN0014F,,,,VSI,PUEBLA OPERADORA TRANS
,12608259,2222867196,PENDIENTE,TIENDAS CHEDRAUI S.A. DE C.V.,PUEBLA,0,,BASICO,,,,FUERA DE SERVICIO,En diagnostico por CENTRO ATN Y SERV. CAFETALES  DIAGNOSTICADO POR: TFA: MARQUEZ MARIANA Tel: 2115760000 - S/E 10/09/26 11:52:21  DIAGNOSTICO: FUERA DE SERVICIO/ SIN SERVICIO/  HERRAMIENTAS: NO SE APLICO HER,,,,LUIS ALBERTO SERRANO CAMARILLO,2222299350,,2026-09-10 11:22:06,DOWN,AUC - CT AMALUCAN,SSC0022FOG8 - 4,PUEHAMO02039SSC0022F,,,,VSI,MARTHA CHAVARRIA MARTINEZ
,12608260,7617822664,PENDIENTE,FINAGAM,PACHUCA,0,,BASICO,,,,FUERA DE SERVICIO,En diagnostico por CENTRO ATN Y SERV. PUEBLA  DIAGNOSTICADO POR: TFA: MARTINEZ PAUL Tel: 0000226262 - S/E 10/09/26 11:29:54  DIAGNOSTICO: HERRAMIENTAS: REACT-2000,,,,PAUL MARTINEZ CORDOVA,2222299345,,2026-09-10 11:20:06,DOWN,TUA - TULA,HUN0009G5 - 1,,,,,Red de Cobre,PUEBLA OPERADORA TRANS
,12608266,7617822882,PENDIENTE,FINAGAM,PACHUCA,0,,BASICO,,,,FUERA DE SERVICIO,PEXT PENDIENTE - FAVOR DE ATENDER REPORTE,,,,MARIA LUISA RAMIREZ GARCIA,2222299332,,2026-09-10 11:21:06,DOWN,TUA - TULA,HUN0009G5 - 3,,,,,Red de Cobre,PUEBLA OPERADORA TRANS
,12608271,7617822510,PENDIENTE,ABARROTES CASAVARGAS SA DE CV,PACHUCA,0,,BASICO,,,,FUERA DE SERVICIO (INT),En diagnostico por CENTRO ATN Y SERV. PUEBLA  DIAGNOSTICADO POR: TFA: SERRANO LUIS ALBERTO Tel: 0000026285 - S/E 10/09/26 11:35:27  DIAGNOSTICO: SIN ACCESO A DATOS  HERRAMIENTAS: NO SE APLICO HER,,,,LUIS ALBERTO SERRANO CAMARILLO,2222299350,,2026-09-10 11:23:06,DOWN,TUA - TULA,HUN0001FOE4 - 7,HGOHHUN01024HUN0001F,,,,VSI,MARIA ISABEL MEDINA MAXIL
,12608272,7617822268,PENDIENTE,FINAGAM,PACHUCA,0,,BASICO,,,,FUERA DE SERVICIO,En diagnostico por CENTRO ATN Y SERV. PUEBLA  DIAGNOSTICADO POR: TFA: RUIZ LUIS ENRIQUE Tel: 0123456789 - S/E 10/09/26 11:31:46  DIAGNOSTICO: S/S  HERRAMIENTAS: REACT-2000,,,,LUIS ENRIQUE RUIZ PEREZ,2222299334,,2026-09-10 11:22:06,DOWN,TUA - TULA,HUN0009G5 - 10,,,,,Red de Cobre,PUEBLA OPERADORA TRANS
,12608274,TKS-1809-0034,,GOBIERNO DEL ESTADO DE PUEBLA,PUEBLA,0,LA PAZ,ENLACES,Blvd SAN FELIPE 2600 COL JESUS GONZALEZ ORTEGA C.P 72040,HEROICA PUEBLA DE ZARAGOZA,,CORTES,En diagnostico por CENTRO ATN Y SERV. PUEBLA  DIAGNOSTICADO POR: TFA: MARTINEZ CRISTINA Tel: 2222299304 - S/E 10/09/26 11:38:16  DIAGNOSTICO: cortes  HERRAMIENTAS: NO SE APLICO HER,,,,CRISTINA MARTINEZ SOLIS,2222299304,,2026-09-10 11:25:06,,,,,,,,,MARIA MARTINA SILVIA JARAMILLO CORTEZ
,12608298,2299324284,PENDIENTE,PRONEGOCIOS GASTRONOMICOSSA DE CV,VERACRUZ,0,,BASICO,,,,FUERA DE SERVICIO,PEXT PENDIENTE - FAVOR DE ATENDER REPORTE,,,,MARIA LUISA RAMIREZ GARCIA,2222299332,,2026-09-10 11:31:06,DOWN,ALT - CT MANLIO FABIO ALTAMIRANO,VIL2011FOD5 - 2,VERAMOA07026VIL2011F,,,,VSI,ELIZABETH HERNANDEZ CASTRO
,12608306,7767623601,VALIDAR,SIST DE INFORMACION Y COMUNICA,TLAXCALA,0,,BASICO,,,,FUERA DE SERVICIO (INT),En diagnostico por CENTRO ATN Y SERV. PUEBLA  DIAGNOSTICADO POR: TFA: FLORES PILAR FELICIA Tel: 2222222222 - S/E 10/09/26 11:50:03  DIAGNOSTICO: CORTES  HERRAMIENTAS: NO SE APLICO HER,,,,PILAR FELICIA FLORES GONZALEZ,2222299312,,2026-09-10 11:29:06,UP,HCH - CT HUAUCHINANGO,HCH0037FOA1 - 2,PUEHHCH01022HCH0037F,,,,VSI,MARIA ISABEL MEDINA MAXIL
,12608309,7711070057,VALIDAR,GOBIERNO DEL ESTADO DE HIDALGO,PACHUCA,0,,BASICO,"CLL ARNULFO GOMEZ FARIAS 909 COL. DOCTORES PACHUCA DE SOTO, PACHUCA DE SOTO HG C.P. 75160 ENT",HIDALGO,,VOZ,En diagnostico por CENTRO ATN Y SERV. PUEBLA  DIAGNOSTICADO POR: TFA: MARTINEZ PAUL Tel: 0000226262 - S/E 10/09/26 11:42:45  DIAGNOSTICO: HERRAMIENTAS: REACT-2000,,,,PAUL MARTINEZ CORDOVA,2222299345,,2026-09-10 11:30:06,UP,PAC - PACHUCA,REV0032FOA1 - 5,HGOAREV05006REV0032F,,,,VSI,PUEBLA OPERADORA TRANS
,12608310,9232371545,PENDIENTE,ADMINISTRADORADE TIENDAS VIZI,COATZACOALCOS,0,,BASICO,AVE 20 DE NOVIEMBRE 325 COL. LAS CHOAPAS LAS CHOAPAS VE C.P. 96980 ENTRE FRANCISCO SARABIA Y,VERACRUZ,LCH-CENTRO LCH,FUERA DE SERVICIO (INT),PEXT PENDIENTE - FAVOR DE ATENDER REPORTE,,,,MARIA LUISA RAMIREZ GARCIA,2222299332,,2026-09-10 11:30:06,DOWN,LCH - CENTRO LCH,LCH0005FOA2 - 3,VERALCH01016LCH0005F,,,,VSI,SERGIO BRUNO SEGUIN GONZALEZ
,12608313,7828228637,VALIDAR,AUTO DIVER POZARICA SA DE,POZA RICA,0,,BASICO,,,,VOZ,En diagnostico por CENTRO ATN Y SERV. PUEBLA  DIAGNOSTICADO POR: TFA: SERRANO LUIS ALBERTO Tel: 0000026285 - S/E 10/09/26 12:04:08  DIAGNOSTICO: FALLA VOZ  HERRAMIENTAS: NO SE APLICO HER,,,,LUIS ALBERTO SERRANO CAMARILLO,2222299350,,2026-09-10 11:36:06,UP,POZ - POZA RICA,FLI0009FOE8 - 2,VERHPOZ01023FLI0009F,,,,VSI,MARIA MARTINA SILVIA JARAMILLO CORTEZ
,12608330,7711070486,VALIDAR,COMUNICACIONES HYETTE DE MEXICO,PACHUCA,0,,BASICO,,,,DATOS,En diagnostico por CENTRO ATN Y SERV. PUEBLA  DIAGNOSTICADO POR: TFA: RUIZ LUIS ENRIQUE Tel: 0123456789 - S/E 10/09/26 11:41:50  DIAGNOSTICO: S/C  HERRAMIENTAS: REACT-2000,,,,LUIS ENRIQUE RUIZ PEREZ,2222299334,,2026-09-10 11:33:06,UP,PAC - PACHUCA,REV0042FOB3 - 1,HGOAREV04130REV0042F,,,,Infinitum Puro,JUDITH DIAZ LOZANO
,12608331,2299311803,PENDIENTE,CADENA COMERCIAL OXXO,VERACRUZ,0,,BASICO,"AVE 1o MAYO 1416 COL RICARDO FLORES MAGON MPIO VERACRUZ, VERACRUZ",,,FUERA DE SERVICIO,En diagnostico por CENTRO ATN Y SERV. CAFETALES  DIAGNOSTICADO POR: RMA: MARQUEZ MARIANA Tel: 2115760000 - S/E 10/09/26 12:00:02  DIAGNOSTICO: SIN DATOS  HERRAMIENTAS: NO SE APLICO HER,,,,PILAR FELICIA FLORES GONZALEZ,2222299312,,2026-09-10 11:33:06,DOWN,ALT - CT MANLIO FABIO ALTAMIRANO,DOB0094FOB5 - 3,VERHLER05073DOB0094F,,,,Infinitum Puro,MARTHA CHAVARRIA MARTINEZ
,12608332,2323244708,PENDIENTE,CFE TELECOMUNICACIONES E INTERNET PARA TODOS,JALAPA,0,,BASICO,,,,FUERA DE SERVICIO,En diagnostico por CENTRO ATN Y SERV. CAFETALES  DIAGNOSTICADO POR: TFA: MARQUEZ MARIANA Tel: 2115760000 - S/E 10/09/26 12:00:37  DIAGNOSTICO: FUERA DE SERVICIO/ SIN SERVICIO  HERRAMIENTAS: NO SE APLICO HER,,,,LUIS ENRIQUE RUIZ PEREZ,2222299334,,2026-09-10 11:33:06,DOWN,MTZ - MARTINEZ DE LA TORRE,MTZ0044FOH1 - 7,VERAMTZ01114MTZ0044F,,,,Infinitum Puro,SERGIO BRUNO SEGUIN GONZALEZ
,12608355,7711070486,VALIDAR,COMUNICACIONES HYETTE DE MEXICO,PACHUCA,0,,BASICO,,,,FUERA DE SERVICIO,En diagnostico por CENTRO ATN Y SERV. PUEBLA  DIAGNOSTICADO POR: TFA: FLORES PILAR FELICIA Tel: 2222222222 - S/E 10/09/26 11:57:41  DIAGNOSTICO: HERRAMIENTAS: NO SE APLICO HER,,,,PILAR FELICIA FLORES GONZALEZ,2222299312,,2026-09-10 11:39:06,UP,PAC - PACHUCA,REV0042FOB3 - 1,HGOAREV04130REV0042F,,,,Infinitum Puro,ELIZABETH HERNANDEZ CASTRO
,12608361,2293753018,PENDIENTE,CADENA COMERCIAL OXXO SA DE CV,VERACRUZ,0,,BASICO,CRT VERACRUZ ANTON LIZARDO 0 PLAZA PORTAL CONCHAL SUBNUMERO 2.5 COL. FRACCIONAMIENTO LOMAS RESID,VERACRUZ,,FUERA DE SERVICIO (INT),PEXT PENDIENTE - FAVOR DE ATENDER REPORTE,,,,MARIA LUISA RAMIREZ GARCIA,2222299332,,2026-09-10 11:38:06,DOWN,MOA - MOCAMBO,PYY0016FOA7 - 4,VERHBRO01053PYY0016F,,,,Infinitum Puro,MARTHA CHAVARRIA MARTINEZ
,12608374,7848219226,VALIDAR,MODATELAS,POZA RICA,0,,BASICO,,,,FUERA DE SERVICIO,En diagnostico por CENTRO ATN Y SERV. PUEBLA  DIAGNOSTICADO POR: TFA: MARTINEZ PAUL Tel: 0000226262 - S/E 10/09/26 11:45:22  DIAGNOSTICO: HERRAMIENTAS: REACT-2000,,,,PAUL MARTINEZ CORDOVA,2222299345,,2026-09-10 11:39:06,UP,POZ - POZA RICA,PAP0005FOA1 - 3,VERHPAP01004PAP0005F,,,,VSI,GABRIELA ENCINAS CASTRO
,12608383,2293750428,VALIDAR,CALZADOS ROVIBA,VERACRUZ,0,,BASICO,"AVE LAS AMERICAS, E ZONA F-LOC-1 YLANG YLANG BRO CP: 94298 BOCA DEL RIO, VER. CP:94298",VE,,VOZ,PEXT PENDIENTE - FAVOR DE ATENDER REPORTE,,,,MARIA LUISA RAMIREZ GARCIA,2222299332,,2026-09-10 11:41:06,UP,MOA - MOCAMBO,PYZ1001FOB5 - 8,VERAMOA05050PYZ1001F,,,,VSI,MARIA ISABEL MEDINA MAXIL
,12608402,7787380265,PENDIENTE,SIGMA ALIMENTOSCENTRO S A DE,PACHUCA,0,,BASICO,,,,DATOS,En diagnostico por CENTRO ATN Y SERV. CAFETALES  DIAGNOSTICADO POR: RMA: MARQUEZ MARIANA Tel: 2115760000 - S/E 10/09/26 12:06:14  DIAGNOSTICO: DATOS/ NO ACCESA A INTERNET/  HERRAMIENTAS: NO SE APLICO HER,,,,LUIS ALBERTO SERRANO CAMARILLO,2222299350,,2026-09-10 11:47:06,DOWN,TUA - TULA,ITU0002FOC3 - 1,HGOATUA02081ITU0002F,,,,VSI,ALFONSO CRUZ ESCOBAR
,12608438,7786882101,PENDIENTE,COMISION FEDERAL DE ELECTRICIDAD,PACHUCA,0,,BASICO,,,,FUERA DE SERVICIO,En diagnostico por CENTRO ATN Y SERV. CAFETALES  DIAGNOSTICADO POR: RMA: MARQUEZ MARIANA Tel: 2115760000 - S/E 10/09/26 12:08:58  DIAGNOSTICO: FUERA DE SERVICIO/ SIN SERVICIO/  HERRAMIENTAS: NO SE APLICO HER,,,,PILAR FELICIA FLORES GONZALEZ,2222299312,,2026-09-10 11:50:06,DOWN,TUA - TULA,ITU0002FOC7 - 2,HGOATUA02081ITU0002F,,,,VSI,SERGIO BRUNO SEGUIN GONZALEZ
,12608448,2288207706,PENDIENTE,PARE SA,JALAPA,0,,BASICO,,,,FUERA DE SERVICIO (INT),En diagnostico por CENTRO ATN Y SERV. PUEBLA  DIAGNOSTICADO POR: TFA: FLORES PILAR FELICIA Tel: 2222222222 - S/E 10/09/26 12:00:48  DIAGNOSTICO: SIN SINCRONIA  HERRAMIENTAS: NO SE APLICO HER,,,,PILAR FELICIA FLORES GONZALEZ,2222299312,,2026-09-10 11:53:06,DOWN,SBR - SAN BRUNO,JAL2018FOB6 - 4,VERAJAL02052JAL2018F,,,,VSI,MARIA ISABEL MEDINA MAXIL
,12608456,7786882097,PENDIENTE,COMISION FEDERAL DE ELECTRICIDAD,PACHUCA,0,,BASICO,,,,FUERA DE SERVICIO,En diagnostico por CENTRO ATN Y SERV. CAFETALES  DIAGNOSTICADO POR: TFA: MARQUEZ MARIANA Tel: 2115760000 - S/E 10/09/26 12:11:38  DIAGNOSTICO: FUERA DE SERVICIO/ SIN SERVICIO  HERRAMIENTAS: NO SE APLICO HER,,,,MARIA LUISA RAMIREZ GARCIA,2222299332,,2026-09-10 11:53:06,DOWN,TUA - TULA,ITU0002FOC7 - 4,HGOATUA02081ITU0002F,,,,VSI,SERGIO BRUNO SEGUIN GONZALEZ
,12608468,7786882091,PENDIENTE,COMISION FEDERAL DE ELECTRICID,PACHUCA,0,,BASICO,,,,FUERA DE SERVICIO,En diagnostico por CENTRO ATN Y SERV. CAFETALES  DIAGNOSTICADO POR: RMA: MARQUEZ MARIANA Tel: 2115760000 - S/E 10/09/26 12:18:21  DIAGNOSTICO: FUERA DE SERVICIO/ SIN SERVICIO/  HERRAMIENTAS: NO SE APLICO HER,,,,LUIS ALBERTO SERRANO CAMARILLO,2222299350,,2026-09-10 11:54:06,DOWN,TUA - TULA,ITU0002FOC7 - 1,HGOATUA02081ITU0002F,,,,VSI,SERGIO BRUNO SEGUIN GONZALEZ
,12608473,9232373958,PENDIENTE,TELMEX,COATZACOALCOS,0,,BASICO,,,,DATOS,En diagnostico por CENTRO ATN Y SERV. PUEBLA  DIAGNOSTICADO POR: TFA: MARTINEZ PAUL Tel: 0000226262 - S/E 10/09/26 12:03:22  DIAGNOSTICO: HERRAMIENTAS: REACT-2000,,,,PAUL MARTINEZ CORDOVA,2222299345,,2026-09-10 12:00:06,DOWN,LCH - CENTRO LCH,LCH0018FOE8 - 5,VERALCH01014LCH0018F,,,,Infinitum Puro,MARIA MARTINA SILVIA JARAMILLO CORTEZ
,12608482,2288403399,VALIDAR,GRUPO MAQUILADOR DE XALAPA,JALAPA,0,,BASICO,,,,FUERA DE SERVICIO,En diagnostico por CENTRO ATN Y SERV. PUEBLA  DIAGNOSTICADO POR: TFA: MARTINEZ PAUL Tel: 0000226262 - S/E 10/09/26 12:05:52  DIAGNOSTICO: HERRAMIENTAS: REACT-2000,,,,PAUL MARTINEZ CORDOVA,2222299345,,2026-09-10 11:57:06,UP,CRI - CT CRISTAL,TJN0014FOA8 - 2,VERAJAL10228TJN0014F,,,,VSI,ADRIANA LEON GONZALEZ
,12608485,2288159512,VALIDAR,COMISION MUNICIPAL DE AGUA POTABLE Y ALCANTARILLADO DEL MUNI,JALAPA,0,,BASICO,,,,FUERA DE SERVICIO,En diagnostico por CENTRO ATN Y SERV. PUEBLA  DIAGNOSTICADO POR: TFA: SERRANO LUIS ALBERTO Tel: 0000026285 - S/E 10/09/26 12:29:56  DIAGNOSTICO: FALLA VOZ  HERRAMIENTAS: NO SE APLICO HER,,,,LUIS ALBERTO SERRANO CAMARILLO,2222299350,,2026-09-10 11:59:06,UP,CRI - CT CRISTAL,JAL0075FOA1 - 7,VERAJAL08047JAL0075F,,,,VSI,ELIZABETH HERNANDEZ CASTRO
,12608490,2288158579,VALIDAR,GRUPO MAQUILADOR DE XALAPA,JALAPA,0,,BASICO,,,,FUERA DE SERVICIO,En diagnostico por CENTRO ATN Y SERV. PUEBLA  DIAGNOSTICADO POR: TFA: RUIZ LUIS ENRIQUE Tel: 0123456789 - S/E 10/09/26 12:12:24  DIAGNOSTICO: N/N  HERRAMIENTAS: REACT-2000,,,,LUIS ENRIQUE RUIZ PEREZ,2222299334,,2026-09-10 11:59:06,UP,CRI - CT CRISTAL,TJN0014FOA8 - 3,VERAJAL10228TJN0014F,,,,VSI,ADRIANA LEON GONZALEZ
,12608492,7786882095,PENDIENTE,COMISION FEDERAL DE ELECTRICIDAD,PACHUCA,0,,BASICO,,,,FUERA DE SERVICIO,En diagnostico por CENTRO ATN Y SERV. CAFETALES  DIAGNOSTICADO POR: RMA: MARQUEZ MARIANA Tel: 2115760000 - S/E 10/09/26 12:20:07  DIAGNOSTICO: FUERA DE SERVICIO/ SIN SERVICIO/  HERRAMIENTAS: NO SE APLICO HER,,,,PAUL MARTINEZ CORDOVA,2222299345,,2026-09-10 11:57:06,DOWN,TUA - TULA,ITU0002FOC7 - 3,HGOATUA02081ITU0002F,,,,VSI,SERGIO BRUNO SEGUIN GONZALEZ
,12608496,2717126229,PENDIENTE,RADIOMOVIL DIPSA,CORDOBA,0,,BASICO,"AVE 2 909, CENTRO CORDOBA CLL 9 CLL 11 CP: 94500 CORDOBA CP:94500",VE,,DATOS,PEXT PENDIENTE - FAVOR DE ATENDER REPORTE,,,,MARIA LUISA RAMIREZ GARCIA,2222299332,,2026-09-10 12:01:06,DOWN,PEU - PE¦UELA,COB0018FOA3 - 6,VERACOB04056COB0018F,,,,VSI,JUDITH DIAZ LOZANO
,12608504,7737320459,PENDIENTE,COMISION FEDERAL DE ELECTRICIDAD,PACHUCA,0,,BASICO,DOMICILIO CONOCIDO TULA HGO TULA PACHUCA CP:42800,HG,,FUERA DE SERVICIO,En diagnostico por CENTRO ATN Y SERV. CAFETALES  DIAGNOSTICADO POR: RMA: MARQUEZ MARIANA Tel: 2115760000 - S/E 10/09/26 12:22:00  DIAGNOSTICO: FUERA DE SERVICIO/ SIN SERVICIO/  HERRAMIENTAS: NO SE APLICO HER,,,,MARIA LUISA RAMIREZ GARCIA,2222299332,,2026-09-10 11:59:06,DOWN,TUA - TULA,ITU0002FOC7 - 8,HGOATUA02081ITU0002F,,,,VSI,SERGIO BRUNO SEGUIN GONZALEZ
,12608505,2828253745,PENDIENTE,CAJA YANGA,JALAPA,0,,BASICO,AVE HUMBOLDT NTE 4 COL. CENTRO PEROTE VE 54275 ENTRE MADERO Y FRANCISCO I. MADERO,VERACRUZ,,FUERA DE SERVICIO (INT),En diagnostico por CENTRO ATN Y SERV. PUEBLA  DIAGNOSTICADO POR: TFA: SERRANO LUIS ALBERTO Tel: 0000026285 - S/E 10/09/26 12:40:50  DIAGNOSTICO: SIN SERVICIO  HERRAMIENTAS: NO SE APLICO HER,,,,LUIS ALBERTO SERRANO CAMARILLO,2222299350,,2026-09-10 12:01:06,DOWN,SBR - SAN BRUNO,PEO2001FOF6 - 7,VERHPEO01044PEO2001F,,,,VSI,MARIA ISABEL MEDINA MAXIL
,12608512,7828220444,VALIDAR,PETROLEOS MEXICANOS,POZA RICA,0,,BASICO,,,,VOZ,En diagnostico por CENTRO ATN Y SERV. CAFETALES  DIAGNOSTICADO POR: RMA: MARQUEZ MARIANA Tel: 2115760000 - S/E 10/09/26 12:25:15  DIAGNOSTICO: VOZ/ GRABACION/ GRABACION DE DESCOLGADO  HERRAMIENTAS: NO SE APLICO HER,,,,LUIS ENRIQUE RUIZ PEREZ,2222299334,,2026-09-10 12:03:06,UP,POZ - POZA RICA,POZ0039FOA2 - 2,VERHPOZ02006POZ0039F,,,,VSI,RICARDO PEREZ MEZA
,12608515,2416885407,VALIDAR,COMBUSTIBLES MALDONADO OLVERA SA DE CV,TLAXCALA,0,,BASICO,,,,FUERA DE SERVICIO,En diagnostico por CENTRO ATN Y SERV. PUEBLA  DIAGNOSTICADO POR: TFA: MARTINEZ PAUL Tel: 0000226262 - S/E 10/09/26 12:09:43  DIAGNOSTICO: HERRAMIENTAS: REACT-2000,,,,PAUL MARTINEZ CORDOVA,2222299345,,2026-09-10 12:02:06,UP,API - CT APIZACO,API0101FOF7 - 8,TLAHAPI03070API0101F,,,,INFINITUM SIMETRICO,ADRIANA LEON GONZALEZ
,12608524,2828253761,PENDIENTE,CAJA YANGA,JALAPA,0,,BASICO,,,,VOZ,En diagnostico por CENTRO ATN Y SERV. PUEBLA  DIAGNOSTICADO POR: TFA: FLORES PILAR FELICIA Tel: 2222222222 - S/E 10/09/26 12:25:18  DIAGNOSTICO: SIN SINCRONIA  HERRAMIENTAS: NO SE APLICO HER,,,,PILAR FELICIA FLORES GONZALEZ,2222299312,,2026-09-10 12:02:06,DOWN,SBR - SAN BRUNO,PEO2001FOF6 - 4,VERHPEO01044PEO2001F,,,,VSI,MARIA ISABEL MEDINA MAXIL
,12608534,2288140115,VALIDAR,COMISION MUNICIPAL DE AGUA POTABLE Y SANEAMIENTO DE XALAPA,JALAPA,0,,BASICO,,,2288140115,FUERA DE SERVICIO,En diagnostico por CENTRO ATN Y SERV. PUEBLA  DIAGNOSTICADO POR: TFA: RUIZ LUIS ENRIQUE Tel: 0123456789 - S/E 10/09/26 12:19:08  DIAGNOSTICO: S/S  HERRAMIENTAS: REACT-2000,,,,LUIS ENRIQUE RUIZ PEREZ,2222299334,,2026-09-10 12:04:06,UP,CRI - CT CRISTAL,JAL0075FOA5 - 8,VERAJAL08047JAL0075F,,,,VSI,ELIZABETH HERNANDEZ CASTRO
,12608546,2288158528,PENDIENTE,COMISION MUNICIPAL DE AGUA POTABLE,JALAPA,0,,BASICO,,,,FUERA DE SERVICIO,En diagnostico por CENTRO ATN Y SERV. PUEBLA  DIAGNOSTICADO POR: TFA: MARTINEZ PAUL Tel: 0000226262 - S/E 10/09/26 12:15:09  DIAGNOSTICO: HERRAMIENTAS: REACT-2000,,,,PAUL MARTINEZ CORDOVA,2222299345,,2026-09-10 12:09:06,DOWN,CRI - CT CRISTAL,JAL0075FOA3 - 2,VERAJAL08047JAL0075F,,,,VSI,ELIZABETH HERNANDEZ CASTRO
,12608550,2856882696,PENDIENTE,BOTICAS DOÑA JOSEFA,VERACRUZ,0,,BASICO,,,,DATOS,En diagnostico por CENTRO ATN Y SERV. PUEBLA  DIAGNOSTICADO POR: TFA: RUIZ LUIS ENRIQUE Tel: 0123456789 - S/E 10/09/26 12:32:02  DIAGNOSTICO: S/S  HERRAMIENTAS: REACT-2000,,,,LUIS ENRIQUE RUIZ PEREZ,2222299334,,2026-09-10 12:12:06,DOWN,LER - CT LERDO,PJL0001FOG3 - 3,VERHFRM02167PJL0001F,,,,VSI,ADRIANA LEON GONZALEZ
,12608552,CB6-2304-0030,,GAS DEL ATLANTICO,JALAPA,0,TUZAMAPAN DE GALEANA,ENLACES,Ctra XALAPA CORDOBA KM 1.5 COL COATEPEC CENTRO C.P 91500,COATEPEC,,FUERA DE SERVICIO,,,,,CECILIA VIDAL LOZADA,2222299339,,2026-09-10 12:10:06,,,,,,,,,PUEBLA OPERADORA TRANS
,12608560,2414177550,VALIDAR,COMBUSTIBLES MALDONADO OLVERA,TLAXCALA,0,,BASICO,CRR MEXICO VERACRUZ KM 122 SAN ISIDRO APIZACO TLAX APIZACO TLAX CP:90406,TL,,DATOS,En diagnostico por CENTRO ATN Y SERV. PUEBLA  DIAGNOSTICADO POR: TFA: SERRANO LUIS ALBERTO Tel: 0000026285 - S/E 10/09/26 12:50:39  DIAGNOSTICO: LENTITUD EN DATOS  HERRAMIENTAS: NO SE APLICO HER,,,,LUIS ALBERTO SERRANO CAMARILLO,2222299350,,2026-09-10 12:12:06,UP,API - CT APIZACO,API0101FOA2 - 3,TLAHAPI01047API0101F,,,,VSI,PUEBLA OPERADORA TRANS
,12608576,7786880160,"CLIENTE MOLESTO, FAVOR DE ASEGURAR LA ATENCIÓN DEL SERVICIO.",SCANIA COMERCIAL SA DE CV,PACHUCA,0,,BASICO,,,,FUERA DE SERVICIO (INT),En diagnostico por CENTRO ATN Y SERV. PUEBLA  DIAGNOSTICADO POR: TFA: FLORES PILAR FELICIA Tel: 2222222222 - S/E 10/09/26 12:27:33  DIAGNOSTICO: SIN SINCRONIA  HERRAMIENTAS: NO SE APLICO HER,,,,PILAR FELICIA FLORES GONZALEZ,2222299312,,2026-09-10 12:14:06,DOWN,TUA - TULA,ITU0002FOC2 - 5,HGOATUA02081ITU0002F,,,,VSI,MARIA ISABEL MEDINA MAXIL
,12608579,2288905439,PENDIENTE,COMISION MUNICIPAL DE AGUA POTABLE Y SANEAMIENTO DE XALAPA V,JALAPA,0,,BASICO,AVE FRANCISCO JAVIER CLAVIJERO CENTRO XALAPA CLL HEROICO COLEGIO MILITAR CL JALAPA ENRIQUEZ CP:91000,VE,,FUERA DE SERVICIO,En diagnostico por CENTRO ATN Y SERV. PUEBLA  DIAGNOSTICADO POR: TFA: MARTINEZ PAUL Tel: 0000226262 - S/E 10/09/26 12:25:04  DIAGNOSTICO: HERRAMIENTAS: REACT-2000,,,,PAUL MARTINEZ CORDOVA,2222299345,,2026-09-10 12:16:06,DOWN,CRI - CT CRISTAL,JAL0075FOA3 - 3,VERAJAL08047JAL0075F,,,,VSI,ELIZABETH HERNANDEZ CASTRO
,12608591,2221443565,PENDIENTE,HUGO BOSS MEXICO,PUEBLA,0,,BASICO,"AUT FEDERAL MEXICO PUEBLA 115, LOCAL Q4B SAN FRANCISCO OCOTLAN PUE CP: HEROICA PUEBLA DE ZA CP:72680",PU,ME,FUERA DE SERVICIO,PEXT PENDIENTE - FAVOR DE ATENDER REPORTE,,,,MARIA LUISA RAMIREZ GARCIA,2222299332,,2026-09-10 12:17:06,DOWN,SNP - SAN PEDRO,OPN2000FOA3 - 7,PUEHLPA03126OPN2000F,,,,VSI,MARIA ISABEL MEDINA MAXIL
,12608594,2299271021,PENDIENTE,TIENDAS CHEDRAUI S.A. DE C.V.,VERACRUZ,0,,BASICO,,,,DATOS,En diagnostico por CENTRO ATN Y SERV. CAFETALES  DIAGNOSTICADO POR: RMA: MARQUEZ MARIANA Tel: 2115760000 - S/E 10/09/26 12:47:22  DIAGNOSTICO: DATOS/ NO ACCESA A INTERNET/  HERRAMIENTAS: NO SE APLICO HER,,,,PAUL MARTINEZ CORDOVA,2222299345,,2026-09-10 12:19:06,DOWN,MOA - MOCAMBO,MOA2003FOC5 - 4,VERAMOA03042MOA2003F,,,,VSI,MARTHA CHAVARRIA MARTINEZ
,12608595,2286884608,VALIDAR,COMISION MUNICIPAL DE AGUA POTABLE Y SANEAMIENTO DE XALAPA V,JALAPA,0,,BASICO,AVE FRANCISCO JAVIER CLAVIJERO CENTRO XALAPA CLL HEROICO COLEGIO MILITAR CL JALAPA ENRIQUEZ CP:91000,VE,,DATOS,En diagnostico por CENTRO ATN Y SERV. PUEBLA  DIAGNOSTICADO POR: TFA: FLORES PILAR FELICIA Tel: 2222222222 - S/E 10/09/26 12:32:45  DIAGNOSTICO: SIN SINCRONIA  HERRAMIENTAS: NO SE APLICO HER,,,,PILAR FELICIA FLORES GONZALEZ,2222299312,,2026-09-10 12:20:06,UP,CRI - CT CRISTAL,JAL0075FOA2 - 2,VERAJAL08047JAL0075F,,,,VSI,ELIZABETH HERNANDEZ CASTRO
,12608600,2224194832,PENDIENTE,HUGO BOSS MEXICO,PUEBLA,0,,BASICO,"CLL MEXICO PUEBLA 115, INTERIOR Q 4B SAN FRANCISCO OCOTLAN SSC CP: SAN FRANCISCO OCOTLA CP:72846",PU,,FUERA DE SERVICIO,En diagnostico por CENTRO ATN Y SERV. PUEBLA  DIAGNOSTICADO POR: TFA: RUIZ LUIS ENRIQUE Tel: 0123456789 - S/E 10/09/26 12:45:06  DIAGNOSTICO: S/S  HERRAMIENTAS: REACT-2000,,,,LUIS ENRIQUE RUIZ PEREZ,2222299334,,2026-09-10 12:18:06,DOWN,CHO - CT CHOLULA,OPN2000FOA2 - 7,PUEHLPA03126OPN2000F,,,,VSI,MARIA ISABEL MEDINA MAXIL
,12608620,9232370709,VALIDAR,DIR GRAL DE SEG PUB DEL E,COATZACOALCOS,0,,BASICO,CRT PRODUCCION 0 COL. J MARIO ROSADO 1A SECCION LAS CHOAPAS VE C.P. 96980,VERACRUZ,,DATOS,En diagnostico por CENTRO ATN Y SERV. PUEBLA  DIAGNOSTICADO POR: TFA: SERRANO LUIS ALBERTO Tel: 0000026285 - S/E 10/09/26 12:53:39  DIAGNOSTICO: MODEM DAÑADO  HERRAMIENTAS: NO SE APLICO HER,,,,LUIS ALBERTO SERRANO CAMARILLO,2222299350,,2026-09-10 12:26:06,UP,LCH - CENTRO LCH,LCH0032FOB3 - 8,VERALCH01036LCH0032F,,,,VSI,JUDITH DIAZ LOZANO
,12608636,7437411940,PENDIENTE,H. AYUNTAMIENTO,PACHUCA,0,,BASICO,"CLL PLAZA PRINCIPAL 0 COL. ZEMPOALA ZEMPOALA, HGO. HG C.P. 43838",HIDALGO,,FUERA DE SERVICIO,En diagnostico por CENTRO ATN Y SERV. PUEBLA  DIAGNOSTICADO POR: TFA: FLORES PILAR FELICIA Tel: 2222222222 - S/E 10/09/26 12:34:42  DIAGNOSTICO: SIN SINCRONIA  HERRAMIENTAS: NO SE APLICO HER,,,,PILAR FELICIA FLORES GONZALEZ,2222299312,,2026-09-10 12:28:06,DOWN,PAC - PACHUCA,ZOA0001FOC2 - 7,HGOAZOA01003ZOA0001F,,,,,ADRIANA LEON GONZALEZ
,12608657,2222113907,PENDIENTE,NUEVA WAL MART DE MEXICO,PUEBLA,0,,BASICO,AV 23 PONIENTE NUM 2502 VOLCANES H PUEBLA DE ZARAGOZA PUEBLA,,,FUERA DE SERVICIO (INT),En diagnostico por CENTRO ATN Y SERV. CAFETALES  DIAGNOSTICADO POR: TFA: MARQUEZ MARIANA Tel: 2115760000 - S/E 10/09/26 12:58:18  DIAGNOSTICO: FUERA DE SERVICIO (INT)/ /  HERRAMIENTAS: NO SE APLICO HER,,,,LUIS ALBERTO SERRANO CAMARILLO,2222299350,,2026-09-10 12:33:06,DOWN,AQU - CT AQUILES SERDAN,INS0134FOA5 - 2,PUEAINS07107INS0134F,,,,VSI,SERGIO BRUNO SEGUIN GONZALEZ
,12608672,7747450049,PENDIENTE,COOVE FARMACEUTICA,PACHUCA,0,,BASICO,AV JUAREZ 17 MOLANGO HGO MOLANGO PACHUCA CP:43100,HG,,DATOS,En diagnostico por CENTRO ATN Y SERV. PUEBLA  DIAGNOSTICADO POR: TFA: MARTINEZ PAUL Tel: 0000226262 - S/E 10/09/26 12:51:36  DIAGNOSTICO: HERRAMIENTAS: REACT-2000,,,,PAUL MARTINEZ CORDOVA,2222299345,,2026-09-10 12:39:06,DOWN,PAC - PACHUCA,MOL0001FOF7 - 4,HGOAMOL01007MOL0001F,,,,VSI,JUDITH DIAZ LOZANO
,12608673,2313130921,PENDIENTE,SICOM RADIO 90 9FM XHTEZ,JALAPA,0,,BASICO,,,,FUERA DE SERVICIO,En diagnostico por CENTRO ATN Y SERV. PUEBLA  DIAGNOSTICADO POR: TFA: SERRANO LUIS ALBERTO Tel: 0000026285 - S/E 10/09/26 12:56:36  DIAGNOSTICO: SIN ACCESO A DATOS  HERRAMIENTAS: NO SE APLICO HER,,,,LUIS ALBERTO SERRANO CAMARILLO,2222299350,,2026-09-10 12:38:06,DOWN,TEZ - TEZIUTLAN,MIA0022FOA7 - 8,PUEAMIA01035MIA0022F,,,,VSI,ADRIANA LEON GONZALEZ
,12608674,7617820360,PENDIENTE,QUALITAS CIA DESEGUROS S A CV,PACHUCA,0,,BASICO,,,,FUERA DE SERVICIO,En diagnostico por CENTRO ATN Y SERV. PUEBLA  DIAGNOSTICADO POR: TFA: RUIZ LUIS ENRIQUE Tel: 0123456789 - S/E 10/09/26 12:51:38  DIAGNOSTICO: S/S  HERRAMIENTAS: REACT-2000,,,,CLAUDIA CASTRO SANCHEZ,2222299352,,2026-09-10 12:37:06,DOWN,TUA - TULA,HUN0001FOD3 - 1,,,,,,ELIZABETH HERNANDEZ CASTRO
,12608678,2727256116,PENDIENTE,COLEGIO EDUCATIVO GUILLAUMIN,CORDOBA,0,,BASICO,,,,FUERA DE SERVICIO,PEXT PENDIENTE - FAVOR DE ATENDER REPORTE,,,,MARIA LUISA RAMIREZ GARCIA,2222299332,,2026-09-10 12:37:06,DOWN,ORI - ORIZABA,ORI0141FOB1 - 3,VERHORI01061ORI0141F,,,,VSI,GABRIELA ENCINAS CASTRO
,12608689,2288433593,PENDIENTE,SERVICIOS DE SALUD DE VERACRUZ,JALAPA,0,,BASICO,CLL AGUASCALIENTES 100 COL. AGUACATAL JALAPA ENRIQUEZ VE C.P. 91133 ENTRE ESQ CLL SALTILLO y,VERACRUZ,CRI-CT CRISTAL,FUERA DE SERVICIO,En diagnostico por CENTRO ATN Y SERV. PUEBLA  DIAGNOSTICADO POR: TFA: FLORES PILAR FELICIA Tel: 2222222222 - S/E 10/09/26 12:48:07  DIAGNOSTICO: HERRAMIENTAS: NO SE APLICO HER,,,,PILAR FELICIA FLORES GONZALEZ,2222299312,,2026-09-10 12:38:06,DOWN,CRI - CT CRISTAL,AME0132FOB2 - 4,VERAAME03043AME0132F,,,,VSI,PUEBLA OPERADORA TRANS
,12608690,2313132973,PENDIENTE,SICOM RADIO 90 9FM XHTEZ,JALAPA,0,,BASICO,,,,FUERA DE SERVICIO,,,,,MARIA LUISA RAMIREZ GARCIA,2222299332,,2026-09-10 12:40:06,DOWN,TEZ - TEZIUTLAN,MIA0022FOA7 - 3,PUEAMIA01035MIA0022F,,,,VSI,ADRIANA LEON GONZALEZ
,12608694,2222305961,PENDIENTE,GRUPO SECURITASSA DE CV,PUEBLA,0,,BASICO,,,,FUERA DE SERVICIO (INT),En diagnostico por CENTRO ATN Y SERV. PUEBLA  DIAGNOSTICADO POR: TFA: RUIZ LUIS ENRIQUE Tel: 0123456789 - S/E 10/09/26 12:55:46  DIAGNOSTICO: S/S  HERRAMIENTAS: REACT-2000,,,,LUIS ENRIQUE RUIZ PEREZ,2222299334,,2026-09-10 12:42:06,DOWN,SNP - SAN PEDRO,LPA0011FOB6 - 2,PUEHLPA01085LPA0011F,,,,VSI,MARIA ISABEL MEDINA MAXIL
,12608702,2222305976,PENDIENTE,GRUPO SECURITASSA DE CV,PUEBLA,0,,BASICO,,,,FUERA DE SERVICIO (INT),En diagnostico por CENTRO ATN Y SERV. PUEBLA  DIAGNOSTICADO POR: TFA: SERRANO LUIS ALBERTO Tel: 0000026285 - S/E 10/09/26 12:58:21  DIAGNOSTICO: SIN SERVICIO  HERRAMIENTAS: NO SE APLICO HER,,,,LUIS ALBERTO SERRANO CAMARILLO,2222299350,,2026-09-10 12:42:06,DOWN,SNP - SAN PEDRO,LPA0012FOC7 - 4,PUEHLPA01056LPA0012F,,,,VSI,MARIA ISABEL MEDINA MAXIL
,12608725,2411130446,PENDIENTE,LIDERAZGO AUTOMOTRIZ DE PUE SA DE CV,TLAXCALA,0,,BASICO,,,,DATOS,,,,,PILAR FELICIA FLORES GONZALEZ,2222299312,,2026-09-10 12:47:06,DOWN,API - CT APIZACO,API0032FOA1 - 3,TLAHAPI01038API0032F,,,,VSI,JUDITH DIAZ LOZANO
,12608738,C04-2604-0249,PENDIENTE,INSTITUTO MEXICANO DEL SEGURO SOCIAL,JALAPA,0,,ENLACES,Clle JUAREZ S N PBLO TUZAMAPAN C.P 91610,COATEPEC,,FUERA DE SERVICIO,,,,,DANIEL CHRISTIAN VIDAL LOZADA,2222299342,,2026-09-10 12:48:06,DOWN,,,,,,,,PUEBLA OPERADORA TRANS
,12608749,CB2-2108-0186,VALIDAR,"BBVA MEXICO, S.A., INSTITUCION DE BANCA MULTIPLE, GRUPO FINA",TLAXCALA,0,AMAXAC DE GUERRERO,ENLACES,Av DEL TRABAJO S/N PB PBLO SANTA CRUZ TLAXCALA C.P 90640,SANTA CRUZ TLAXCALA,,FUERA DE SERVICIO,,,,,JUAN CARLOS GUTIERREZ DIAZ,2222299355,,2026-09-10 12:50:06,UP,,,,,,,,PUEBLA OPERADORA TRANS
,12608765,2222488930,PENDIENTE,FIRST LAB AC,PUEBLA,0,,BASICO,,,,FUERA DE SERVICIO (INT),,,,,MARIA LUISA RAMIREZ GARCIA,2222299332,,2026-09-10 12:55:06,DOWN,SNP - SAN PEDRO,LPA0011FOB4 - 6,PUEHLPA01085LPA0011F,,,,VSI,MARIA ISABEL MEDINA MAXIL
,12608776,2222480975,PENDIENTE,FIRST LAB AC,PUEBLA,0,,BASICO,,,,FUERA DE SERVICIO (INT),,,,,LUIS ENRIQUE RUIZ PEREZ,2222299334,,2026-09-10 12:56:06,DOWN,SNP - SAN PEDRO,LPA0011FOC3 - 3,PUEHLPA03127LPA0011F,,,,VSI,MARIA ISABEL MEDINA MAXIL
,12608782,2221290448,,40 SIN DESCRIPCION,PUEBLA,0,,BASICO,,,,DATOS,,,,,,---,,2026-09-10 13:01:06,,,,,,,,,MARIA MARTINA SILVIA JARAMILLO CORTEZ
,12608783,2222686095,PENDIENTE,INST VERACRUZANO DE CULTURA,PUEBLA,0,,BASICO,,,,FUERA DE SERVICIO,,,,,,---,,2026-09-10 13:00:06,DOWN,SNP - SAN PEDRO,AJM0004FOC1 - 6,PUEALPA06099AJM0004F,,,,VSI,ELIZABETH HERNANDEZ CASTRO
,12608787,9212104217,PENDIENTE,FUNDACION RAFAEL DONDE I A P,COATZACOALCOS,0,,BASICO,AVE UNIVERSIDAD 41 COL. SANTA ISABEL COATZACOALCOS VE C.P. 42180,VERACRUZ,,FUERA DE SERVICIO,,,,,,---,,2026-09-10 12:58:06,DOWN,COZ - CT COATZACOALCOS,SIB0024FOA3 - 8,VERHGVA02146SIB0024F,,,,VSI,PUEBLA OPERADORA TRANS
,12608799,7919136055,,SERVICIOS DE SALUD DE HIDALGO,PACHUCA,0,,BASICO,NI OS HEROES NUM 2 ESQ FRANCISCO JUAREZ COL CENTRO TLANALAPA CP:43930,HG,,DATOS,,,,,,---,,2026-09-10 13:05:06,,,,,,,,,ADRIANA LEON GONZALEZ
,12608811,CB2-2107-0663,,"BBVA MEXICO, S.A., INSTITUCION DE BANCA MULTIPLE, GRUPO FINA",VERACRUZ,0,CIUDAD CARDEL,ENLACES,Clle YUCATAN 60 S/N CONG EL MODELO C.P 91685,ANTIGUA VERACRUZ LA,,ASISTENCIA A PRUEBAS,,,,,,---,,2026-09-10 13:05:06,UP,,,,,,,,PUEBLA OPERADORA TRANS
,12608819,2222302963,,TUBOS Y CAJAS DE CARTON OCT SA DE CV,PUEBLA,0,,BASICO,,,,FUERA DE SERVICIO,,,,,,---,,2026-09-10 13:09:06,,,,,,,,,JUDITH DIAZ LOZANO
,12608823,2454522827,VALIDAR,FIRST CASH SA DE CV*,TLAXCALA,0,,BASICO,,,,VOZ,,,,,,---,,2026-09-10 13:11:06,,,,,,,,,MARIA ISABEL MEDINA MAXIL
